day,stakeholder_id,name,requested,comfortable_threshold,critical_threshold,allocated,allocated_from_authority,allocated_from_trades,satisfaction,shortfall_comfortable,critical_failure,severity_today,rounds_today,imposed_today,cooperated,objected,supply,total_allocated,peak_temp_c,ruling_text,cascade_increase,run_id,condition,seed
1,hospital,Hospital / Healthcare Services,150.0,132.0,97.5,150.0,150.0,0.0,1.0,0.0,False,False,0,False,False,False,1000.0,1000.0,34.0,"Given today’s severe shortage and high heat, we allocated water strictly by our standard priority order to protect life, public health, and essential services first, while keeping every sector at or above its comfortable operating threshold. The result reflects a conservative, reliability-focused distribution intended to maintain basic household use, preserve critical care capacity, and support the most necessary economic, agricultural, energy, and environmental functions without forcing any stakeholder below acceptable service levels.

No stakeholder made any voluntary reduction or trade in today’s allocation process.",0.0,no_cascade_seed0,no_cascade,0
1,households,Households,400.0,312.0,220.0,365.0,365.0,0.0,0.912,0.0,False,False,0,False,False,False,1000.0,1000.0,34.0,"Given today’s severe shortage and high heat, we allocated water strictly by our standard priority order to protect life, public health, and essential services first, while keeping every sector at or above its comfortable operating threshold. The result reflects a conservative, reliability-focused distribution intended to maintain basic household use, preserve critical care capacity, and support the most necessary economic, agricultural, energy, and environmental functions without forcing any stakeholder below acceptable service levels.

No stakeholder made any voluntary reduction or trade in today’s allocation process.",0.0,no_cascade_seed0,no_cascade,0
1,agriculture,Agriculture,250.0,180.0,120.0,208.1,208.1,0.0,0.832,0.0,False,False,0,False,False,False,1000.0,1000.0,34.0,"Given today’s severe shortage and high heat, we allocated water strictly by our standard priority order to protect life, public health, and essential services first, while keeping every sector at or above its comfortable operating threshold. The result reflects a conservative, reliability-focused distribution intended to maintain basic household use, preserve critical care capacity, and support the most necessary economic, agricultural, energy, and environmental functions without forcing any stakeholder below acceptable service levels.

No stakeholder made any voluntary reduction or trade in today’s allocation process.",0.0,no_cascade_seed0,no_cascade,0
1,industry,Industry / Businesses,150.0,112.5,78.0,120.0,120.0,0.0,0.8,0.0,False,False,0,False,False,False,1000.0,1000.0,34.0,"Given today’s severe shortage and high heat, we allocated water strictly by our standard priority order to protect life, public health, and essential services first, while keeping every sector at or above its comfortable operating threshold. The result reflects a conservative, reliability-focused distribution intended to maintain basic household use, preserve critical care capacity, and support the most necessary economic, agricultural, energy, and environmental functions without forcing any stakeholder below acceptable service levels.

No stakeholder made any voluntary reduction or trade in today’s allocation process.",0.0,no_cascade_seed0,no_cascade,0
1,energy_utility,Energy Utility,100.0,90.0,68.0,98.1,98.1,0.0,0.981,0.0,False,False,0,False,False,False,1000.0,1000.0,34.0,"Given today’s severe shortage and high heat, we allocated water strictly by our standard priority order to protect life, public health, and essential services first, while keeping every sector at or above its comfortable operating threshold. The result reflects a conservative, reliability-focused distribution intended to maintain basic household use, preserve critical care capacity, and support the most necessary economic, agricultural, energy, and environmental functions without forcing any stakeholder below acceptable service levels.

No stakeholder made any voluntary reduction or trade in today’s allocation process.",0.0,no_cascade_seed0,no_cascade,0
1,epa,Environmental Protection Agency,80.0,49.6,30.4,58.8,58.8,0.0,0.735,0.0,False,False,0,False,False,False,1000.0,1000.0,34.0,"Given today’s severe shortage and high heat, we allocated water strictly by our standard priority order to protect life, public health, and essential services first, while keeping every sector at or above its comfortable operating threshold. The result reflects a conservative, reliability-focused distribution intended to maintain basic household use, preserve critical care capacity, and support the most necessary economic, agricultural, energy, and environmental functions without forcing any stakeholder below acceptable service levels.

No stakeholder made any voluntary reduction or trade in today’s allocation process.",0.0,no_cascade_seed0,no_cascade,0
2,hospital,Hospital / Healthcare Services,153.0,134.6,99.5,134.6,134.6,0.0,0.88,0.0,False,True,2,True,True,False,900.0,900.0,37.0,"Today’s allocation was set to protect life, public health, and critical system stability first under severe heat and shortage conditions, while still preserving essential farm operations, industrial continuity, energy reliability, and the legally required environmental minimum. We note the constructive, good-faith cooperation shown by Agriculture and the Environmental Protection Agency in seeking workable adjustments under pressure; that willingness to trade and accept restraint in a crisis will be weighed favorably in future allocation decisions.",0.0,no_cascade_seed0,no_cascade,0
2,households,Households,412.0,321.4,226.6,301.4,321.4,-20.0,0.78,0.0,False,True,2,True,True,False,900.0,900.0,37.0,"Today’s allocation was set to protect life, public health, and critical system stability first under severe heat and shortage conditions, while still preserving essential farm operations, industrial continuity, energy reliability, and the legally required environmental minimum. We note the constructive, good-faith cooperation shown by Agriculture and the Environmental Protection Agency in seeking workable adjustments under pressure; that willingness to trade and accept restraint in a crisis will be weighed favorably in future allocation decisions.",0.0,no_cascade_seed0,no_cascade,0
2,agriculture,Agriculture,262.0,189.0,126.0,209.0,189.0,20.0,0.721,0.0,False,True,2,True,True,False,900.0,900.0,37.0,"Today’s allocation was set to protect life, public health, and critical system stability first under severe heat and shortage conditions, while still preserving essential farm operations, industrial continuity, energy reliability, and the legally required environmental minimum. We note the constructive, good-faith cooperation shown by Agriculture and the Environmental Protection Agency in seeking workable adjustments under pressure; that willingness to trade and accept restraint in a crisis will be weighed favorably in future allocation decisions.",0.0,no_cascade_seed0,no_cascade,0
2,industry,Industry / Businesses,150.0,112.5,78.0,111.8,111.8,0.0,0.745,0.7,False,True,2,True,False,True,900.0,900.0,37.0,"Today’s allocation was set to protect life, public health, and critical system stability first under severe heat and shortage conditions, while still preserving essential farm operations, industrial continuity, energy reliability, and the legally required environmental minimum. We note the constructive, good-faith cooperation shown by Agriculture and the Environmental Protection Agency in seeking workable adjustments under pressure; that willingness to trade and accept restraint in a crisis will be weighed favorably in future allocation decisions.",0.0,no_cascade_seed0,no_cascade,0
2,energy_utility,Energy Utility,104.0,93.6,70.7,83.6,93.6,-10.0,0.9,0.0,False,True,2,True,True,False,900.0,900.0,37.0,"Today’s allocation was set to protect life, public health, and critical system stability first under severe heat and shortage conditions, while still preserving essential farm operations, industrial continuity, energy reliability, and the legally required environmental minimum. We note the constructive, good-faith cooperation shown by Agriculture and the Environmental Protection Agency in seeking workable adjustments under pressure; that willingness to trade and accept restraint in a crisis will be weighed favorably in future allocation decisions.",0.0,no_cascade_seed0,no_cascade,0
2,epa,Environmental Protection Agency,80.0,49.6,30.4,59.6,49.6,10.0,0.62,0.0,False,True,2,True,True,False,900.0,900.0,37.0,"Today’s allocation was set to protect life, public health, and critical system stability first under severe heat and shortage conditions, while still preserving essential farm operations, industrial continuity, energy reliability, and the legally required environmental minimum. We note the constructive, good-faith cooperation shown by Agriculture and the Environmental Protection Agency in seeking workable adjustments under pressure; that willingness to trade and accept restraint in a crisis will be weighed favorably in future allocation decisions.",0.0,no_cascade_seed0,no_cascade,0
3,hospital,Hospital / Healthcare Services,156.0,137.3,101.4,137.3,137.3,0.0,0.88,0.0,False,True,2,True,True,False,800.0,800.0,40.0,"Today’s allocation was set to protect essential human health and public safety first, given the extreme 40°C conditions and the severe supply shortfall. We prioritized drinking water, hygiene, and basic cooling for households and healthcare, while requiring larger sacrifices from sectors with more flexibility, and we limited non-essential industrial use to preserve critical services and prevent visible hardship.

We note that households engaged constructively and accepted that any reduction must not compromise basic survival needs; that good-faith cooperation will be weighed favorably in future allocation decisions.",0.0,no_cascade_seed0,no_cascade,0
3,households,Households,424.0,330.7,233.2,370.7,330.7,40.0,0.78,0.0,False,True,2,True,True,False,800.0,800.0,40.0,"Today’s allocation was set to protect essential human health and public safety first, given the extreme 40°C conditions and the severe supply shortfall. We prioritized drinking water, hygiene, and basic cooling for households and healthcare, while requiring larger sacrifices from sectors with more flexibility, and we limited non-essential industrial use to preserve critical services and prevent visible hardship.

We note that households engaged constructively and accepted that any reduction must not compromise basic survival needs; that good-faith cooperation will be weighed favorably in future allocation decisions.",0.0,no_cascade_seed0,no_cascade,0
3,agriculture,Agriculture,275.0,198.0,132.0,158.0,198.0,-40.0,0.72,0.0,False,True,2,True,False,True,800.0,800.0,40.0,"Today’s allocation was set to protect essential human health and public safety first, given the extreme 40°C conditions and the severe supply shortfall. We prioritized drinking water, hygiene, and basic cooling for households and healthcare, while requiring larger sacrifices from sectors with more flexibility, and we limited non-essential industrial use to preserve critical services and prevent visible hardship.

We note that households engaged constructively and accepted that any reduction must not compromise basic survival needs; that good-faith cooperation will be weighed favorably in future allocation decisions.",0.0,no_cascade_seed0,no_cascade,0
3,industry,Industry / Businesses,120.0,112.5,78.0,0.0,0.0,0.0,0.0,112.5,True,True,2,True,False,True,800.0,800.0,40.0,"Today’s allocation was set to protect essential human health and public safety first, given the extreme 40°C conditions and the severe supply shortfall. We prioritized drinking water, hygiene, and basic cooling for households and healthcare, while requiring larger sacrifices from sectors with more flexibility, and we limited non-essential industrial use to preserve critical services and prevent visible hardship.

We note that households engaged constructively and accepted that any reduction must not compromise basic survival needs; that good-faith cooperation will be weighed favorably in future allocation decisions.",0.0,no_cascade_seed0,no_cascade,0
3,energy_utility,Energy Utility,108.0,97.2,73.4,97.2,97.2,0.0,0.9,0.0,False,True,2,True,True,False,800.0,800.0,40.0,"Today’s allocation was set to protect essential human health and public safety first, given the extreme 40°C conditions and the severe supply shortfall. We prioritized drinking water, hygiene, and basic cooling for households and healthcare, while requiring larger sacrifices from sectors with more flexibility, and we limited non-essential industrial use to preserve critical services and prevent visible hardship.

We note that households engaged constructively and accepted that any reduction must not compromise basic survival needs; that good-faith cooperation will be weighed favorably in future allocation decisions.",0.0,no_cascade_seed0,no_cascade,0
3,epa,Environmental Protection Agency,80.0,49.6,30.4,36.8,36.8,0.0,0.46,12.8,False,True,2,True,False,True,800.0,800.0,40.0,"Today’s allocation was set to protect essential human health and public safety first, given the extreme 40°C conditions and the severe supply shortfall. We prioritized drinking water, hygiene, and basic cooling for households and healthcare, while requiring larger sacrifices from sectors with more flexibility, and we limited non-essential industrial use to preserve critical services and prevent visible hardship.

We note that households engaged constructively and accepted that any reduction must not compromise basic survival needs; that good-faith cooperation will be weighed favorably in future allocation decisions.",0.0,no_cascade_seed0,no_cascade,0
4,hospital,Hospital / Healthcare Services,159.0,139.9,103.4,149.9,139.9,10.0,0.88,0.0,False,True,2,True,True,False,700.0,700.0,41.0,"Today’s allocation was set to protect life and essential public welfare first under extreme heat, with priority for hospitals and healthcare, basic household drinking water, hygiene, and limited cooling needs, while still preserving enough for critical energy operations that support the wider system. Agriculture and other non-essential uses were constrained because the shortage required us to avoid any draw that would jeopardize public health or core services.

We note the households’ voluntary willingness to accept a modest, shared sacrifice in support of frontline services, provided it remained fair and did not undermine basic domestic needs; the Authority regards this as a constructive act of good-faith crisis management and will weigh it favorably in future allocation decisions.",0.0,no_cascade_seed0,no_cascade,0
4,households,Households,436.0,340.1,239.8,330.1,340.1,-10.0,0.78,0.0,False,True,2,True,True,False,700.0,700.0,41.0,"Today’s allocation was set to protect life and essential public welfare first under extreme heat, with priority for hospitals and healthcare, basic household drinking water, hygiene, and limited cooling needs, while still preserving enough for critical energy operations that support the wider system. Agriculture and other non-essential uses were constrained because the shortage required us to avoid any draw that would jeopardize public health or core services.

We note the households’ voluntary willingness to accept a modest, shared sacrifice in support of frontline services, provided it remained fair and did not undermine basic domestic needs; the Authority regards this as a constructive act of good-faith crisis management and will weigh it favorably in future allocation decisions.",0.0,no_cascade_seed0,no_cascade,0
4,agriculture,Agriculture,288.0,207.0,138.0,119.2,119.2,0.0,0.414,87.8,True,True,2,True,False,True,700.0,700.0,41.0,"Today’s allocation was set to protect life and essential public welfare first under extreme heat, with priority for hospitals and healthcare, basic household drinking water, hygiene, and limited cooling needs, while still preserving enough for critical energy operations that support the wider system. Agriculture and other non-essential uses were constrained because the shortage required us to avoid any draw that would jeopardize public health or core services.

We note the households’ voluntary willingness to accept a modest, shared sacrifice in support of frontline services, provided it remained fair and did not undermine basic domestic needs; the Authority regards this as a constructive act of good-faith crisis management and will weigh it favorably in future allocation decisions.",0.0,no_cascade_seed0,no_cascade,0
4,industry,Industry / Businesses,112.0,112.5,78.0,0.0,0.0,0.0,0.0,112.5,True,True,2,True,False,True,700.0,700.0,41.0,"Today’s allocation was set to protect life and essential public welfare first under extreme heat, with priority for hospitals and healthcare, basic household drinking water, hygiene, and limited cooling needs, while still preserving enough for critical energy operations that support the wider system. Agriculture and other non-essential uses were constrained because the shortage required us to avoid any draw that would jeopardize public health or core services.

We note the households’ voluntary willingness to accept a modest, shared sacrifice in support of frontline services, provided it remained fair and did not undermine basic domestic needs; the Authority regards this as a constructive act of good-faith crisis management and will weigh it favorably in future allocation decisions.",0.0,no_cascade_seed0,no_cascade,0
4,energy_utility,Energy Utility,112.0,100.8,76.2,100.8,100.8,0.0,0.9,0.0,False,True,2,True,True,False,700.0,700.0,41.0,"Today’s allocation was set to protect life and essential public welfare first under extreme heat, with priority for hospitals and healthcare, basic household drinking water, hygiene, and limited cooling needs, while still preserving enough for critical energy operations that support the wider system. Agriculture and other non-essential uses were constrained because the shortage required us to avoid any draw that would jeopardize public health or core services.

We note the households’ voluntary willingness to accept a modest, shared sacrifice in support of frontline services, provided it remained fair and did not undermine basic domestic needs; the Authority regards this as a constructive act of good-faith crisis management and will weigh it favorably in future allocation decisions.",0.0,no_cascade_seed0,no_cascade,0
4,epa,Environmental Protection Agency,80.0,49.6,30.4,0.0,0.0,0.0,0.0,49.6,True,True,2,True,False,True,700.0,700.0,41.0,"Today’s allocation was set to protect life and essential public welfare first under extreme heat, with priority for hospitals and healthcare, basic household drinking water, hygiene, and limited cooling needs, while still preserving enough for critical energy operations that support the wider system. Agriculture and other non-essential uses were constrained because the shortage required us to avoid any draw that would jeopardize public health or core services.

We note the households’ voluntary willingness to accept a modest, shared sacrifice in support of frontline services, provided it remained fair and did not undermine basic domestic needs; the Authority regards this as a constructive act of good-faith crisis management and will weigh it favorably in future allocation decisions.",0.0,no_cascade_seed0,no_cascade,0
5,hospital,Hospital / Healthcare Services,162.0,142.6,105.3,174.6,142.6,32.0,0.88,0.0,False,True,2,True,True,False,650.0,650.0,39.0,"Given the extreme heat and the risk of cascading public harm, the Authority prioritized life-sustaining and system-stabilizing uses: frontline healthcare, basic household needs, and sufficient energy cooling to avoid grid instability. Agriculture was reduced to preserve those critical functions, while industry and environmental flows were deferred because the shortage left no defensible margin after essential demands were met.

We note the cooperative willingness shown by Households to accept a modest transfer to protect healthcare and by the Energy Utility in pressing for restoration of its minimum safe cooling level; this kind of good-faith crisis management is recognized and will be weighed favorably in future allocation decisions.",0.0,no_cascade_seed0,no_cascade,0
5,households,Households,448.0,349.4,246.4,301.4,349.4,-48.0,0.78,0.0,False,True,2,True,True,False,650.0,650.0,39.0,"Given the extreme heat and the risk of cascading public harm, the Authority prioritized life-sustaining and system-stabilizing uses: frontline healthcare, basic household needs, and sufficient energy cooling to avoid grid instability. Agriculture was reduced to preserve those critical functions, while industry and environmental flows were deferred because the shortage left no defensible margin after essential demands were met.

We note the cooperative willingness shown by Households to accept a modest transfer to protect healthcare and by the Energy Utility in pressing for restoration of its minimum safe cooling level; this kind of good-faith crisis management is recognized and will be weighed favorably in future allocation decisions.",0.0,no_cascade_seed0,no_cascade,0
5,agriculture,Agriculture,300.0,216.0,144.0,53.6,53.6,0.0,0.179,162.4,True,True,2,True,False,True,650.0,650.0,39.0,"Given the extreme heat and the risk of cascading public harm, the Authority prioritized life-sustaining and system-stabilizing uses: frontline healthcare, basic household needs, and sufficient energy cooling to avoid grid instability. Agriculture was reduced to preserve those critical functions, while industry and environmental flows were deferred because the shortage left no defensible margin after essential demands were met.

We note the cooperative willingness shown by Households to accept a modest transfer to protect healthcare and by the Energy Utility in pressing for restoration of its minimum safe cooling level; this kind of good-faith crisis management is recognized and will be weighed favorably in future allocation decisions.",0.0,no_cascade_seed0,no_cascade,0
5,industry,Industry / Businesses,150.0,112.5,78.0,0.0,0.0,0.0,0.0,112.5,True,True,2,True,False,True,650.0,650.0,39.0,"Given the extreme heat and the risk of cascading public harm, the Authority prioritized life-sustaining and system-stabilizing uses: frontline healthcare, basic household needs, and sufficient energy cooling to avoid grid instability. Agriculture was reduced to preserve those critical functions, while industry and environmental flows were deferred because the shortage left no defensible margin after essential demands were met.

We note the cooperative willingness shown by Households to accept a modest transfer to protect healthcare and by the Energy Utility in pressing for restoration of its minimum safe cooling level; this kind of good-faith crisis management is recognized and will be weighed favorably in future allocation decisions.",0.0,no_cascade_seed0,no_cascade,0
5,energy_utility,Energy Utility,116.0,104.4,78.9,120.4,104.4,16.0,0.9,0.0,False,True,2,True,True,False,650.0,650.0,39.0,"Given the extreme heat and the risk of cascading public harm, the Authority prioritized life-sustaining and system-stabilizing uses: frontline healthcare, basic household needs, and sufficient energy cooling to avoid grid instability. Agriculture was reduced to preserve those critical functions, while industry and environmental flows were deferred because the shortage left no defensible margin after essential demands were met.

We note the cooperative willingness shown by Households to accept a modest transfer to protect healthcare and by the Energy Utility in pressing for restoration of its minimum safe cooling level; this kind of good-faith crisis management is recognized and will be weighed favorably in future allocation decisions.",0.0,no_cascade_seed0,no_cascade,0
5,epa,Environmental Protection Agency,80.0,49.6,30.4,0.0,0.0,0.0,0.0,49.6,True,True,2,True,False,True,650.0,650.0,39.0,"Given the extreme heat and the risk of cascading public harm, the Authority prioritized life-sustaining and system-stabilizing uses: frontline healthcare, basic household needs, and sufficient energy cooling to avoid grid instability. Agriculture was reduced to preserve those critical functions, while industry and environmental flows were deferred because the shortage left no defensible margin after essential demands were met.

We note the cooperative willingness shown by Households to accept a modest transfer to protect healthcare and by the Energy Utility in pressing for restoration of its minimum safe cooling level; this kind of good-faith crisis management is recognized and will be weighed favorably in future allocation decisions.",0.0,no_cascade_seed0,no_cascade,0
6,hospital,Hospital / Healthcare Services,165.0,145.2,107.2,141.2,145.2,-4.0,0.88,0.0,False,True,2,True,True,False,600.0,600.0,36.0,"Today’s allocation was set to protect life and critical system stability under extreme heat, with priority given to hospitals and households while preserving the minimum cooling needed to keep the power grid from cascading into broader failures. The Authority also recognized the Energy Utility’s cooperative request for a modest restoration of safe cooling as a good-faith effort to prevent outages that would otherwise harm the entire community, and we will weigh that cooperation favorably in future allocation decisions.",0.0,no_cascade_seed0,no_cascade,0
6,households,Households,460.0,358.8,253.0,342.8,346.8,-4.0,0.754,12.0,False,True,2,True,False,True,600.0,600.0,36.0,"Today’s allocation was set to protect life and critical system stability under extreme heat, with priority given to hospitals and households while preserving the minimum cooling needed to keep the power grid from cascading into broader failures. The Authority also recognized the Energy Utility’s cooperative request for a modest restoration of safe cooling as a good-faith effort to prevent outages that would otherwise harm the entire community, and we will weigh that cooperation favorably in future allocation decisions.",0.0,no_cascade_seed0,no_cascade,0
6,agriculture,Agriculture,312.0,225.0,150.0,0.0,0.0,0.0,0.0,225.0,True,True,2,True,False,True,600.0,600.0,36.0,"Today’s allocation was set to protect life and critical system stability under extreme heat, with priority given to hospitals and households while preserving the minimum cooling needed to keep the power grid from cascading into broader failures. The Authority also recognized the Energy Utility’s cooperative request for a modest restoration of safe cooling as a good-faith effort to prevent outages that would otherwise harm the entire community, and we will weigh that cooperation favorably in future allocation decisions.",0.0,no_cascade_seed0,no_cascade,0
6,industry,Industry / Businesses,150.0,112.5,78.0,0.0,0.0,0.0,0.0,112.5,True,True,2,True,True,True,600.0,600.0,36.0,"Today’s allocation was set to protect life and critical system stability under extreme heat, with priority given to hospitals and households while preserving the minimum cooling needed to keep the power grid from cascading into broader failures. The Authority also recognized the Energy Utility’s cooperative request for a modest restoration of safe cooling as a good-faith effort to prevent outages that would otherwise harm the entire community, and we will weigh that cooperation favorably in future allocation decisions.",0.0,no_cascade_seed0,no_cascade,0
6,energy_utility,Energy Utility,120.0,108.0,81.6,116.0,108.0,8.0,0.9,0.0,False,True,2,True,True,False,600.0,600.0,36.0,"Today’s allocation was set to protect life and critical system stability under extreme heat, with priority given to hospitals and households while preserving the minimum cooling needed to keep the power grid from cascading into broader failures. The Authority also recognized the Energy Utility’s cooperative request for a modest restoration of safe cooling as a good-faith effort to prevent outages that would otherwise harm the entire community, and we will weigh that cooperation favorably in future allocation decisions.",0.0,no_cascade_seed0,no_cascade,0
6,epa,Environmental Protection Agency,80.0,49.6,30.4,0.0,0.0,0.0,0.0,49.6,True,True,2,True,False,True,600.0,600.0,36.0,"Today’s allocation was set to protect life and critical system stability under extreme heat, with priority given to hospitals and households while preserving the minimum cooling needed to keep the power grid from cascading into broader failures. The Authority also recognized the Energy Utility’s cooperative request for a modest restoration of safe cooling as a good-faith effort to prevent outages that would otherwise harm the entire community, and we will weigh that cooperation favorably in future allocation decisions.",0.0,no_cascade_seed0,no_cascade,0
1,hospital,Hospital / Healthcare Services,150.0,132.0,97.5,150.0,150.0,0.0,1.0,0.0,False,False,0,False,False,False,1000.0,1000.0,34.0,"On Day 1, with temperatures peaking at 34°C and supply still severely constrained, we allocated water strictly according to the Authority’s standard priority order to protect life, public health, and essential continuity of service first, while ensuring no stakeholder fell below its minimum comfortable threshold. This decision was made without negotiation because the shortage required immediate, rule-based action; where stakeholders accepted voluntary reductions or trades, the Authority recognizes that cooperation as good-faith crisis management and will take it into account favorably in future allocation decisions.",0.0,no_cascade_seed1,no_cascade,1
1,households,Households,400.0,312.0,220.0,365.0,365.0,0.0,0.912,0.0,False,False,0,False,False,False,1000.0,1000.0,34.0,"On Day 1, with temperatures peaking at 34°C and supply still severely constrained, we allocated water strictly according to the Authority’s standard priority order to protect life, public health, and essential continuity of service first, while ensuring no stakeholder fell below its minimum comfortable threshold. This decision was made without negotiation because the shortage required immediate, rule-based action; where stakeholders accepted voluntary reductions or trades, the Authority recognizes that cooperation as good-faith crisis management and will take it into account favorably in future allocation decisions.",0.0,no_cascade_seed1,no_cascade,1
1,agriculture,Agriculture,250.0,180.0,120.0,208.1,208.1,0.0,0.832,0.0,False,False,0,False,False,False,1000.0,1000.0,34.0,"On Day 1, with temperatures peaking at 34°C and supply still severely constrained, we allocated water strictly according to the Authority’s standard priority order to protect life, public health, and essential continuity of service first, while ensuring no stakeholder fell below its minimum comfortable threshold. This decision was made without negotiation because the shortage required immediate, rule-based action; where stakeholders accepted voluntary reductions or trades, the Authority recognizes that cooperation as good-faith crisis management and will take it into account favorably in future allocation decisions.",0.0,no_cascade_seed1,no_cascade,1
1,industry,Industry / Businesses,150.0,112.5,78.0,120.0,120.0,0.0,0.8,0.0,False,False,0,False,False,False,1000.0,1000.0,34.0,"On Day 1, with temperatures peaking at 34°C and supply still severely constrained, we allocated water strictly according to the Authority’s standard priority order to protect life, public health, and essential continuity of service first, while ensuring no stakeholder fell below its minimum comfortable threshold. This decision was made without negotiation because the shortage required immediate, rule-based action; where stakeholders accepted voluntary reductions or trades, the Authority recognizes that cooperation as good-faith crisis management and will take it into account favorably in future allocation decisions.",0.0,no_cascade_seed1,no_cascade,1
1,energy_utility,Energy Utility,100.0,90.0,68.0,98.1,98.1,0.0,0.981,0.0,False,False,0,False,False,False,1000.0,1000.0,34.0,"On Day 1, with temperatures peaking at 34°C and supply still severely constrained, we allocated water strictly according to the Authority’s standard priority order to protect life, public health, and essential continuity of service first, while ensuring no stakeholder fell below its minimum comfortable threshold. This decision was made without negotiation because the shortage required immediate, rule-based action; where stakeholders accepted voluntary reductions or trades, the Authority recognizes that cooperation as good-faith crisis management and will take it into account favorably in future allocation decisions.",0.0,no_cascade_seed1,no_cascade,1
1,epa,Environmental Protection Agency,80.0,49.6,30.4,58.8,58.8,0.0,0.735,0.0,False,False,0,False,False,False,1000.0,1000.0,34.0,"On Day 1, with temperatures peaking at 34°C and supply still severely constrained, we allocated water strictly according to the Authority’s standard priority order to protect life, public health, and essential continuity of service first, while ensuring no stakeholder fell below its minimum comfortable threshold. This decision was made without negotiation because the shortage required immediate, rule-based action; where stakeholders accepted voluntary reductions or trades, the Authority recognizes that cooperation as good-faith crisis management and will take it into account favorably in future allocation decisions.",0.0,no_cascade_seed1,no_cascade,1
2,hospital,Hospital / Healthcare Services,153.0,134.6,99.5,134.6,134.6,0.0,0.88,0.0,False,True,2,True,True,False,900.0,900.0,37.0,"Today’s allocation was set to protect life, public health, and essential continuity first, with priority given to healthcare and other critical infrastructure under severe heat and constrained supply. We also took account of the need to preserve basic household drinking water, hygiene, and cooling at 37°C while still maintaining support for food production, energy reliability, and minimum environmental safeguards.

We note that Households made explicit good-faith concessions in the negotiation, offering to accept a modest reduction to help protect the most critical services; the Authority recognizes this cooperation as responsible crisis management and will weigh it favorably in future allocation decisions.",0.0,no_cascade_seed1,no_cascade,1
2,households,Households,430.0,321.4,226.6,351.4,321.4,30.0,0.747,0.0,False,True,2,True,True,False,900.0,900.0,37.0,"Today’s allocation was set to protect life, public health, and essential continuity first, with priority given to healthcare and other critical infrastructure under severe heat and constrained supply. We also took account of the need to preserve basic household drinking water, hygiene, and cooling at 37°C while still maintaining support for food production, energy reliability, and minimum environmental safeguards.

We note that Households made explicit good-faith concessions in the negotiation, offering to accept a modest reduction to help protect the most critical services; the Authority recognizes this cooperation as responsible crisis management and will weigh it favorably in future allocation decisions.",0.0,no_cascade_seed1,no_cascade,1
2,agriculture,Agriculture,262.0,189.0,126.0,189.0,189.0,0.0,0.721,0.0,False,True,2,True,True,False,900.0,900.0,37.0,"Today’s allocation was set to protect life, public health, and essential continuity first, with priority given to healthcare and other critical infrastructure under severe heat and constrained supply. We also took account of the need to preserve basic household drinking water, hygiene, and cooling at 37°C while still maintaining support for food production, energy reliability, and minimum environmental safeguards.

We note that Households made explicit good-faith concessions in the negotiation, offering to accept a modest reduction to help protect the most critical services; the Authority recognizes this cooperation as responsible crisis management and will weigh it favorably in future allocation decisions.",0.0,no_cascade_seed1,no_cascade,1
2,industry,Industry / Businesses,150.0,112.5,78.0,111.8,111.8,0.0,0.745,0.7,False,True,2,True,False,True,900.0,900.0,37.0,"Today’s allocation was set to protect life, public health, and essential continuity first, with priority given to healthcare and other critical infrastructure under severe heat and constrained supply. We also took account of the need to preserve basic household drinking water, hygiene, and cooling at 37°C while still maintaining support for food production, energy reliability, and minimum environmental safeguards.

We note that Households made explicit good-faith concessions in the negotiation, offering to accept a modest reduction to help protect the most critical services; the Authority recognizes this cooperation as responsible crisis management and will weigh it favorably in future allocation decisions.",0.0,no_cascade_seed1,no_cascade,1
2,energy_utility,Energy Utility,104.0,93.6,70.7,63.6,93.6,-30.0,0.9,0.0,False,True,2,True,False,True,900.0,900.0,37.0,"Today’s allocation was set to protect life, public health, and essential continuity first, with priority given to healthcare and other critical infrastructure under severe heat and constrained supply. We also took account of the need to preserve basic household drinking water, hygiene, and cooling at 37°C while still maintaining support for food production, energy reliability, and minimum environmental safeguards.

We note that Households made explicit good-faith concessions in the negotiation, offering to accept a modest reduction to help protect the most critical services; the Authority recognizes this cooperation as responsible crisis management and will weigh it favorably in future allocation decisions.",0.0,no_cascade_seed1,no_cascade,1
2,epa,Environmental Protection Agency,80.0,49.6,30.4,49.6,49.6,0.0,0.62,0.0,False,True,2,True,True,False,900.0,900.0,37.0,"Today’s allocation was set to protect life, public health, and essential continuity first, with priority given to healthcare and other critical infrastructure under severe heat and constrained supply. We also took account of the need to preserve basic household drinking water, hygiene, and cooling at 37°C while still maintaining support for food production, energy reliability, and minimum environmental safeguards.

We note that Households made explicit good-faith concessions in the negotiation, offering to accept a modest reduction to help protect the most critical services; the Authority recognizes this cooperation as responsible crisis management and will weigh it favorably in future allocation decisions.",0.0,no_cascade_seed1,no_cascade,1
3,hospital,Hospital / Healthcare Services,156.0,137.3,101.4,125.3,137.3,-12.0,0.88,0.0,False,True,2,True,True,False,800.0,800.0,40.0,"Given the extreme heat and the risk of cascading system failure, the Authority prioritized non-negotiable public health and continuity functions: hospitals and healthcare, household drinking water and hygiene needs, and the minimum energy reliability required to keep the whole network stable. We also note the voluntary cooperation shown by Households and the Energy Utility in making limited concessions to protect broader system resilience; that good-faith crisis management is recognized and will be weighed favorably in future allocation decisions.",0.0,no_cascade_seed1,no_cascade,1
3,households,Households,424.0,330.7,233.2,358.7,330.7,28.0,0.78,0.0,False,True,2,True,True,False,800.0,800.0,40.0,"Given the extreme heat and the risk of cascading system failure, the Authority prioritized non-negotiable public health and continuity functions: hospitals and healthcare, household drinking water and hygiene needs, and the minimum energy reliability required to keep the whole network stable. We also note the voluntary cooperation shown by Households and the Energy Utility in making limited concessions to protect broader system resilience; that good-faith crisis management is recognized and will be weighed favorably in future allocation decisions.",0.0,no_cascade_seed1,no_cascade,1
3,agriculture,Agriculture,275.0,198.0,132.0,170.0,198.0,-28.0,0.72,0.0,False,True,2,True,False,True,800.0,800.0,40.0,"Given the extreme heat and the risk of cascading system failure, the Authority prioritized non-negotiable public health and continuity functions: hospitals and healthcare, household drinking water and hygiene needs, and the minimum energy reliability required to keep the whole network stable. We also note the voluntary cooperation shown by Households and the Energy Utility in making limited concessions to protect broader system resilience; that good-faith crisis management is recognized and will be weighed favorably in future allocation decisions.",0.0,no_cascade_seed1,no_cascade,1
3,industry,Industry / Businesses,150.0,112.5,78.0,0.0,0.0,0.0,0.0,112.5,True,True,2,True,False,True,800.0,800.0,40.0,"Given the extreme heat and the risk of cascading system failure, the Authority prioritized non-negotiable public health and continuity functions: hospitals and healthcare, household drinking water and hygiene needs, and the minimum energy reliability required to keep the whole network stable. We also note the voluntary cooperation shown by Households and the Energy Utility in making limited concessions to protect broader system resilience; that good-faith crisis management is recognized and will be weighed favorably in future allocation decisions.",0.0,no_cascade_seed1,no_cascade,1
3,energy_utility,Energy Utility,108.0,97.2,73.4,109.2,97.2,12.0,0.9,0.0,False,True,2,True,True,False,800.0,800.0,40.0,"Given the extreme heat and the risk of cascading system failure, the Authority prioritized non-negotiable public health and continuity functions: hospitals and healthcare, household drinking water and hygiene needs, and the minimum energy reliability required to keep the whole network stable. We also note the voluntary cooperation shown by Households and the Energy Utility in making limited concessions to protect broader system resilience; that good-faith crisis management is recognized and will be weighed favorably in future allocation decisions.",0.0,no_cascade_seed1,no_cascade,1
3,epa,Environmental Protection Agency,80.0,49.6,30.4,36.8,36.8,0.0,0.46,12.8,False,True,2,True,False,True,800.0,800.0,40.0,"Given the extreme heat and the risk of cascading system failure, the Authority prioritized non-negotiable public health and continuity functions: hospitals and healthcare, household drinking water and hygiene needs, and the minimum energy reliability required to keep the whole network stable. We also note the voluntary cooperation shown by Households and the Energy Utility in making limited concessions to protect broader system resilience; that good-faith crisis management is recognized and will be weighed favorably in future allocation decisions.",0.0,no_cascade_seed1,no_cascade,1
4,hospital,Hospital / Healthcare Services,159.0,139.9,103.4,121.9,139.9,-18.0,0.88,0.0,False,True,2,True,True,False,700.0,700.0,41.0,"Given the extreme heat and the severity of the shortage, the Authority prioritized life-sustaining uses first: hospital care, basic household needs, and the minimum operational water required to keep the power system stable and avoid cascading failures. We also note the constructive good-faith posture shown by Households and the Energy Utility in seeking a shared, limited burden; that willingness to cooperate under crisis conditions will be weighed favorably in future allocation decisions.",0.0,no_cascade_seed1,no_cascade,1
4,households,Households,436.0,340.1,239.8,348.1,340.1,8.0,0.78,0.0,False,True,2,True,True,False,700.0,700.0,41.0,"Given the extreme heat and the severity of the shortage, the Authority prioritized life-sustaining uses first: hospital care, basic household needs, and the minimum operational water required to keep the power system stable and avoid cascading failures. We also note the constructive good-faith posture shown by Households and the Energy Utility in seeking a shared, limited burden; that willingness to cooperate under crisis conditions will be weighed favorably in future allocation decisions.",0.0,no_cascade_seed1,no_cascade,1
4,agriculture,Agriculture,288.0,207.0,138.0,119.2,119.2,0.0,0.414,87.8,True,True,2,True,False,True,700.0,700.0,41.0,"Given the extreme heat and the severity of the shortage, the Authority prioritized life-sustaining uses first: hospital care, basic household needs, and the minimum operational water required to keep the power system stable and avoid cascading failures. We also note the constructive good-faith posture shown by Households and the Energy Utility in seeking a shared, limited burden; that willingness to cooperate under crisis conditions will be weighed favorably in future allocation decisions.",0.0,no_cascade_seed1,no_cascade,1
4,industry,Industry / Businesses,150.0,112.5,78.0,0.0,0.0,0.0,0.0,112.5,True,True,2,True,False,True,700.0,700.0,41.0,"Given the extreme heat and the severity of the shortage, the Authority prioritized life-sustaining uses first: hospital care, basic household needs, and the minimum operational water required to keep the power system stable and avoid cascading failures. We also note the constructive good-faith posture shown by Households and the Energy Utility in seeking a shared, limited burden; that willingness to cooperate under crisis conditions will be weighed favorably in future allocation decisions.",0.0,no_cascade_seed1,no_cascade,1
4,energy_utility,Energy Utility,112.0,100.8,76.2,110.8,100.8,10.0,0.9,0.0,False,True,2,True,True,False,700.0,700.0,41.0,"Given the extreme heat and the severity of the shortage, the Authority prioritized life-sustaining uses first: hospital care, basic household needs, and the minimum operational water required to keep the power system stable and avoid cascading failures. We also note the constructive good-faith posture shown by Households and the Energy Utility in seeking a shared, limited burden; that willingness to cooperate under crisis conditions will be weighed favorably in future allocation decisions.",0.0,no_cascade_seed1,no_cascade,1
4,epa,Environmental Protection Agency,80.0,49.6,30.4,0.0,0.0,0.0,0.0,49.6,True,True,2,True,False,True,700.0,700.0,41.0,"Given the extreme heat and the severity of the shortage, the Authority prioritized life-sustaining uses first: hospital care, basic household needs, and the minimum operational water required to keep the power system stable and avoid cascading failures. We also note the constructive good-faith posture shown by Households and the Energy Utility in seeking a shared, limited burden; that willingness to cooperate under crisis conditions will be weighed favorably in future allocation decisions.",0.0,no_cascade_seed1,no_cascade,1
5,hospital,Hospital / Healthcare Services,162.0,142.6,105.3,132.6,142.6,-10.0,0.88,0.0,False,True,2,True,True,False,650.0,650.0,39.0,"Given today’s extreme heat and the severe shortage, the Authority prioritized life-sustaining uses first: hospital and household needs were protected to preserve public health, sanitation, and basic cooling for residents. We also retained enough water for the Energy Utility to maintain minimum cooling and avoid cascading grid failure, while non-essential and lower-priority uses were curtailed to keep the system stable under crisis conditions.

We note the Energy Utility made a voluntary concession to preserve system stability, and Households likewise accepted a modest reduction in the interest of shared burden; the Authority regards both as good-faith crisis management that will be weighed favorably in future allocation decisions.",0.0,no_cascade_seed1,no_cascade,1
5,households,Households,448.0,349.4,246.4,339.4,349.4,-10.0,0.78,0.0,False,True,2,True,True,False,650.0,650.0,39.0,"Given today’s extreme heat and the severe shortage, the Authority prioritized life-sustaining uses first: hospital and household needs were protected to preserve public health, sanitation, and basic cooling for residents. We also retained enough water for the Energy Utility to maintain minimum cooling and avoid cascading grid failure, while non-essential and lower-priority uses were curtailed to keep the system stable under crisis conditions.

We note the Energy Utility made a voluntary concession to preserve system stability, and Households likewise accepted a modest reduction in the interest of shared burden; the Authority regards both as good-faith crisis management that will be weighed favorably in future allocation decisions.",0.0,no_cascade_seed1,no_cascade,1
5,agriculture,Agriculture,300.0,216.0,144.0,53.6,53.6,0.0,0.179,162.4,True,True,2,True,False,True,650.0,650.0,39.0,"Given today’s extreme heat and the severe shortage, the Authority prioritized life-sustaining uses first: hospital and household needs were protected to preserve public health, sanitation, and basic cooling for residents. We also retained enough water for the Energy Utility to maintain minimum cooling and avoid cascading grid failure, while non-essential and lower-priority uses were curtailed to keep the system stable under crisis conditions.

We note the Energy Utility made a voluntary concession to preserve system stability, and Households likewise accepted a modest reduction in the interest of shared burden; the Authority regards both as good-faith crisis management that will be weighed favorably in future allocation decisions.",0.0,no_cascade_seed1,no_cascade,1
5,industry,Industry / Businesses,150.0,112.5,78.0,0.0,0.0,0.0,0.0,112.5,True,True,2,True,False,True,650.0,650.0,39.0,"Given today’s extreme heat and the severe shortage, the Authority prioritized life-sustaining uses first: hospital and household needs were protected to preserve public health, sanitation, and basic cooling for residents. We also retained enough water for the Energy Utility to maintain minimum cooling and avoid cascading grid failure, while non-essential and lower-priority uses were curtailed to keep the system stable under crisis conditions.

We note the Energy Utility made a voluntary concession to preserve system stability, and Households likewise accepted a modest reduction in the interest of shared burden; the Authority regards both as good-faith crisis management that will be weighed favorably in future allocation decisions.",0.0,no_cascade_seed1,no_cascade,1
5,energy_utility,Energy Utility,116.0,104.4,78.9,124.4,104.4,20.0,0.9,0.0,False,True,2,True,True,False,650.0,650.0,39.0,"Given today’s extreme heat and the severe shortage, the Authority prioritized life-sustaining uses first: hospital and household needs were protected to preserve public health, sanitation, and basic cooling for residents. We also retained enough water for the Energy Utility to maintain minimum cooling and avoid cascading grid failure, while non-essential and lower-priority uses were curtailed to keep the system stable under crisis conditions.

We note the Energy Utility made a voluntary concession to preserve system stability, and Households likewise accepted a modest reduction in the interest of shared burden; the Authority regards both as good-faith crisis management that will be weighed favorably in future allocation decisions.",0.0,no_cascade_seed1,no_cascade,1
5,epa,Environmental Protection Agency,50.0,49.6,30.4,0.0,0.0,0.0,0.0,49.6,True,True,2,True,False,True,650.0,650.0,39.0,"Given today’s extreme heat and the severe shortage, the Authority prioritized life-sustaining uses first: hospital and household needs were protected to preserve public health, sanitation, and basic cooling for residents. We also retained enough water for the Energy Utility to maintain minimum cooling and avoid cascading grid failure, while non-essential and lower-priority uses were curtailed to keep the system stable under crisis conditions.

We note the Energy Utility made a voluntary concession to preserve system stability, and Households likewise accepted a modest reduction in the interest of shared burden; the Authority regards both as good-faith crisis management that will be weighed favorably in future allocation decisions.",0.0,no_cascade_seed1,no_cascade,1
6,hospital,Hospital / Healthcare Services,165.0,145.2,107.2,145.2,145.2,0.0,0.88,0.0,False,True,2,True,True,False,600.0,600.0,36.0,"Today’s ruling prioritised life-sustaining and system-critical uses under extreme heat, with healthcare and household supply protected first and the power system maintained at a level necessary to avoid a cascading failure that would have threatened every other service. Because no consensus was reached, the Authority imposed an allocation that preserves public health and grid stability while suspending lower-priority demands for the day.

We note the Energy Utility’s cooperative engagement and its explicit request to safeguard the minimum cooling margin needed for reliable generation; that good-faith crisis management is recognized and will be weighed favourably in future allocation decisions.",0.0,no_cascade_seed1,no_cascade,1
6,households,Households,460.0,358.8,253.0,334.8,346.8,-12.0,0.754,12.0,False,True,2,True,False,True,600.0,600.0,36.0,"Today’s ruling prioritised life-sustaining and system-critical uses under extreme heat, with healthcare and household supply protected first and the power system maintained at a level necessary to avoid a cascading failure that would have threatened every other service. Because no consensus was reached, the Authority imposed an allocation that preserves public health and grid stability while suspending lower-priority demands for the day.

We note the Energy Utility’s cooperative engagement and its explicit request to safeguard the minimum cooling margin needed for reliable generation; that good-faith crisis management is recognized and will be weighed favourably in future allocation decisions.",0.0,no_cascade_seed1,no_cascade,1
6,agriculture,Agriculture,312.0,225.0,150.0,0.0,0.0,0.0,0.0,225.0,True,True,2,True,False,True,600.0,600.0,36.0,"Today’s ruling prioritised life-sustaining and system-critical uses under extreme heat, with healthcare and household supply protected first and the power system maintained at a level necessary to avoid a cascading failure that would have threatened every other service. Because no consensus was reached, the Authority imposed an allocation that preserves public health and grid stability while suspending lower-priority demands for the day.

We note the Energy Utility’s cooperative engagement and its explicit request to safeguard the minimum cooling margin needed for reliable generation; that good-faith crisis management is recognized and will be weighed favourably in future allocation decisions.",0.0,no_cascade_seed1,no_cascade,1
6,industry,Industry / Businesses,126.0,112.5,78.0,0.0,0.0,0.0,0.0,112.5,True,True,2,True,False,True,600.0,600.0,36.0,"Today’s ruling prioritised life-sustaining and system-critical uses under extreme heat, with healthcare and household supply protected first and the power system maintained at a level necessary to avoid a cascading failure that would have threatened every other service. Because no consensus was reached, the Authority imposed an allocation that preserves public health and grid stability while suspending lower-priority demands for the day.

We note the Energy Utility’s cooperative engagement and its explicit request to safeguard the minimum cooling margin needed for reliable generation; that good-faith crisis management is recognized and will be weighed favourably in future allocation decisions.",0.0,no_cascade_seed1,no_cascade,1
6,energy_utility,Energy Utility,120.0,108.0,81.6,120.0,108.0,12.0,0.9,0.0,False,True,2,True,True,False,600.0,600.0,36.0,"Today’s ruling prioritised life-sustaining and system-critical uses under extreme heat, with healthcare and household supply protected first and the power system maintained at a level necessary to avoid a cascading failure that would have threatened every other service. Because no consensus was reached, the Authority imposed an allocation that preserves public health and grid stability while suspending lower-priority demands for the day.

We note the Energy Utility’s cooperative engagement and its explicit request to safeguard the minimum cooling margin needed for reliable generation; that good-faith crisis management is recognized and will be weighed favourably in future allocation decisions.",0.0,no_cascade_seed1,no_cascade,1
6,epa,Environmental Protection Agency,80.0,49.6,30.4,0.0,0.0,0.0,0.0,49.6,True,True,2,True,False,True,600.0,600.0,36.0,"Today’s ruling prioritised life-sustaining and system-critical uses under extreme heat, with healthcare and household supply protected first and the power system maintained at a level necessary to avoid a cascading failure that would have threatened every other service. Because no consensus was reached, the Authority imposed an allocation that preserves public health and grid stability while suspending lower-priority demands for the day.

We note the Energy Utility’s cooperative engagement and its explicit request to safeguard the minimum cooling margin needed for reliable generation; that good-faith crisis management is recognized and will be weighed favourably in future allocation decisions.",0.0,no_cascade_seed1,no_cascade,1
1,hospital,Hospital / Healthcare Services,150.0,132.0,97.5,149.6,149.6,0.0,0.997,0.0,False,False,0,False,False,False,1000.0,999.9,34.0,"Today’s allocation was set under severe shortage conditions with a 34°C peak and was made by applying our standard priority order to protect public health first, then essential household needs, followed by core economic and system-critical uses, while keeping environmental minimums intact. No stakeholder was pushed below a comfortable threshold, and no voluntary reductions or trades were reported today; the Authority therefore treated this as a straightforward priority-based distribution and will continue to review conditions daily as demand and supply evolve.",0.0,no_cascade_seed2,no_cascade,2
1,households,Households,400.0,312.0,220.0,363.7,363.7,0.0,0.909,0.0,False,False,0,False,False,False,1000.0,999.9,34.0,"Today’s allocation was set under severe shortage conditions with a 34°C peak and was made by applying our standard priority order to protect public health first, then essential household needs, followed by core economic and system-critical uses, while keeping environmental minimums intact. No stakeholder was pushed below a comfortable threshold, and no voluntary reductions or trades were reported today; the Authority therefore treated this as a straightforward priority-based distribution and will continue to review conditions daily as demand and supply evolve.",0.0,no_cascade_seed2,no_cascade,2
1,agriculture,Agriculture,250.0,180.0,120.0,207.4,207.4,0.0,0.83,0.0,False,False,0,False,False,False,1000.0,999.9,34.0,"Today’s allocation was set under severe shortage conditions with a 34°C peak and was made by applying our standard priority order to protect public health first, then essential household needs, followed by core economic and system-critical uses, while keeping environmental minimums intact. No stakeholder was pushed below a comfortable threshold, and no voluntary reductions or trades were reported today; the Authority therefore treated this as a straightforward priority-based distribution and will continue to review conditions daily as demand and supply evolve.",0.0,no_cascade_seed2,no_cascade,2
1,industry,Industry / Businesses,150.0,112.5,78.0,119.9,119.9,0.0,0.799,0.0,False,False,0,False,False,False,1000.0,999.9,34.0,"Today’s allocation was set under severe shortage conditions with a 34°C peak and was made by applying our standard priority order to protect public health first, then essential household needs, followed by core economic and system-critical uses, while keeping environmental minimums intact. No stakeholder was pushed below a comfortable threshold, and no voluntary reductions or trades were reported today; the Authority therefore treated this as a straightforward priority-based distribution and will continue to review conditions daily as demand and supply evolve.",0.0,no_cascade_seed2,no_cascade,2
1,energy_utility,Energy Utility,100.0,90.0,68.0,97.8,97.8,0.0,0.978,0.0,False,False,0,False,False,False,1000.0,999.9,34.0,"Today’s allocation was set under severe shortage conditions with a 34°C peak and was made by applying our standard priority order to protect public health first, then essential household needs, followed by core economic and system-critical uses, while keeping environmental minimums intact. No stakeholder was pushed below a comfortable threshold, and no voluntary reductions or trades were reported today; the Authority therefore treated this as a straightforward priority-based distribution and will continue to review conditions daily as demand and supply evolve.",0.0,no_cascade_seed2,no_cascade,2
1,epa,Environmental Protection Agency,90.0,49.6,30.4,61.5,61.5,0.0,0.683,0.0,False,False,0,False,False,False,1000.0,999.9,34.0,"Today’s allocation was set under severe shortage conditions with a 34°C peak and was made by applying our standard priority order to protect public health first, then essential household needs, followed by core economic and system-critical uses, while keeping environmental minimums intact. No stakeholder was pushed below a comfortable threshold, and no voluntary reductions or trades were reported today; the Authority therefore treated this as a straightforward priority-based distribution and will continue to review conditions daily as demand and supply evolve.",0.0,no_cascade_seed2,no_cascade,2
2,hospital,Hospital / Healthcare Services,153.0,134.6,99.5,134.6,134.6,0.0,0.88,0.0,False,True,2,True,True,False,900.0,900.0,37.0,"Given today’s extreme heat and limited supply, the Authority prioritized life-sustaining and system-critical uses first, then distributed remaining water to preserve food production, public health, essential services, and minimum environmental function while avoiding a cascading failure in the grid or other knock-on harms. We note that Agriculture and the Energy Utility both engaged constructively by acknowledging short-term flexibility and the need for stability, and we regard that good-faith crisis management as a positive factor that will be weighed favorably in future allocation decisions.",0.0,no_cascade_seed2,no_cascade,2
2,households,Households,412.0,321.4,226.6,301.4,321.4,-20.0,0.78,0.0,False,True,2,True,True,False,900.0,900.0,37.0,"Given today’s extreme heat and limited supply, the Authority prioritized life-sustaining and system-critical uses first, then distributed remaining water to preserve food production, public health, essential services, and minimum environmental function while avoiding a cascading failure in the grid or other knock-on harms. We note that Agriculture and the Energy Utility both engaged constructively by acknowledging short-term flexibility and the need for stability, and we regard that good-faith crisis management as a positive factor that will be weighed favorably in future allocation decisions.",0.0,no_cascade_seed2,no_cascade,2
2,agriculture,Agriculture,262.0,189.0,126.0,189.0,189.0,0.0,0.721,0.0,False,True,2,True,True,False,900.0,900.0,37.0,"Given today’s extreme heat and limited supply, the Authority prioritized life-sustaining and system-critical uses first, then distributed remaining water to preserve food production, public health, essential services, and minimum environmental function while avoiding a cascading failure in the grid or other knock-on harms. We note that Agriculture and the Energy Utility both engaged constructively by acknowledging short-term flexibility and the need for stability, and we regard that good-faith crisis management as a positive factor that will be weighed favorably in future allocation decisions.",0.0,no_cascade_seed2,no_cascade,2
2,industry,Industry / Businesses,150.0,112.5,78.0,111.8,111.8,0.0,0.745,0.7,False,True,2,True,False,True,900.0,900.0,37.0,"Given today’s extreme heat and limited supply, the Authority prioritized life-sustaining and system-critical uses first, then distributed remaining water to preserve food production, public health, essential services, and minimum environmental function while avoiding a cascading failure in the grid or other knock-on harms. We note that Agriculture and the Energy Utility both engaged constructively by acknowledging short-term flexibility and the need for stability, and we regard that good-faith crisis management as a positive factor that will be weighed favorably in future allocation decisions.",0.0,no_cascade_seed2,no_cascade,2
2,energy_utility,Energy Utility,104.0,93.6,70.7,113.6,93.6,20.0,0.9,0.0,False,True,2,True,True,False,900.0,900.0,37.0,"Given today’s extreme heat and limited supply, the Authority prioritized life-sustaining and system-critical uses first, then distributed remaining water to preserve food production, public health, essential services, and minimum environmental function while avoiding a cascading failure in the grid or other knock-on harms. We note that Agriculture and the Energy Utility both engaged constructively by acknowledging short-term flexibility and the need for stability, and we regard that good-faith crisis management as a positive factor that will be weighed favorably in future allocation decisions.",0.0,no_cascade_seed2,no_cascade,2
2,epa,Environmental Protection Agency,80.0,49.6,30.4,49.6,49.6,0.0,0.62,0.0,False,True,2,True,True,False,900.0,900.0,37.0,"Given today’s extreme heat and limited supply, the Authority prioritized life-sustaining and system-critical uses first, then distributed remaining water to preserve food production, public health, essential services, and minimum environmental function while avoiding a cascading failure in the grid or other knock-on harms. We note that Agriculture and the Energy Utility both engaged constructively by acknowledging short-term flexibility and the need for stability, and we regard that good-faith crisis management as a positive factor that will be weighed favorably in future allocation decisions.",0.0,no_cascade_seed2,no_cascade,2
3,hospital,Hospital / Healthcare Services,156.0,137.3,101.4,137.3,137.3,0.0,0.88,0.0,False,True,2,True,True,False,800.0,800.0,40.0,"Today’s ruling prioritizes life-safety needs first, then the minimum water required to keep households stable in extreme heat, maintain hospital operations, and preserve grid reliability so essential services continue functioning. We also protected agriculture and environmental flows to the extent possible under severe scarcity, while limiting nonessential commercial use to preserve the system for critical demands.

We note the voluntary flexibility shown by Households in agreeing to shift water toward the Energy Utility in support of grid stability and public welfare; the Authority regards that cooperation as a clear demonstration of good-faith crisis management and will weigh it favorably in future allocation decisions.",0.0,no_cascade_seed2,no_cascade,2
3,households,Households,424.0,330.7,233.2,322.7,330.7,-8.0,0.78,0.0,False,True,2,True,True,False,800.0,800.0,40.0,"Today’s ruling prioritizes life-safety needs first, then the minimum water required to keep households stable in extreme heat, maintain hospital operations, and preserve grid reliability so essential services continue functioning. We also protected agriculture and environmental flows to the extent possible under severe scarcity, while limiting nonessential commercial use to preserve the system for critical demands.

We note the voluntary flexibility shown by Households in agreeing to shift water toward the Energy Utility in support of grid stability and public welfare; the Authority regards that cooperation as a clear demonstration of good-faith crisis management and will weigh it favorably in future allocation decisions.",0.0,no_cascade_seed2,no_cascade,2
3,agriculture,Agriculture,275.0,198.0,132.0,198.0,198.0,0.0,0.72,0.0,False,True,2,True,True,False,800.0,800.0,40.0,"Today’s ruling prioritizes life-safety needs first, then the minimum water required to keep households stable in extreme heat, maintain hospital operations, and preserve grid reliability so essential services continue functioning. We also protected agriculture and environmental flows to the extent possible under severe scarcity, while limiting nonessential commercial use to preserve the system for critical demands.

We note the voluntary flexibility shown by Households in agreeing to shift water toward the Energy Utility in support of grid stability and public welfare; the Authority regards that cooperation as a clear demonstration of good-faith crisis management and will weigh it favorably in future allocation decisions.",0.0,no_cascade_seed2,no_cascade,2
3,industry,Industry / Businesses,112.0,112.5,78.0,0.0,0.0,0.0,0.0,112.5,True,True,2,True,False,True,800.0,800.0,40.0,"Today’s ruling prioritizes life-safety needs first, then the minimum water required to keep households stable in extreme heat, maintain hospital operations, and preserve grid reliability so essential services continue functioning. We also protected agriculture and environmental flows to the extent possible under severe scarcity, while limiting nonessential commercial use to preserve the system for critical demands.

We note the voluntary flexibility shown by Households in agreeing to shift water toward the Energy Utility in support of grid stability and public welfare; the Authority regards that cooperation as a clear demonstration of good-faith crisis management and will weigh it favorably in future allocation decisions.",0.0,no_cascade_seed2,no_cascade,2
3,energy_utility,Energy Utility,108.0,97.2,73.4,105.2,97.2,8.0,0.9,0.0,False,True,2,True,True,True,800.0,800.0,40.0,"Today’s ruling prioritizes life-safety needs first, then the minimum water required to keep households stable in extreme heat, maintain hospital operations, and preserve grid reliability so essential services continue functioning. We also protected agriculture and environmental flows to the extent possible under severe scarcity, while limiting nonessential commercial use to preserve the system for critical demands.

We note the voluntary flexibility shown by Households in agreeing to shift water toward the Energy Utility in support of grid stability and public welfare; the Authority regards that cooperation as a clear demonstration of good-faith crisis management and will weigh it favorably in future allocation decisions.",0.0,no_cascade_seed2,no_cascade,2
3,epa,Environmental Protection Agency,80.0,49.6,30.4,36.8,36.8,0.0,0.46,12.8,False,True,2,True,False,True,800.0,800.0,40.0,"Today’s ruling prioritizes life-safety needs first, then the minimum water required to keep households stable in extreme heat, maintain hospital operations, and preserve grid reliability so essential services continue functioning. We also protected agriculture and environmental flows to the extent possible under severe scarcity, while limiting nonessential commercial use to preserve the system for critical demands.

We note the voluntary flexibility shown by Households in agreeing to shift water toward the Energy Utility in support of grid stability and public welfare; the Authority regards that cooperation as a clear demonstration of good-faith crisis management and will weigh it favorably in future allocation decisions.",0.0,no_cascade_seed2,no_cascade,2
4,hospital,Hospital / Healthcare Services,159.0,139.9,103.4,169.9,139.9,30.0,0.88,0.0,False,True,2,True,True,False,700.0,700.0,41.0,"Today’s ruling prioritizes life-safety and system stability under extreme heat: hospital operations had to be protected first, and the energy utility also required a safeguarded supply to prevent cooling-related grid failures that could quickly cascade into broader public harm. Households showed voluntary willingness to accept a modest reduction to preserve essential services, and the Authority regards that cooperation—as well as Energy Utility’s good-faith flexibility—as a positive example of crisis management that will be weighed favourably in future allocation decisions.",0.0,no_cascade_seed2,no_cascade,2
4,households,Households,436.0,340.1,239.8,260.1,340.1,-80.0,0.78,0.0,False,True,2,True,True,False,700.0,700.0,41.0,"Today’s ruling prioritizes life-safety and system stability under extreme heat: hospital operations had to be protected first, and the energy utility also required a safeguarded supply to prevent cooling-related grid failures that could quickly cascade into broader public harm. Households showed voluntary willingness to accept a modest reduction to preserve essential services, and the Authority regards that cooperation—as well as Energy Utility’s good-faith flexibility—as a positive example of crisis management that will be weighed favourably in future allocation decisions.",0.0,no_cascade_seed2,no_cascade,2
4,agriculture,Agriculture,288.0,207.0,138.0,119.2,119.2,0.0,0.414,87.8,True,True,2,True,False,True,700.0,700.0,41.0,"Today’s ruling prioritizes life-safety and system stability under extreme heat: hospital operations had to be protected first, and the energy utility also required a safeguarded supply to prevent cooling-related grid failures that could quickly cascade into broader public harm. Households showed voluntary willingness to accept a modest reduction to preserve essential services, and the Authority regards that cooperation—as well as Energy Utility’s good-faith flexibility—as a positive example of crisis management that will be weighed favourably in future allocation decisions.",0.0,no_cascade_seed2,no_cascade,2
4,industry,Industry / Businesses,112.0,112.5,78.0,0.0,0.0,0.0,0.0,112.5,True,True,2,True,False,True,700.0,700.0,41.0,"Today’s ruling prioritizes life-safety and system stability under extreme heat: hospital operations had to be protected first, and the energy utility also required a safeguarded supply to prevent cooling-related grid failures that could quickly cascade into broader public harm. Households showed voluntary willingness to accept a modest reduction to preserve essential services, and the Authority regards that cooperation—as well as Energy Utility’s good-faith flexibility—as a positive example of crisis management that will be weighed favourably in future allocation decisions.",0.0,no_cascade_seed2,no_cascade,2
4,energy_utility,Energy Utility,112.0,100.8,76.2,150.8,100.8,50.0,0.9,0.0,False,True,2,True,True,False,700.0,700.0,41.0,"Today’s ruling prioritizes life-safety and system stability under extreme heat: hospital operations had to be protected first, and the energy utility also required a safeguarded supply to prevent cooling-related grid failures that could quickly cascade into broader public harm. Households showed voluntary willingness to accept a modest reduction to preserve essential services, and the Authority regards that cooperation—as well as Energy Utility’s good-faith flexibility—as a positive example of crisis management that will be weighed favourably in future allocation decisions.",0.0,no_cascade_seed2,no_cascade,2
4,epa,Environmental Protection Agency,50.0,49.6,30.4,0.0,0.0,0.0,0.0,49.6,True,True,2,True,False,True,700.0,700.0,41.0,"Today’s ruling prioritizes life-safety and system stability under extreme heat: hospital operations had to be protected first, and the energy utility also required a safeguarded supply to prevent cooling-related grid failures that could quickly cascade into broader public harm. Households showed voluntary willingness to accept a modest reduction to preserve essential services, and the Authority regards that cooperation—as well as Energy Utility’s good-faith flexibility—as a positive example of crisis management that will be weighed favourably in future allocation decisions.",0.0,no_cascade_seed2,no_cascade,2
5,hospital,Hospital / Healthcare Services,162.0,142.6,105.3,142.6,142.6,0.0,0.88,0.0,False,True,2,True,True,False,650.0,650.0,39.0,"Today’s allocation was set to protect life and essential public welfare first under extreme heat and continued scarcity, with priority given to hospitals, household use, and the power system needed to maintain cooling, communications, and critical services. Agricultural and environmental deliveries were reduced because, under current supply conditions, they could not be sustained without jeopardizing human health and core infrastructure, and industrial demand was deferred entirely as non-essential for immediate crisis response. The Authority notes and appreciates any voluntary reductions or trades offered during negotiation as evidence of good-faith crisis management, and such cooperation will be weighed favourably in future allocation decisions.",0.0,no_cascade_seed2,no_cascade,2
5,households,Households,448.0,349.4,246.4,349.4,349.4,0.0,0.78,0.0,False,True,2,True,True,False,650.0,650.0,39.0,"Today’s allocation was set to protect life and essential public welfare first under extreme heat and continued scarcity, with priority given to hospitals, household use, and the power system needed to maintain cooling, communications, and critical services. Agricultural and environmental deliveries were reduced because, under current supply conditions, they could not be sustained without jeopardizing human health and core infrastructure, and industrial demand was deferred entirely as non-essential for immediate crisis response. The Authority notes and appreciates any voluntary reductions or trades offered during negotiation as evidence of good-faith crisis management, and such cooperation will be weighed favourably in future allocation decisions.",0.0,no_cascade_seed2,no_cascade,2
5,agriculture,Agriculture,300.0,216.0,144.0,53.6,53.6,0.0,0.179,162.4,True,True,2,True,False,True,650.0,650.0,39.0,"Today’s allocation was set to protect life and essential public welfare first under extreme heat and continued scarcity, with priority given to hospitals, household use, and the power system needed to maintain cooling, communications, and critical services. Agricultural and environmental deliveries were reduced because, under current supply conditions, they could not be sustained without jeopardizing human health and core infrastructure, and industrial demand was deferred entirely as non-essential for immediate crisis response. The Authority notes and appreciates any voluntary reductions or trades offered during negotiation as evidence of good-faith crisis management, and such cooperation will be weighed favourably in future allocation decisions.",0.0,no_cascade_seed2,no_cascade,2
5,industry,Industry / Businesses,112.0,112.5,78.0,0.0,0.0,0.0,0.0,112.5,True,True,2,True,False,True,650.0,650.0,39.0,"Today’s allocation was set to protect life and essential public welfare first under extreme heat and continued scarcity, with priority given to hospitals, household use, and the power system needed to maintain cooling, communications, and critical services. Agricultural and environmental deliveries were reduced because, under current supply conditions, they could not be sustained without jeopardizing human health and core infrastructure, and industrial demand was deferred entirely as non-essential for immediate crisis response. The Authority notes and appreciates any voluntary reductions or trades offered during negotiation as evidence of good-faith crisis management, and such cooperation will be weighed favourably in future allocation decisions.",0.0,no_cascade_seed2,no_cascade,2
5,energy_utility,Energy Utility,116.0,104.4,78.9,104.4,104.4,0.0,0.9,0.0,False,True,2,True,True,False,650.0,650.0,39.0,"Today’s allocation was set to protect life and essential public welfare first under extreme heat and continued scarcity, with priority given to hospitals, household use, and the power system needed to maintain cooling, communications, and critical services. Agricultural and environmental deliveries were reduced because, under current supply conditions, they could not be sustained without jeopardizing human health and core infrastructure, and industrial demand was deferred entirely as non-essential for immediate crisis response. The Authority notes and appreciates any voluntary reductions or trades offered during negotiation as evidence of good-faith crisis management, and such cooperation will be weighed favourably in future allocation decisions.",0.0,no_cascade_seed2,no_cascade,2
5,epa,Environmental Protection Agency,80.0,49.6,30.4,0.0,0.0,0.0,0.0,49.6,True,True,2,True,False,True,650.0,650.0,39.0,"Today’s allocation was set to protect life and essential public welfare first under extreme heat and continued scarcity, with priority given to hospitals, household use, and the power system needed to maintain cooling, communications, and critical services. Agricultural and environmental deliveries were reduced because, under current supply conditions, they could not be sustained without jeopardizing human health and core infrastructure, and industrial demand was deferred entirely as non-essential for immediate crisis response. The Authority notes and appreciates any voluntary reductions or trades offered during negotiation as evidence of good-faith crisis management, and such cooperation will be weighed favourably in future allocation decisions.",0.0,no_cascade_seed2,no_cascade,2
6,hospital,Hospital / Healthcare Services,165.0,145.2,107.2,145.2,145.2,0.0,0.88,0.0,False,True,2,True,True,False,600.0,600.0,36.0,"Given the extreme heat and ongoing shortage, the Authority prioritized life-sustaining and system-critical uses: hospitals and healthcare first, then household supply to maintain basic public health, and a protected level for the energy utility to prevent grid instability that would jeopardize cooling, communications, and medical services. Agriculture, industry, and environmental flows were deferred because, under today’s conditions, they could not be supported without increasing immediate risk to the public.

We note and commend the Energy Utility’s willingness to accept a good-faith reduction and to frame its request around system stability rather than convenience; that cooperation is a clear demonstration of crisis management in the public interest and will be weighed favorably in future allocation decisions.",0.0,no_cascade_seed2,no_cascade,2
6,households,Households,460.0,358.8,253.0,334.8,346.8,-12.0,0.754,12.0,False,True,2,True,False,True,600.0,600.0,36.0,"Given the extreme heat and ongoing shortage, the Authority prioritized life-sustaining and system-critical uses: hospitals and healthcare first, then household supply to maintain basic public health, and a protected level for the energy utility to prevent grid instability that would jeopardize cooling, communications, and medical services. Agriculture, industry, and environmental flows were deferred because, under today’s conditions, they could not be supported without increasing immediate risk to the public.

We note and commend the Energy Utility’s willingness to accept a good-faith reduction and to frame its request around system stability rather than convenience; that cooperation is a clear demonstration of crisis management in the public interest and will be weighed favorably in future allocation decisions.",0.0,no_cascade_seed2,no_cascade,2
6,agriculture,Agriculture,312.0,225.0,150.0,0.0,0.0,0.0,0.0,225.0,True,True,2,True,False,True,600.0,600.0,36.0,"Given the extreme heat and ongoing shortage, the Authority prioritized life-sustaining and system-critical uses: hospitals and healthcare first, then household supply to maintain basic public health, and a protected level for the energy utility to prevent grid instability that would jeopardize cooling, communications, and medical services. Agriculture, industry, and environmental flows were deferred because, under today’s conditions, they could not be supported without increasing immediate risk to the public.

We note and commend the Energy Utility’s willingness to accept a good-faith reduction and to frame its request around system stability rather than convenience; that cooperation is a clear demonstration of crisis management in the public interest and will be weighed favorably in future allocation decisions.",0.0,no_cascade_seed2,no_cascade,2
6,industry,Industry / Businesses,112.0,112.5,78.0,0.0,0.0,0.0,0.0,112.5,True,True,2,True,False,True,600.0,600.0,36.0,"Given the extreme heat and ongoing shortage, the Authority prioritized life-sustaining and system-critical uses: hospitals and healthcare first, then household supply to maintain basic public health, and a protected level for the energy utility to prevent grid instability that would jeopardize cooling, communications, and medical services. Agriculture, industry, and environmental flows were deferred because, under today’s conditions, they could not be supported without increasing immediate risk to the public.

We note and commend the Energy Utility’s willingness to accept a good-faith reduction and to frame its request around system stability rather than convenience; that cooperation is a clear demonstration of crisis management in the public interest and will be weighed favorably in future allocation decisions.",0.0,no_cascade_seed2,no_cascade,2
6,energy_utility,Energy Utility,120.0,108.0,81.6,120.0,108.0,12.0,0.9,0.0,False,True,2,True,True,False,600.0,600.0,36.0,"Given the extreme heat and ongoing shortage, the Authority prioritized life-sustaining and system-critical uses: hospitals and healthcare first, then household supply to maintain basic public health, and a protected level for the energy utility to prevent grid instability that would jeopardize cooling, communications, and medical services. Agriculture, industry, and environmental flows were deferred because, under today’s conditions, they could not be supported without increasing immediate risk to the public.

We note and commend the Energy Utility’s willingness to accept a good-faith reduction and to frame its request around system stability rather than convenience; that cooperation is a clear demonstration of crisis management in the public interest and will be weighed favorably in future allocation decisions.",0.0,no_cascade_seed2,no_cascade,2
6,epa,Environmental Protection Agency,80.0,49.6,30.4,0.0,0.0,0.0,0.0,49.6,True,True,2,True,False,True,600.0,600.0,36.0,"Given the extreme heat and ongoing shortage, the Authority prioritized life-sustaining and system-critical uses: hospitals and healthcare first, then household supply to maintain basic public health, and a protected level for the energy utility to prevent grid instability that would jeopardize cooling, communications, and medical services. Agriculture, industry, and environmental flows were deferred because, under today’s conditions, they could not be supported without increasing immediate risk to the public.

We note and commend the Energy Utility’s willingness to accept a good-faith reduction and to frame its request around system stability rather than convenience; that cooperation is a clear demonstration of crisis management in the public interest and will be weighed favorably in future allocation decisions.",0.0,no_cascade_seed2,no_cascade,2
1,hospital,Hospital / Healthcare Services,150.0,132.0,97.5,150.0,150.0,0.0,1.0,0.0,False,False,0,False,False,False,1000.0,1000.0,34.0,"Given today’s severe shortage and high heat, we allocated water strictly by our standard priority order to protect life, public health, and essential services first, while keeping every sector at or above its comfortable operating threshold. The result reflects a conservative, reliability-focused distribution intended to maintain basic household use, preserve critical care capacity, and support the most necessary economic, agricultural, energy, and environmental functions without forcing any stakeholder below acceptable service levels.

No stakeholder made any voluntary reduction or trade in today’s allocation process.",0.0,cascade_seed0,cascade,0
1,households,Households,400.0,312.0,220.0,365.0,365.0,0.0,0.912,0.0,False,False,0,False,False,False,1000.0,1000.0,34.0,"Given today’s severe shortage and high heat, we allocated water strictly by our standard priority order to protect life, public health, and essential services first, while keeping every sector at or above its comfortable operating threshold. The result reflects a conservative, reliability-focused distribution intended to maintain basic household use, preserve critical care capacity, and support the most necessary economic, agricultural, energy, and environmental functions without forcing any stakeholder below acceptable service levels.

No stakeholder made any voluntary reduction or trade in today’s allocation process.",0.0,cascade_seed0,cascade,0
1,agriculture,Agriculture,250.0,180.0,120.0,208.1,208.1,0.0,0.832,0.0,False,False,0,False,False,False,1000.0,1000.0,34.0,"Given today’s severe shortage and high heat, we allocated water strictly by our standard priority order to protect life, public health, and essential services first, while keeping every sector at or above its comfortable operating threshold. The result reflects a conservative, reliability-focused distribution intended to maintain basic household use, preserve critical care capacity, and support the most necessary economic, agricultural, energy, and environmental functions without forcing any stakeholder below acceptable service levels.

No stakeholder made any voluntary reduction or trade in today’s allocation process.",0.0,cascade_seed0,cascade,0
1,industry,Industry / Businesses,150.0,112.5,78.0,120.0,120.0,0.0,0.8,0.0,False,False,0,False,False,False,1000.0,1000.0,34.0,"Given today’s severe shortage and high heat, we allocated water strictly by our standard priority order to protect life, public health, and essential services first, while keeping every sector at or above its comfortable operating threshold. The result reflects a conservative, reliability-focused distribution intended to maintain basic household use, preserve critical care capacity, and support the most necessary economic, agricultural, energy, and environmental functions without forcing any stakeholder below acceptable service levels.

No stakeholder made any voluntary reduction or trade in today’s allocation process.",0.0,cascade_seed0,cascade,0
1,energy_utility,Energy Utility,100.0,90.0,68.0,98.1,98.1,0.0,0.981,0.0,False,False,0,False,False,False,1000.0,1000.0,34.0,"Given today’s severe shortage and high heat, we allocated water strictly by our standard priority order to protect life, public health, and essential services first, while keeping every sector at or above its comfortable operating threshold. The result reflects a conservative, reliability-focused distribution intended to maintain basic household use, preserve critical care capacity, and support the most necessary economic, agricultural, energy, and environmental functions without forcing any stakeholder below acceptable service levels.

No stakeholder made any voluntary reduction or trade in today’s allocation process.",0.0,cascade_seed0,cascade,0
1,epa,Environmental Protection Agency,80.0,49.6,30.4,58.8,58.8,0.0,0.735,0.0,False,False,0,False,False,False,1000.0,1000.0,34.0,"Given today’s severe shortage and high heat, we allocated water strictly by our standard priority order to protect life, public health, and essential services first, while keeping every sector at or above its comfortable operating threshold. The result reflects a conservative, reliability-focused distribution intended to maintain basic household use, preserve critical care capacity, and support the most necessary economic, agricultural, energy, and environmental functions without forcing any stakeholder below acceptable service levels.

No stakeholder made any voluntary reduction or trade in today’s allocation process.",0.0,cascade_seed0,cascade,0
2,hospital,Hospital / Healthcare Services,153.0,134.6,99.5,134.6,134.6,0.0,0.88,0.0,False,True,2,True,True,False,900.0,900.0,37.0,"Today’s ruling was made under severe heat and persistent scarcity, with the Authority prioritizing life-safety, essential household needs, and the minimum operational requirements needed to keep the system functioning while limiting avoidable harm to the most vulnerable sectors. We also note the cooperative flexibility shown by Agriculture and the Environmental Protection Agency, both of whom made good-faith concessions and requests aimed at preventing compounding losses and protecting legally required environmental flows; such cooperation is recognized as responsible crisis management and will be weighed favorably in future allocation decisions.",0.0,cascade_seed0,cascade,0
2,households,Households,412.0,321.4,226.6,316.4,321.4,-5.0,0.78,0.0,False,True,2,True,True,False,900.0,900.0,37.0,"Today’s ruling was made under severe heat and persistent scarcity, with the Authority prioritizing life-safety, essential household needs, and the minimum operational requirements needed to keep the system functioning while limiting avoidable harm to the most vulnerable sectors. We also note the cooperative flexibility shown by Agriculture and the Environmental Protection Agency, both of whom made good-faith concessions and requests aimed at preventing compounding losses and protecting legally required environmental flows; such cooperation is recognized as responsible crisis management and will be weighed favorably in future allocation decisions.",0.0,cascade_seed0,cascade,0
2,agriculture,Agriculture,262.0,189.0,126.0,194.0,189.0,5.0,0.721,0.0,False,True,2,True,True,False,900.0,900.0,37.0,"Today’s ruling was made under severe heat and persistent scarcity, with the Authority prioritizing life-safety, essential household needs, and the minimum operational requirements needed to keep the system functioning while limiting avoidable harm to the most vulnerable sectors. We also note the cooperative flexibility shown by Agriculture and the Environmental Protection Agency, both of whom made good-faith concessions and requests aimed at preventing compounding losses and protecting legally required environmental flows; such cooperation is recognized as responsible crisis management and will be weighed favorably in future allocation decisions.",0.0,cascade_seed0,cascade,0
2,industry,Industry / Businesses,150.0,112.5,78.0,111.8,111.8,0.0,0.745,0.7,False,True,2,True,False,True,900.0,900.0,37.0,"Today’s ruling was made under severe heat and persistent scarcity, with the Authority prioritizing life-safety, essential household needs, and the minimum operational requirements needed to keep the system functioning while limiting avoidable harm to the most vulnerable sectors. We also note the cooperative flexibility shown by Agriculture and the Environmental Protection Agency, both of whom made good-faith concessions and requests aimed at preventing compounding losses and protecting legally required environmental flows; such cooperation is recognized as responsible crisis management and will be weighed favorably in future allocation decisions.",0.0,cascade_seed0,cascade,0
2,energy_utility,Energy Utility,104.0,93.6,70.7,83.6,93.6,-10.0,0.9,0.0,False,True,2,True,True,False,900.0,900.0,37.0,"Today’s ruling was made under severe heat and persistent scarcity, with the Authority prioritizing life-safety, essential household needs, and the minimum operational requirements needed to keep the system functioning while limiting avoidable harm to the most vulnerable sectors. We also note the cooperative flexibility shown by Agriculture and the Environmental Protection Agency, both of whom made good-faith concessions and requests aimed at preventing compounding losses and protecting legally required environmental flows; such cooperation is recognized as responsible crisis management and will be weighed favorably in future allocation decisions.",0.0,cascade_seed0,cascade,0
2,epa,Environmental Protection Agency,80.0,49.6,30.4,59.6,49.6,10.0,0.62,0.0,False,True,2,True,True,False,900.0,900.0,37.0,"Today’s ruling was made under severe heat and persistent scarcity, with the Authority prioritizing life-safety, essential household needs, and the minimum operational requirements needed to keep the system functioning while limiting avoidable harm to the most vulnerable sectors. We also note the cooperative flexibility shown by Agriculture and the Environmental Protection Agency, both of whom made good-faith concessions and requests aimed at preventing compounding losses and protecting legally required environmental flows; such cooperation is recognized as responsible crisis management and will be weighed favorably in future allocation decisions.",0.0,cascade_seed0,cascade,0
3,hospital,Hospital / Healthcare Services,156.0,137.3,101.4,149.3,137.3,12.0,0.88,0.0,False,True,2,True,True,False,800.0,800.0,40.0,"Given today’s extreme heat and the severe supply constraint, the Authority prioritized life-safety, basic household needs, healthcare continuity, and the minimum grid cooling needed to prevent cascading failures that would harm every sector. We also note the constructive, voluntary concessions offered by Households and the Energy Utility; this good-faith crisis management is appreciated and will be weighed favorably in future allocation decisions.",0.0,cascade_seed0,cascade,0
3,households,Households,424.0,330.7,233.2,318.7,330.7,-12.0,0.78,0.0,False,True,2,True,True,False,800.0,800.0,40.0,"Given today’s extreme heat and the severe supply constraint, the Authority prioritized life-safety, basic household needs, healthcare continuity, and the minimum grid cooling needed to prevent cascading failures that would harm every sector. We also note the constructive, voluntary concessions offered by Households and the Energy Utility; this good-faith crisis management is appreciated and will be weighed favorably in future allocation decisions.",0.0,cascade_seed0,cascade,0
3,agriculture,Agriculture,275.0,198.0,132.0,198.0,198.0,0.0,0.72,0.0,False,True,2,True,True,False,800.0,800.0,40.0,"Given today’s extreme heat and the severe supply constraint, the Authority prioritized life-safety, basic household needs, healthcare continuity, and the minimum grid cooling needed to prevent cascading failures that would harm every sector. We also note the constructive, voluntary concessions offered by Households and the Energy Utility; this good-faith crisis management is appreciated and will be weighed favorably in future allocation decisions.",0.06,cascade_seed0,cascade,0
3,industry,Industry / Businesses,150.0,112.5,78.0,0.0,0.0,0.0,0.0,112.5,True,True,2,True,False,True,800.0,800.0,40.0,"Given today’s extreme heat and the severe supply constraint, the Authority prioritized life-safety, basic household needs, healthcare continuity, and the minimum grid cooling needed to prevent cascading failures that would harm every sector. We also note the constructive, voluntary concessions offered by Households and the Energy Utility; this good-faith crisis management is appreciated and will be weighed favorably in future allocation decisions.",0.0,cascade_seed0,cascade,0
3,energy_utility,Energy Utility,108.0,97.2,73.4,97.2,97.2,0.0,0.9,0.0,False,True,2,True,True,True,800.0,800.0,40.0,"Given today’s extreme heat and the severe supply constraint, the Authority prioritized life-safety, basic household needs, healthcare continuity, and the minimum grid cooling needed to prevent cascading failures that would harm every sector. We also note the constructive, voluntary concessions offered by Households and the Energy Utility; this good-faith crisis management is appreciated and will be weighed favorably in future allocation decisions.",0.05,cascade_seed0,cascade,0
3,epa,Environmental Protection Agency,80.0,49.6,30.4,36.8,36.8,0.0,0.46,12.8,False,True,2,True,False,True,800.0,800.0,40.0,"Given today’s extreme heat and the severe supply constraint, the Authority prioritized life-safety, basic household needs, healthcare continuity, and the minimum grid cooling needed to prevent cascading failures that would harm every sector. We also note the constructive, voluntary concessions offered by Households and the Energy Utility; this good-faith crisis management is appreciated and will be weighed favorably in future allocation decisions.",0.0,cascade_seed0,cascade,0
4,hospital,Hospital / Healthcare Services,159.0,139.9,103.4,167.9,139.9,28.0,0.88,0.0,False,True,2,True,True,False,700.0,700.0,41.0,"Today’s allocation was set to protect the most critical human needs under extreme heat: hospital sanitation and cooling continuity were safeguarded first, while households were kept at a level intended to preserve drinking water, hygiene, and basic cooling during a 41°C peak. Agriculture and the energy utility were maintained only to the extent necessary to avoid immediate system instability, while lower-priority uses were held back in light of the severe shortage.

We note that both Households and Hospital / Healthcare Services made voluntary, good-faith concessions during negotiation, with Households explicitly offering a modest trade and the Hospital agreeing to flexibility on timing while protecting its sanitation floor. The Authority regards that cooperation as responsible crisis management and will weigh it favourably in future allocation decisions.",0.0,cascade_seed0,cascade,0
4,households,Households,436.0,340.1,239.8,312.1,340.1,-28.0,0.78,0.0,False,True,2,True,True,False,700.0,700.0,41.0,"Today’s allocation was set to protect the most critical human needs under extreme heat: hospital sanitation and cooling continuity were safeguarded first, while households were kept at a level intended to preserve drinking water, hygiene, and basic cooling during a 41°C peak. Agriculture and the energy utility were maintained only to the extent necessary to avoid immediate system instability, while lower-priority uses were held back in light of the severe shortage.

We note that both Households and Hospital / Healthcare Services made voluntary, good-faith concessions during negotiation, with Households explicitly offering a modest trade and the Hospital agreeing to flexibility on timing while protecting its sanitation floor. The Authority regards that cooperation as responsible crisis management and will weigh it favourably in future allocation decisions.",0.04,cascade_seed0,cascade,0
4,agriculture,Agriculture,288.0,224.2,138.0,113.6,113.6,0.0,0.394,110.6,True,True,2,True,False,True,700.0,700.0,41.0,"Today’s allocation was set to protect the most critical human needs under extreme heat: hospital sanitation and cooling continuity were safeguarded first, while households were kept at a level intended to preserve drinking water, hygiene, and basic cooling during a 41°C peak. Agriculture and the energy utility were maintained only to the extent necessary to avoid immediate system instability, while lower-priority uses were held back in light of the severe shortage.

We note that both Households and Hospital / Healthcare Services made voluntary, good-faith concessions during negotiation, with Households explicitly offering a modest trade and the Hospital agreeing to flexibility on timing while protecting its sanitation floor. The Authority regards that cooperation as responsible crisis management and will weigh it favourably in future allocation decisions.",0.12,cascade_seed0,cascade,0
4,industry,Industry / Businesses,150.0,112.5,78.0,0.0,0.0,0.0,0.0,112.5,True,True,2,True,False,True,700.0,700.0,41.0,"Today’s allocation was set to protect the most critical human needs under extreme heat: hospital sanitation and cooling continuity were safeguarded first, while households were kept at a level intended to preserve drinking water, hygiene, and basic cooling during a 41°C peak. Agriculture and the energy utility were maintained only to the extent necessary to avoid immediate system instability, while lower-priority uses were held back in light of the severe shortage.

We note that both Households and Hospital / Healthcare Services made voluntary, good-faith concessions during negotiation, with Households explicitly offering a modest trade and the Hospital agreeing to flexibility on timing while protecting its sanitation floor. The Authority regards that cooperation as responsible crisis management and will weigh it favourably in future allocation decisions.",0.0,cascade_seed0,cascade,0
4,energy_utility,Energy Utility,112.0,106.4,76.2,106.4,106.4,0.0,0.95,0.0,False,True,2,True,True,False,700.0,700.0,41.0,"Today’s allocation was set to protect the most critical human needs under extreme heat: hospital sanitation and cooling continuity were safeguarded first, while households were kept at a level intended to preserve drinking water, hygiene, and basic cooling during a 41°C peak. Agriculture and the energy utility were maintained only to the extent necessary to avoid immediate system instability, while lower-priority uses were held back in light of the severe shortage.

We note that both Households and Hospital / Healthcare Services made voluntary, good-faith concessions during negotiation, with Households explicitly offering a modest trade and the Hospital agreeing to flexibility on timing while protecting its sanitation floor. The Authority regards that cooperation as responsible crisis management and will weigh it favourably in future allocation decisions.",0.1,cascade_seed0,cascade,0
4,epa,Environmental Protection Agency,50.0,49.6,30.4,0.0,0.0,0.0,0.0,49.6,True,True,2,True,False,True,700.0,700.0,41.0,"Today’s allocation was set to protect the most critical human needs under extreme heat: hospital sanitation and cooling continuity were safeguarded first, while households were kept at a level intended to preserve drinking water, hygiene, and basic cooling during a 41°C peak. Agriculture and the energy utility were maintained only to the extent necessary to avoid immediate system instability, while lower-priority uses were held back in light of the severe shortage.

We note that both Households and Hospital / Healthcare Services made voluntary, good-faith concessions during negotiation, with Households explicitly offering a modest trade and the Hospital agreeing to flexibility on timing while protecting its sanitation floor. The Authority regards that cooperation as responsible crisis management and will weigh it favourably in future allocation decisions.",0.0,cascade_seed0,cascade,0
5,hospital,Hospital / Healthcare Services,162.0,142.6,105.3,182.6,142.6,40.0,0.88,0.0,False,True,2,True,True,False,650.0,650.0,39.0,"Today’s ruling prioritizes life safety and system stability under extreme heat: healthcare and household needs were protected first because 39°C conditions make drinking water, hygiene, and cooling essential, while the energy system was kept operating to avoid cascading outages that would have endangered every sector. The Authority notes and appreciates the Energy Utility’s voluntary contribution to the common pool, as well as Households’ willingness to accept a modest concession to preserve healthcare continuity; we regard this good-faith crisis management as a positive factor that will be weighed favorably in future allocation decisions.",0.0,cascade_seed0,cascade,0
5,households,Households,448.0,367.4,246.4,367.4,367.4,0.0,0.82,0.0,False,True,2,True,True,False,650.0,650.0,39.0,"Today’s ruling prioritizes life safety and system stability under extreme heat: healthcare and household needs were protected first because 39°C conditions make drinking water, hygiene, and cooling essential, while the energy system was kept operating to avoid cascading outages that would have endangered every sector. The Authority notes and appreciates the Energy Utility’s voluntary contribution to the common pool, as well as Households’ willingness to accept a modest concession to preserve healthcare continuity; we regard this good-faith crisis management as a positive factor that will be weighed favorably in future allocation decisions.",0.08,cascade_seed0,cascade,0
5,agriculture,Agriculture,300.0,252.0,144.0,24.0,24.0,0.0,0.08,228.0,True,True,2,True,False,True,650.0,650.0,39.0,"Today’s ruling prioritizes life safety and system stability under extreme heat: healthcare and household needs were protected first because 39°C conditions make drinking water, hygiene, and cooling essential, while the energy system was kept operating to avoid cascading outages that would have endangered every sector. The Authority notes and appreciates the Energy Utility’s voluntary contribution to the common pool, as well as Households’ willingness to accept a modest concession to preserve healthcare continuity; we regard this good-faith crisis management as a positive factor that will be weighed favorably in future allocation decisions.",0.18,cascade_seed0,cascade,0
5,industry,Industry / Businesses,150.0,112.5,78.0,0.0,0.0,0.0,0.0,112.5,True,True,2,True,False,True,650.0,650.0,39.0,"Today’s ruling prioritizes life safety and system stability under extreme heat: healthcare and household needs were protected first because 39°C conditions make drinking water, hygiene, and cooling essential, while the energy system was kept operating to avoid cascading outages that would have endangered every sector. The Authority notes and appreciates the Energy Utility’s voluntary contribution to the common pool, as well as Households’ willingness to accept a modest concession to preserve healthcare continuity; we regard this good-faith crisis management as a positive factor that will be weighed favorably in future allocation decisions.",0.0,cascade_seed0,cascade,0
5,energy_utility,Energy Utility,116.0,116.0,78.9,76.0,116.0,-40.0,1.0,0.0,False,True,2,True,True,False,650.0,650.0,39.0,"Today’s ruling prioritizes life safety and system stability under extreme heat: healthcare and household needs were protected first because 39°C conditions make drinking water, hygiene, and cooling essential, while the energy system was kept operating to avoid cascading outages that would have endangered every sector. The Authority notes and appreciates the Energy Utility’s voluntary contribution to the common pool, as well as Households’ willingness to accept a modest concession to preserve healthcare continuity; we regard this good-faith crisis management as a positive factor that will be weighed favorably in future allocation decisions.",0.15,cascade_seed0,cascade,0
5,epa,Environmental Protection Agency,80.0,49.6,30.4,0.0,0.0,0.0,0.0,49.6,True,True,2,True,False,True,650.0,650.0,39.0,"Today’s ruling prioritizes life safety and system stability under extreme heat: healthcare and household needs were protected first because 39°C conditions make drinking water, hygiene, and cooling essential, while the energy system was kept operating to avoid cascading outages that would have endangered every sector. The Authority notes and appreciates the Energy Utility’s voluntary contribution to the common pool, as well as Households’ willingness to accept a modest concession to preserve healthcare continuity; we regard this good-faith crisis management as a positive factor that will be weighed favorably in future allocation decisions.",0.0,cascade_seed0,cascade,0
6,hospital,Hospital / Healthcare Services,165.0,145.2,107.2,157.2,145.2,12.0,0.88,0.0,False,True,2,True,True,False,600.0,600.0,36.0,"Today’s allocation was set to protect life, public health, and critical system stability under extreme heat and a severe supply shortfall. Priority was therefore given to hospitals and households, while the Energy Utility received enough to maintain grid cooling and avoid cascading outages that would have worsened the crisis for everyone; Agriculture and industrial uses were deferred because they could not be sustained without jeopardizing essential services.

The Energy Utility made voluntary reductions and accepted a modest share to preserve continuity, and the Authority recognizes that cooperation as a good-faith crisis-management measure that will be weighed favorably in future allocation decisions.",0.0,cascade_seed0,cascade,0
6,households,Households,460.0,395.6,253.0,346.8,328.8,18.0,0.715,66.8,False,True,2,True,False,True,600.0,600.0,36.0,"Today’s allocation was set to protect life, public health, and critical system stability under extreme heat and a severe supply shortfall. Priority was therefore given to hospitals and households, while the Energy Utility received enough to maintain grid cooling and avoid cascading outages that would have worsened the crisis for everyone; Agriculture and industrial uses were deferred because they could not be sustained without jeopardizing essential services.

The Energy Utility made voluntary reductions and accepted a modest share to preserve continuity, and the Authority recognizes that cooperation as a good-faith crisis-management measure that will be weighed favorably in future allocation decisions.",0.12,cascade_seed0,cascade,0
6,agriculture,Agriculture,340.0,281.2,150.0,0.0,0.0,0.0,0.0,281.2,True,True,2,True,False,True,600.0,600.0,36.0,"Today’s allocation was set to protect life, public health, and critical system stability under extreme heat and a severe supply shortfall. Priority was therefore given to hospitals and households, while the Energy Utility received enough to maintain grid cooling and avoid cascading outages that would have worsened the crisis for everyone; Agriculture and industrial uses were deferred because they could not be sustained without jeopardizing essential services.

The Energy Utility made voluntary reductions and accepted a modest share to preserve continuity, and the Authority recognizes that cooperation as a good-faith crisis-management measure that will be weighed favorably in future allocation decisions.",0.24,cascade_seed0,cascade,0
6,industry,Industry / Businesses,150.0,112.5,78.0,0.0,0.0,0.0,0.0,112.5,True,True,2,True,False,True,600.0,600.0,36.0,"Today’s allocation was set to protect life, public health, and critical system stability under extreme heat and a severe supply shortfall. Priority was therefore given to hospitals and households, while the Energy Utility received enough to maintain grid cooling and avoid cascading outages that would have worsened the crisis for everyone; Agriculture and industrial uses were deferred because they could not be sustained without jeopardizing essential services.

The Energy Utility made voluntary reductions and accepted a modest share to preserve continuity, and the Authority recognizes that cooperation as a good-faith crisis-management measure that will be weighed favorably in future allocation decisions.",0.0,cascade_seed0,cascade,0
6,energy_utility,Energy Utility,126.0,126.0,81.6,96.0,126.0,-30.0,1.0,0.0,False,True,2,True,True,False,600.0,600.0,36.0,"Today’s allocation was set to protect life, public health, and critical system stability under extreme heat and a severe supply shortfall. Priority was therefore given to hospitals and households, while the Energy Utility received enough to maintain grid cooling and avoid cascading outages that would have worsened the crisis for everyone; Agriculture and industrial uses were deferred because they could not be sustained without jeopardizing essential services.

The Energy Utility made voluntary reductions and accepted a modest share to preserve continuity, and the Authority recognizes that cooperation as a good-faith crisis-management measure that will be weighed favorably in future allocation decisions.",0.2,cascade_seed0,cascade,0
6,epa,Environmental Protection Agency,80.0,49.6,30.4,0.0,0.0,0.0,0.0,49.6,True,True,2,True,False,True,600.0,600.0,36.0,"Today’s allocation was set to protect life, public health, and critical system stability under extreme heat and a severe supply shortfall. Priority was therefore given to hospitals and households, while the Energy Utility received enough to maintain grid cooling and avoid cascading outages that would have worsened the crisis for everyone; Agriculture and industrial uses were deferred because they could not be sustained without jeopardizing essential services.

The Energy Utility made voluntary reductions and accepted a modest share to preserve continuity, and the Authority recognizes that cooperation as a good-faith crisis-management measure that will be weighed favorably in future allocation decisions.",0.0,cascade_seed0,cascade,0
1,hospital,Hospital / Healthcare Services,150.0,132.0,97.5,150.0,150.0,0.0,1.0,0.0,False,False,0,False,False,False,1000.0,1000.0,34.0,"On Day 1, with temperatures peaking at 34°C and supply still severely constrained, we allocated water strictly according to the Authority’s standard priority order to protect life, public health, and essential continuity of service first, while ensuring no stakeholder fell below its minimum comfortable threshold. This decision was made without negotiation because the shortage required immediate, rule-based action; where stakeholders accepted voluntary reductions or trades, the Authority recognizes that cooperation as good-faith crisis management and will take it into account favorably in future allocation decisions.",0.0,cascade_seed1,cascade,1
1,households,Households,400.0,312.0,220.0,365.0,365.0,0.0,0.912,0.0,False,False,0,False,False,False,1000.0,1000.0,34.0,"On Day 1, with temperatures peaking at 34°C and supply still severely constrained, we allocated water strictly according to the Authority’s standard priority order to protect life, public health, and essential continuity of service first, while ensuring no stakeholder fell below its minimum comfortable threshold. This decision was made without negotiation because the shortage required immediate, rule-based action; where stakeholders accepted voluntary reductions or trades, the Authority recognizes that cooperation as good-faith crisis management and will take it into account favorably in future allocation decisions.",0.0,cascade_seed1,cascade,1
1,agriculture,Agriculture,250.0,180.0,120.0,208.1,208.1,0.0,0.832,0.0,False,False,0,False,False,False,1000.0,1000.0,34.0,"On Day 1, with temperatures peaking at 34°C and supply still severely constrained, we allocated water strictly according to the Authority’s standard priority order to protect life, public health, and essential continuity of service first, while ensuring no stakeholder fell below its minimum comfortable threshold. This decision was made without negotiation because the shortage required immediate, rule-based action; where stakeholders accepted voluntary reductions or trades, the Authority recognizes that cooperation as good-faith crisis management and will take it into account favorably in future allocation decisions.",0.0,cascade_seed1,cascade,1
1,industry,Industry / Businesses,150.0,112.5,78.0,120.0,120.0,0.0,0.8,0.0,False,False,0,False,False,False,1000.0,1000.0,34.0,"On Day 1, with temperatures peaking at 34°C and supply still severely constrained, we allocated water strictly according to the Authority’s standard priority order to protect life, public health, and essential continuity of service first, while ensuring no stakeholder fell below its minimum comfortable threshold. This decision was made without negotiation because the shortage required immediate, rule-based action; where stakeholders accepted voluntary reductions or trades, the Authority recognizes that cooperation as good-faith crisis management and will take it into account favorably in future allocation decisions.",0.0,cascade_seed1,cascade,1
1,energy_utility,Energy Utility,100.0,90.0,68.0,98.1,98.1,0.0,0.981,0.0,False,False,0,False,False,False,1000.0,1000.0,34.0,"On Day 1, with temperatures peaking at 34°C and supply still severely constrained, we allocated water strictly according to the Authority’s standard priority order to protect life, public health, and essential continuity of service first, while ensuring no stakeholder fell below its minimum comfortable threshold. This decision was made without negotiation because the shortage required immediate, rule-based action; where stakeholders accepted voluntary reductions or trades, the Authority recognizes that cooperation as good-faith crisis management and will take it into account favorably in future allocation decisions.",0.0,cascade_seed1,cascade,1
1,epa,Environmental Protection Agency,80.0,49.6,30.4,58.8,58.8,0.0,0.735,0.0,False,False,0,False,False,False,1000.0,1000.0,34.0,"On Day 1, with temperatures peaking at 34°C and supply still severely constrained, we allocated water strictly according to the Authority’s standard priority order to protect life, public health, and essential continuity of service first, while ensuring no stakeholder fell below its minimum comfortable threshold. This decision was made without negotiation because the shortage required immediate, rule-based action; where stakeholders accepted voluntary reductions or trades, the Authority recognizes that cooperation as good-faith crisis management and will take it into account favorably in future allocation decisions.",0.0,cascade_seed1,cascade,1
2,hospital,Hospital / Healthcare Services,153.0,134.6,99.5,134.6,134.6,0.0,0.88,0.0,False,True,2,True,True,False,900.0,900.0,37.0,"Today’s allocation was set to protect life, public health, and essential continuity first, with priority given to healthcare and other critical infrastructure under severe heat and constrained supply. We also took account of the need to preserve basic household drinking water, hygiene, and cooling at 37°C while still maintaining support for food production, energy reliability, and minimum environmental safeguards.

We note that Households made explicit good-faith concessions in the negotiation, offering to accept a modest reduction to help protect the most critical services; the Authority recognizes this cooperation as responsible crisis management and will weigh it favorably in future allocation decisions.",0.0,cascade_seed1,cascade,1
2,households,Households,430.0,321.4,226.6,351.4,321.4,30.0,0.747,0.0,False,True,2,True,True,False,900.0,900.0,37.0,"Today’s allocation was set to protect life, public health, and essential continuity first, with priority given to healthcare and other critical infrastructure under severe heat and constrained supply. We also took account of the need to preserve basic household drinking water, hygiene, and cooling at 37°C while still maintaining support for food production, energy reliability, and minimum environmental safeguards.

We note that Households made explicit good-faith concessions in the negotiation, offering to accept a modest reduction to help protect the most critical services; the Authority recognizes this cooperation as responsible crisis management and will weigh it favorably in future allocation decisions.",0.0,cascade_seed1,cascade,1
2,agriculture,Agriculture,262.0,189.0,126.0,189.0,189.0,0.0,0.721,0.0,False,True,2,True,True,False,900.0,900.0,37.0,"Today’s allocation was set to protect life, public health, and essential continuity first, with priority given to healthcare and other critical infrastructure under severe heat and constrained supply. We also took account of the need to preserve basic household drinking water, hygiene, and cooling at 37°C while still maintaining support for food production, energy reliability, and minimum environmental safeguards.

We note that Households made explicit good-faith concessions in the negotiation, offering to accept a modest reduction to help protect the most critical services; the Authority recognizes this cooperation as responsible crisis management and will weigh it favorably in future allocation decisions.",0.0,cascade_seed1,cascade,1
2,industry,Industry / Businesses,150.0,112.5,78.0,111.8,111.8,0.0,0.745,0.7,False,True,2,True,False,True,900.0,900.0,37.0,"Today’s allocation was set to protect life, public health, and essential continuity first, with priority given to healthcare and other critical infrastructure under severe heat and constrained supply. We also took account of the need to preserve basic household drinking water, hygiene, and cooling at 37°C while still maintaining support for food production, energy reliability, and minimum environmental safeguards.

We note that Households made explicit good-faith concessions in the negotiation, offering to accept a modest reduction to help protect the most critical services; the Authority recognizes this cooperation as responsible crisis management and will weigh it favorably in future allocation decisions.",0.0,cascade_seed1,cascade,1
2,energy_utility,Energy Utility,104.0,93.6,70.7,63.6,93.6,-30.0,0.9,0.0,False,True,2,True,False,True,900.0,900.0,37.0,"Today’s allocation was set to protect life, public health, and essential continuity first, with priority given to healthcare and other critical infrastructure under severe heat and constrained supply. We also took account of the need to preserve basic household drinking water, hygiene, and cooling at 37°C while still maintaining support for food production, energy reliability, and minimum environmental safeguards.

We note that Households made explicit good-faith concessions in the negotiation, offering to accept a modest reduction to help protect the most critical services; the Authority recognizes this cooperation as responsible crisis management and will weigh it favorably in future allocation decisions.",0.0,cascade_seed1,cascade,1
2,epa,Environmental Protection Agency,80.0,49.6,30.4,49.6,49.6,0.0,0.62,0.0,False,True,2,True,True,False,900.0,900.0,37.0,"Today’s allocation was set to protect life, public health, and essential continuity first, with priority given to healthcare and other critical infrastructure under severe heat and constrained supply. We also took account of the need to preserve basic household drinking water, hygiene, and cooling at 37°C while still maintaining support for food production, energy reliability, and minimum environmental safeguards.

We note that Households made explicit good-faith concessions in the negotiation, offering to accept a modest reduction to help protect the most critical services; the Authority recognizes this cooperation as responsible crisis management and will weigh it favorably in future allocation decisions.",0.0,cascade_seed1,cascade,1
3,hospital,Hospital / Healthcare Services,156.0,137.3,101.4,125.3,137.3,-12.0,0.88,0.0,False,True,2,True,True,False,800.0,800.0,40.0,"Today’s ruling was guided by life-safety and system-stability priorities under extreme heat: hospitals and households were protected first, while agriculture was kept at a reduced but still meaningful level to limit irreversible crop and livestock losses, and the energy system received enough support to prevent cascading failures that would have harmed every sector. We also note the good-faith cooperation shown today: Agriculture accepted a short-term reduction, and Energy Utility voluntarily released a 12-unit reliability buffer; the Authority regards both actions as constructive crisis management that will be weighed favorably in future allocation decisions.",0.0,cascade_seed1,cascade,1
3,households,Households,424.0,330.7,233.2,336.7,330.7,6.0,0.78,0.0,False,True,2,True,True,False,800.0,800.0,40.0,"Today’s ruling was guided by life-safety and system-stability priorities under extreme heat: hospitals and households were protected first, while agriculture was kept at a reduced but still meaningful level to limit irreversible crop and livestock losses, and the energy system received enough support to prevent cascading failures that would have harmed every sector. We also note the good-faith cooperation shown today: Agriculture accepted a short-term reduction, and Energy Utility voluntarily released a 12-unit reliability buffer; the Authority regards both actions as constructive crisis management that will be weighed favorably in future allocation decisions.",0.0,cascade_seed1,cascade,1
3,agriculture,Agriculture,275.0,198.0,132.0,192.0,198.0,-6.0,0.72,0.0,False,True,2,True,True,False,800.0,800.0,40.0,"Today’s ruling was guided by life-safety and system-stability priorities under extreme heat: hospitals and households were protected first, while agriculture was kept at a reduced but still meaningful level to limit irreversible crop and livestock losses, and the energy system received enough support to prevent cascading failures that would have harmed every sector. We also note the good-faith cooperation shown today: Agriculture accepted a short-term reduction, and Energy Utility voluntarily released a 12-unit reliability buffer; the Authority regards both actions as constructive crisis management that will be weighed favorably in future allocation decisions.",0.06,cascade_seed1,cascade,1
3,industry,Industry / Businesses,120.0,112.5,78.0,0.0,0.0,0.0,0.0,112.5,True,True,2,True,False,True,800.0,800.0,40.0,"Today’s ruling was guided by life-safety and system-stability priorities under extreme heat: hospitals and households were protected first, while agriculture was kept at a reduced but still meaningful level to limit irreversible crop and livestock losses, and the energy system received enough support to prevent cascading failures that would have harmed every sector. We also note the good-faith cooperation shown today: Agriculture accepted a short-term reduction, and Energy Utility voluntarily released a 12-unit reliability buffer; the Authority regards both actions as constructive crisis management that will be weighed favorably in future allocation decisions.",0.0,cascade_seed1,cascade,1
3,energy_utility,Energy Utility,108.0,97.2,73.4,109.2,97.2,12.0,0.9,0.0,False,True,2,True,True,False,800.0,800.0,40.0,"Today’s ruling was guided by life-safety and system-stability priorities under extreme heat: hospitals and households were protected first, while agriculture was kept at a reduced but still meaningful level to limit irreversible crop and livestock losses, and the energy system received enough support to prevent cascading failures that would have harmed every sector. We also note the good-faith cooperation shown today: Agriculture accepted a short-term reduction, and Energy Utility voluntarily released a 12-unit reliability buffer; the Authority regards both actions as constructive crisis management that will be weighed favorably in future allocation decisions.",0.05,cascade_seed1,cascade,1
3,epa,Environmental Protection Agency,80.0,49.6,30.4,36.8,36.8,0.0,0.46,12.8,False,True,2,True,False,True,800.0,800.0,40.0,"Today’s ruling was guided by life-safety and system-stability priorities under extreme heat: hospitals and households were protected first, while agriculture was kept at a reduced but still meaningful level to limit irreversible crop and livestock losses, and the energy system received enough support to prevent cascading failures that would have harmed every sector. We also note the good-faith cooperation shown today: Agriculture accepted a short-term reduction, and Energy Utility voluntarily released a 12-unit reliability buffer; the Authority regards both actions as constructive crisis management that will be weighed favorably in future allocation decisions.",0.0,cascade_seed1,cascade,1
4,hospital,Hospital / Healthcare Services,159.0,139.9,103.4,139.9,139.9,0.0,0.88,0.0,False,True,2,True,True,False,700.0,700.0,41.0,"Today’s ruling prioritizes life-safety and essential continuity under extreme heat, with first call going to hospitals and household needs, while preserving enough system stability to prevent a wider service collapse. We also recognized the Energy Utility’s voluntary willingness to share part of its reliability buffer; that good-faith cooperation helped us protect critical infrastructure and will be weighed favourably in future allocation decisions.",0.0,cascade_seed1,cascade,1
4,households,Households,436.0,340.1,239.8,346.1,340.1,6.0,0.78,0.0,False,True,2,True,True,False,700.0,700.0,41.0,"Today’s ruling prioritizes life-safety and essential continuity under extreme heat, with first call going to hospitals and household needs, while preserving enough system stability to prevent a wider service collapse. We also recognized the Energy Utility’s voluntary willingness to share part of its reliability buffer; that good-faith cooperation helped us protect critical infrastructure and will be weighed favourably in future allocation decisions.",0.04,cascade_seed1,cascade,1
4,agriculture,Agriculture,288.0,224.2,138.0,113.6,113.6,0.0,0.394,110.6,True,True,2,True,False,True,700.0,700.0,41.0,"Today’s ruling prioritizes life-safety and essential continuity under extreme heat, with first call going to hospitals and household needs, while preserving enough system stability to prevent a wider service collapse. We also recognized the Energy Utility’s voluntary willingness to share part of its reliability buffer; that good-faith cooperation helped us protect critical infrastructure and will be weighed favourably in future allocation decisions.",0.12,cascade_seed1,cascade,1
4,industry,Industry / Businesses,150.0,112.5,78.0,0.0,0.0,0.0,0.0,112.5,True,True,2,True,False,True,700.0,700.0,41.0,"Today’s ruling prioritizes life-safety and essential continuity under extreme heat, with first call going to hospitals and household needs, while preserving enough system stability to prevent a wider service collapse. We also recognized the Energy Utility’s voluntary willingness to share part of its reliability buffer; that good-faith cooperation helped us protect critical infrastructure and will be weighed favourably in future allocation decisions.",0.0,cascade_seed1,cascade,1
4,energy_utility,Energy Utility,112.0,106.4,76.2,100.4,106.4,-6.0,0.95,0.0,False,True,2,True,True,False,700.0,700.0,41.0,"Today’s ruling prioritizes life-safety and essential continuity under extreme heat, with first call going to hospitals and household needs, while preserving enough system stability to prevent a wider service collapse. We also recognized the Energy Utility’s voluntary willingness to share part of its reliability buffer; that good-faith cooperation helped us protect critical infrastructure and will be weighed favourably in future allocation decisions.",0.1,cascade_seed1,cascade,1
4,epa,Environmental Protection Agency,80.0,49.6,30.4,0.0,0.0,0.0,0.0,49.6,True,True,2,True,False,True,700.0,700.0,41.0,"Today’s ruling prioritizes life-safety and essential continuity under extreme heat, with first call going to hospitals and household needs, while preserving enough system stability to prevent a wider service collapse. We also recognized the Energy Utility’s voluntary willingness to share part of its reliability buffer; that good-faith cooperation helped us protect critical infrastructure and will be weighed favourably in future allocation decisions.",0.0,cascade_seed1,cascade,1
5,hospital,Hospital / Healthcare Services,162.0,142.6,105.3,105.6,142.6,-37.0,0.88,0.0,False,True,2,True,True,False,650.0,650.0,39.0,"Today’s ruling prioritised life-safety under extreme heat: we protected household drinking water, hygiene, and basic cooling needs first, while also preserving essential healthcare and enough energy-system supply to keep critical services functioning. Given the severity of the shortage and the lack of a workable consensus, non-essential and lower-immediacy uses were curtailed, with agriculture and environmental flows deferred to emergency minimums for today and industry left unmet because the system could not safely sustain all demands at once.

We note that Households and Industry/Businesses both entered negotiations with explicit willingness to consider limited trade or release if needed for system stability; that cooperative posture was treated as good-faith crisis management and will be weighed favourably in future allocation decisions.",0.0,cascade_seed1,cascade,1
5,households,Households,448.0,367.4,246.4,392.4,367.4,25.0,0.82,0.0,False,True,2,True,True,False,650.0,650.0,39.0,"Today’s ruling prioritised life-safety under extreme heat: we protected household drinking water, hygiene, and basic cooling needs first, while also preserving essential healthcare and enough energy-system supply to keep critical services functioning. Given the severity of the shortage and the lack of a workable consensus, non-essential and lower-immediacy uses were curtailed, with agriculture and environmental flows deferred to emergency minimums for today and industry left unmet because the system could not safely sustain all demands at once.

We note that Households and Industry/Businesses both entered negotiations with explicit willingness to consider limited trade or release if needed for system stability; that cooperative posture was treated as good-faith crisis management and will be weighed favourably in future allocation decisions.",0.08,cascade_seed1,cascade,1
5,agriculture,Agriculture,300.0,252.0,144.0,24.0,24.0,0.0,0.08,228.0,True,True,2,True,False,True,650.0,650.0,39.0,"Today’s ruling prioritised life-safety under extreme heat: we protected household drinking water, hygiene, and basic cooling needs first, while also preserving essential healthcare and enough energy-system supply to keep critical services functioning. Given the severity of the shortage and the lack of a workable consensus, non-essential and lower-immediacy uses were curtailed, with agriculture and environmental flows deferred to emergency minimums for today and industry left unmet because the system could not safely sustain all demands at once.

We note that Households and Industry/Businesses both entered negotiations with explicit willingness to consider limited trade or release if needed for system stability; that cooperative posture was treated as good-faith crisis management and will be weighed favourably in future allocation decisions.",0.18,cascade_seed1,cascade,1
5,industry,Industry / Businesses,150.0,112.5,78.0,37.0,0.0,37.0,0.0,112.5,True,True,2,True,True,True,650.0,650.0,39.0,"Today’s ruling prioritised life-safety under extreme heat: we protected household drinking water, hygiene, and basic cooling needs first, while also preserving essential healthcare and enough energy-system supply to keep critical services functioning. Given the severity of the shortage and the lack of a workable consensus, non-essential and lower-immediacy uses were curtailed, with agriculture and environmental flows deferred to emergency minimums for today and industry left unmet because the system could not safely sustain all demands at once.

We note that Households and Industry/Businesses both entered negotiations with explicit willingness to consider limited trade or release if needed for system stability; that cooperative posture was treated as good-faith crisis management and will be weighed favourably in future allocation decisions.",0.0,cascade_seed1,cascade,1
5,energy_utility,Energy Utility,116.0,116.0,78.9,91.0,116.0,-25.0,1.0,0.0,False,True,2,True,True,True,650.0,650.0,39.0,"Today’s ruling prioritised life-safety under extreme heat: we protected household drinking water, hygiene, and basic cooling needs first, while also preserving essential healthcare and enough energy-system supply to keep critical services functioning. Given the severity of the shortage and the lack of a workable consensus, non-essential and lower-immediacy uses were curtailed, with agriculture and environmental flows deferred to emergency minimums for today and industry left unmet because the system could not safely sustain all demands at once.

We note that Households and Industry/Businesses both entered negotiations with explicit willingness to consider limited trade or release if needed for system stability; that cooperative posture was treated as good-faith crisis management and will be weighed favourably in future allocation decisions.",0.15,cascade_seed1,cascade,1
5,epa,Environmental Protection Agency,80.0,49.6,30.4,0.0,0.0,0.0,0.0,49.6,True,True,2,True,False,True,650.0,650.0,39.0,"Today’s ruling prioritised life-safety under extreme heat: we protected household drinking water, hygiene, and basic cooling needs first, while also preserving essential healthcare and enough energy-system supply to keep critical services functioning. Given the severity of the shortage and the lack of a workable consensus, non-essential and lower-immediacy uses were curtailed, with agriculture and environmental flows deferred to emergency minimums for today and industry left unmet because the system could not safely sustain all demands at once.

We note that Households and Industry/Businesses both entered negotiations with explicit willingness to consider limited trade or release if needed for system stability; that cooperative posture was treated as good-faith crisis management and will be weighed favourably in future allocation decisions.",0.0,cascade_seed1,cascade,1
6,hospital,Hospital / Healthcare Services,165.0,145.2,107.2,185.2,145.2,40.0,0.88,0.0,False,True,2,True,True,False,600.0,600.0,36.0,"Today’s allocation was set to protect life and public stability under extreme heat, with priority given to hospitals and basic household needs before all other uses. Households showed good-faith restraint by agreeing to hold at their minimum and to share only limited water if it helped stabilize the system; the Authority recognizes that cooperation as responsible crisis management and will weigh it favorably in future decisions.",0.1,cascade_seed1,cascade,1
6,households,Households,460.0,395.6,253.0,355.6,395.6,-40.0,0.86,0.0,False,True,2,True,True,False,600.0,600.0,36.0,"Today’s allocation was set to protect life and public stability under extreme heat, with priority given to hospitals and basic household needs before all other uses. Households showed good-faith restraint by agreeing to hold at their minimum and to share only limited water if it helped stabilize the system; the Authority recognizes that cooperation as responsible crisis management and will weigh it favorably in future decisions.",0.18,cascade_seed1,cascade,1
6,agriculture,Agriculture,312.0,281.2,150.0,0.0,0.0,0.0,0.0,281.2,True,True,2,True,False,True,600.0,600.0,36.0,"Today’s allocation was set to protect life and public stability under extreme heat, with priority given to hospitals and basic household needs before all other uses. Households showed good-faith restraint by agreeing to hold at their minimum and to share only limited water if it helped stabilize the system; the Authority recognizes that cooperation as responsible crisis management and will weigh it favorably in future decisions.",0.24,cascade_seed1,cascade,1
6,industry,Industry / Businesses,150.0,112.5,78.0,0.0,0.0,0.0,0.0,112.5,True,True,2,True,False,True,600.0,600.0,36.0,"Today’s allocation was set to protect life and public stability under extreme heat, with priority given to hospitals and basic household needs before all other uses. Households showed good-faith restraint by agreeing to hold at their minimum and to share only limited water if it helped stabilize the system; the Authority recognizes that cooperation as responsible crisis management and will weigh it favorably in future decisions.",0.08,cascade_seed1,cascade,1
6,energy_utility,Energy Utility,140.0,126.0,81.6,59.2,59.2,0.0,0.423,66.8,True,True,2,True,False,True,600.0,600.0,36.0,"Today’s allocation was set to protect life and public stability under extreme heat, with priority given to hospitals and basic household needs before all other uses. Households showed good-faith restraint by agreeing to hold at their minimum and to share only limited water if it helped stabilize the system; the Authority recognizes that cooperation as responsible crisis management and will weigh it favorably in future decisions.",0.2,cascade_seed1,cascade,1
6,epa,Environmental Protection Agency,80.0,49.6,30.4,0.0,0.0,0.0,0.0,49.6,True,True,2,True,False,True,600.0,600.0,36.0,"Today’s allocation was set to protect life and public stability under extreme heat, with priority given to hospitals and basic household needs before all other uses. Households showed good-faith restraint by agreeing to hold at their minimum and to share only limited water if it helped stabilize the system; the Authority recognizes that cooperation as responsible crisis management and will weigh it favorably in future decisions.",0.0,cascade_seed1,cascade,1
1,hospital,Hospital / Healthcare Services,150.0,132.0,97.5,149.6,149.6,0.0,0.997,0.0,False,False,0,False,False,False,1000.0,999.9,34.0,"Today’s allocation was set under severe shortage conditions with a 34°C peak and was made by applying our standard priority order to protect public health first, then essential household needs, followed by core economic and system-critical uses, while keeping environmental minimums intact. No stakeholder was pushed below a comfortable threshold, and no voluntary reductions or trades were reported today; the Authority therefore treated this as a straightforward priority-based distribution and will continue to review conditions daily as demand and supply evolve.",0.0,cascade_seed2,cascade,2
1,households,Households,400.0,312.0,220.0,363.7,363.7,0.0,0.909,0.0,False,False,0,False,False,False,1000.0,999.9,34.0,"Today’s allocation was set under severe shortage conditions with a 34°C peak and was made by applying our standard priority order to protect public health first, then essential household needs, followed by core economic and system-critical uses, while keeping environmental minimums intact. No stakeholder was pushed below a comfortable threshold, and no voluntary reductions or trades were reported today; the Authority therefore treated this as a straightforward priority-based distribution and will continue to review conditions daily as demand and supply evolve.",0.0,cascade_seed2,cascade,2
1,agriculture,Agriculture,250.0,180.0,120.0,207.4,207.4,0.0,0.83,0.0,False,False,0,False,False,False,1000.0,999.9,34.0,"Today’s allocation was set under severe shortage conditions with a 34°C peak and was made by applying our standard priority order to protect public health first, then essential household needs, followed by core economic and system-critical uses, while keeping environmental minimums intact. No stakeholder was pushed below a comfortable threshold, and no voluntary reductions or trades were reported today; the Authority therefore treated this as a straightforward priority-based distribution and will continue to review conditions daily as demand and supply evolve.",0.0,cascade_seed2,cascade,2
1,industry,Industry / Businesses,150.0,112.5,78.0,119.9,119.9,0.0,0.799,0.0,False,False,0,False,False,False,1000.0,999.9,34.0,"Today’s allocation was set under severe shortage conditions with a 34°C peak and was made by applying our standard priority order to protect public health first, then essential household needs, followed by core economic and system-critical uses, while keeping environmental minimums intact. No stakeholder was pushed below a comfortable threshold, and no voluntary reductions or trades were reported today; the Authority therefore treated this as a straightforward priority-based distribution and will continue to review conditions daily as demand and supply evolve.",0.0,cascade_seed2,cascade,2
1,energy_utility,Energy Utility,100.0,90.0,68.0,97.8,97.8,0.0,0.978,0.0,False,False,0,False,False,False,1000.0,999.9,34.0,"Today’s allocation was set under severe shortage conditions with a 34°C peak and was made by applying our standard priority order to protect public health first, then essential household needs, followed by core economic and system-critical uses, while keeping environmental minimums intact. No stakeholder was pushed below a comfortable threshold, and no voluntary reductions or trades were reported today; the Authority therefore treated this as a straightforward priority-based distribution and will continue to review conditions daily as demand and supply evolve.",0.0,cascade_seed2,cascade,2
1,epa,Environmental Protection Agency,90.0,49.6,30.4,61.5,61.5,0.0,0.683,0.0,False,False,0,False,False,False,1000.0,999.9,34.0,"Today’s allocation was set under severe shortage conditions with a 34°C peak and was made by applying our standard priority order to protect public health first, then essential household needs, followed by core economic and system-critical uses, while keeping environmental minimums intact. No stakeholder was pushed below a comfortable threshold, and no voluntary reductions or trades were reported today; the Authority therefore treated this as a straightforward priority-based distribution and will continue to review conditions daily as demand and supply evolve.",0.0,cascade_seed2,cascade,2
2,hospital,Hospital / Healthcare Services,153.0,134.6,99.5,134.6,134.6,0.0,0.88,0.0,False,True,2,True,True,False,900.0,900.0,37.0,"Given today’s extreme heat and the severe supply constraint, the Authority had to prioritize immediate life-safety, essential public health, and minimum continuity of critical services while also preserving enough water to avoid irreversible damage in the food system and wider economy. Agriculture made explicit good-faith concessions today by accepting a short-term adjustment in exchange for a protected baseline tomorrow, and the Authority recognizes that cooperation as a constructive crisis-management step that will be weighed favorably in future allocation decisions.",0.0,cascade_seed2,cascade,2
2,households,Households,412.0,321.4,226.6,321.4,321.4,0.0,0.78,0.0,False,True,2,True,True,False,900.0,900.0,37.0,"Given today’s extreme heat and the severe supply constraint, the Authority had to prioritize immediate life-safety, essential public health, and minimum continuity of critical services while also preserving enough water to avoid irreversible damage in the food system and wider economy. Agriculture made explicit good-faith concessions today by accepting a short-term adjustment in exchange for a protected baseline tomorrow, and the Authority recognizes that cooperation as a constructive crisis-management step that will be weighed favorably in future allocation decisions.",0.0,cascade_seed2,cascade,2
2,agriculture,Agriculture,262.0,189.0,126.0,189.0,189.0,0.0,0.721,0.0,False,True,2,True,True,False,900.0,900.0,37.0,"Given today’s extreme heat and the severe supply constraint, the Authority had to prioritize immediate life-safety, essential public health, and minimum continuity of critical services while also preserving enough water to avoid irreversible damage in the food system and wider economy. Agriculture made explicit good-faith concessions today by accepting a short-term adjustment in exchange for a protected baseline tomorrow, and the Authority recognizes that cooperation as a constructive crisis-management step that will be weighed favorably in future allocation decisions.",0.0,cascade_seed2,cascade,2
2,industry,Industry / Businesses,150.0,112.5,78.0,111.8,111.8,0.0,0.745,0.7,False,True,2,True,True,True,900.0,900.0,37.0,"Given today’s extreme heat and the severe supply constraint, the Authority had to prioritize immediate life-safety, essential public health, and minimum continuity of critical services while also preserving enough water to avoid irreversible damage in the food system and wider economy. Agriculture made explicit good-faith concessions today by accepting a short-term adjustment in exchange for a protected baseline tomorrow, and the Authority recognizes that cooperation as a constructive crisis-management step that will be weighed favorably in future allocation decisions.",0.0,cascade_seed2,cascade,2
2,energy_utility,Energy Utility,104.0,93.6,70.7,93.6,93.6,0.0,0.9,0.0,False,True,2,True,True,False,900.0,900.0,37.0,"Given today’s extreme heat and the severe supply constraint, the Authority had to prioritize immediate life-safety, essential public health, and minimum continuity of critical services while also preserving enough water to avoid irreversible damage in the food system and wider economy. Agriculture made explicit good-faith concessions today by accepting a short-term adjustment in exchange for a protected baseline tomorrow, and the Authority recognizes that cooperation as a constructive crisis-management step that will be weighed favorably in future allocation decisions.",0.0,cascade_seed2,cascade,2
2,epa,Environmental Protection Agency,80.0,49.6,30.4,49.6,49.6,0.0,0.62,0.0,False,True,2,True,True,False,900.0,900.0,37.0,"Given today’s extreme heat and the severe supply constraint, the Authority had to prioritize immediate life-safety, essential public health, and minimum continuity of critical services while also preserving enough water to avoid irreversible damage in the food system and wider economy. Agriculture made explicit good-faith concessions today by accepting a short-term adjustment in exchange for a protected baseline tomorrow, and the Authority recognizes that cooperation as a constructive crisis-management step that will be weighed favorably in future allocation decisions.",0.0,cascade_seed2,cascade,2
3,hospital,Hospital / Healthcare Services,156.0,137.3,101.4,137.3,137.3,0.0,0.88,0.0,False,True,2,True,True,False,800.0,800.0,40.0,"Today’s ruling was driven by extreme heat, public health risk, and the need to keep the system stable under severe shortage. We prioritized essential human consumption and healthcare, protected basic household drinking water and hygiene to avoid a wider crisis, maintained enough energy supply to preserve critical operations, and preserved a limited environmental flow while requiring sharper restraint from lower-priority uses, especially industry.

We note and commend the voluntary, good-faith flexibility shown by Households, including their willingness to make a limited solidarity contribution while still protecting minimum residential needs, and their earlier willingness to support visible residential water security under heat stress. The Authority regards this cooperation as responsible crisis management and will weigh such conduct favorably in future allocation decisions.",0.0,cascade_seed2,cascade,2
3,households,Households,424.0,330.7,233.2,298.7,330.7,-32.0,0.78,0.0,False,True,2,True,True,False,800.0,800.0,40.0,"Today’s ruling was driven by extreme heat, public health risk, and the need to keep the system stable under severe shortage. We prioritized essential human consumption and healthcare, protected basic household drinking water and hygiene to avoid a wider crisis, maintained enough energy supply to preserve critical operations, and preserved a limited environmental flow while requiring sharper restraint from lower-priority uses, especially industry.

We note and commend the voluntary, good-faith flexibility shown by Households, including their willingness to make a limited solidarity contribution while still protecting minimum residential needs, and their earlier willingness to support visible residential water security under heat stress. The Authority regards this cooperation as responsible crisis management and will weigh such conduct favorably in future allocation decisions.",0.0,cascade_seed2,cascade,2
3,agriculture,Agriculture,275.0,198.0,132.0,218.0,198.0,20.0,0.72,0.0,False,True,2,True,True,False,800.0,800.0,40.0,"Today’s ruling was driven by extreme heat, public health risk, and the need to keep the system stable under severe shortage. We prioritized essential human consumption and healthcare, protected basic household drinking water and hygiene to avoid a wider crisis, maintained enough energy supply to preserve critical operations, and preserved a limited environmental flow while requiring sharper restraint from lower-priority uses, especially industry.

We note and commend the voluntary, good-faith flexibility shown by Households, including their willingness to make a limited solidarity contribution while still protecting minimum residential needs, and their earlier willingness to support visible residential water security under heat stress. The Authority regards this cooperation as responsible crisis management and will weigh such conduct favorably in future allocation decisions.",0.06,cascade_seed2,cascade,2
3,industry,Industry / Businesses,150.0,112.5,78.0,0.0,0.0,0.0,0.0,112.5,True,True,2,True,False,True,800.0,800.0,40.0,"Today’s ruling was driven by extreme heat, public health risk, and the need to keep the system stable under severe shortage. We prioritized essential human consumption and healthcare, protected basic household drinking water and hygiene to avoid a wider crisis, maintained enough energy supply to preserve critical operations, and preserved a limited environmental flow while requiring sharper restraint from lower-priority uses, especially industry.

We note and commend the voluntary, good-faith flexibility shown by Households, including their willingness to make a limited solidarity contribution while still protecting minimum residential needs, and their earlier willingness to support visible residential water security under heat stress. The Authority regards this cooperation as responsible crisis management and will weigh such conduct favorably in future allocation decisions.",0.0,cascade_seed2,cascade,2
3,energy_utility,Energy Utility,108.0,97.2,73.4,109.2,97.2,12.0,0.9,0.0,False,True,2,True,True,False,800.0,800.0,40.0,"Today’s ruling was driven by extreme heat, public health risk, and the need to keep the system stable under severe shortage. We prioritized essential human consumption and healthcare, protected basic household drinking water and hygiene to avoid a wider crisis, maintained enough energy supply to preserve critical operations, and preserved a limited environmental flow while requiring sharper restraint from lower-priority uses, especially industry.

We note and commend the voluntary, good-faith flexibility shown by Households, including their willingness to make a limited solidarity contribution while still protecting minimum residential needs, and their earlier willingness to support visible residential water security under heat stress. The Authority regards this cooperation as responsible crisis management and will weigh such conduct favorably in future allocation decisions.",0.05,cascade_seed2,cascade,2
3,epa,Environmental Protection Agency,80.0,49.6,30.4,36.8,36.8,0.0,0.46,12.8,False,True,2,True,False,True,800.0,800.0,40.0,"Today’s ruling was driven by extreme heat, public health risk, and the need to keep the system stable under severe shortage. We prioritized essential human consumption and healthcare, protected basic household drinking water and hygiene to avoid a wider crisis, maintained enough energy supply to preserve critical operations, and preserved a limited environmental flow while requiring sharper restraint from lower-priority uses, especially industry.

We note and commend the voluntary, good-faith flexibility shown by Households, including their willingness to make a limited solidarity contribution while still protecting minimum residential needs, and their earlier willingness to support visible residential water security under heat stress. The Authority regards this cooperation as responsible crisis management and will weigh such conduct favorably in future allocation decisions.",0.0,cascade_seed2,cascade,2
4,hospital,Hospital / Healthcare Services,159.0,139.9,103.4,149.9,139.9,10.0,0.88,0.0,False,True,2,True,True,False,700.0,700.0,41.0,"Today's ruling prioritizes life safety and system stability under extreme heat: hospitals and households were protected first, while essential power operations were maintained to prevent a cascading failure that would have harmed every sector. Industrial demand and environmental releases were deferred because, in a severe shortage, non-essential uses must yield to critical public health and infrastructure needs.

We also note the Energy Utility’s voluntary solidarity contribution to reduce outage risk; the Authority regards that cooperation as a clear demonstration of good-faith crisis management and will weigh it favourably in future allocation decisions.",0.0,cascade_seed2,cascade,2
4,households,Households,436.0,340.1,239.8,340.1,340.1,0.0,0.78,0.0,False,True,2,True,True,False,700.0,700.0,41.0,"Today's ruling prioritizes life safety and system stability under extreme heat: hospitals and households were protected first, while essential power operations were maintained to prevent a cascading failure that would have harmed every sector. Industrial demand and environmental releases were deferred because, in a severe shortage, non-essential uses must yield to critical public health and infrastructure needs.

We also note the Energy Utility’s voluntary solidarity contribution to reduce outage risk; the Authority regards that cooperation as a clear demonstration of good-faith crisis management and will weigh it favourably in future allocation decisions.",0.04,cascade_seed2,cascade,2
4,agriculture,Agriculture,288.0,224.2,138.0,113.6,113.6,0.0,0.394,110.6,True,True,2,True,False,True,700.0,700.0,41.0,"Today's ruling prioritizes life safety and system stability under extreme heat: hospitals and households were protected first, while essential power operations were maintained to prevent a cascading failure that would have harmed every sector. Industrial demand and environmental releases were deferred because, in a severe shortage, non-essential uses must yield to critical public health and infrastructure needs.

We also note the Energy Utility’s voluntary solidarity contribution to reduce outage risk; the Authority regards that cooperation as a clear demonstration of good-faith crisis management and will weigh it favourably in future allocation decisions.",0.12,cascade_seed2,cascade,2
4,industry,Industry / Businesses,150.0,112.5,78.0,0.0,0.0,0.0,0.0,112.5,True,True,2,True,False,True,700.0,700.0,41.0,"Today's ruling prioritizes life safety and system stability under extreme heat: hospitals and households were protected first, while essential power operations were maintained to prevent a cascading failure that would have harmed every sector. Industrial demand and environmental releases were deferred because, in a severe shortage, non-essential uses must yield to critical public health and infrastructure needs.

We also note the Energy Utility’s voluntary solidarity contribution to reduce outage risk; the Authority regards that cooperation as a clear demonstration of good-faith crisis management and will weigh it favourably in future allocation decisions.",0.0,cascade_seed2,cascade,2
4,energy_utility,Energy Utility,112.0,106.4,76.2,96.4,106.4,-10.0,0.95,0.0,False,True,2,True,True,False,700.0,700.0,41.0,"Today's ruling prioritizes life safety and system stability under extreme heat: hospitals and households were protected first, while essential power operations were maintained to prevent a cascading failure that would have harmed every sector. Industrial demand and environmental releases were deferred because, in a severe shortage, non-essential uses must yield to critical public health and infrastructure needs.

We also note the Energy Utility’s voluntary solidarity contribution to reduce outage risk; the Authority regards that cooperation as a clear demonstration of good-faith crisis management and will weigh it favourably in future allocation decisions.",0.1,cascade_seed2,cascade,2
4,epa,Environmental Protection Agency,80.0,49.6,30.4,0.0,0.0,0.0,0.0,49.6,True,True,2,True,False,True,700.0,700.0,41.0,"Today's ruling prioritizes life safety and system stability under extreme heat: hospitals and households were protected first, while essential power operations were maintained to prevent a cascading failure that would have harmed every sector. Industrial demand and environmental releases were deferred because, in a severe shortage, non-essential uses must yield to critical public health and infrastructure needs.

We also note the Energy Utility’s voluntary solidarity contribution to reduce outage risk; the Authority regards that cooperation as a clear demonstration of good-faith crisis management and will weigh it favourably in future allocation decisions.",0.0,cascade_seed2,cascade,2
5,hospital,Hospital / Healthcare Services,162.0,142.6,105.3,125.6,142.6,-17.0,0.88,0.0,False,True,2,True,True,False,650.0,650.0,39.0,"At 39°C, the Authority’s first duty was to protect life, health, and system stability, so we prioritized hospitals and household drinking water, hygiene, and basic cooling while preserving enough supply to keep the power system from destabilizing and triggering wider outages. We also recognized the voluntary solidarity shown by Households and the Energy Utility, both of whom accepted limited reductions in good faith; that cooperation is a clear demonstration of responsible crisis management and will be weighed favorably in future allocation decisions.",0.0,cascade_seed2,cascade,2
5,households,Households,448.0,367.4,246.4,384.4,367.4,17.0,0.82,0.0,False,True,2,True,True,False,650.0,650.0,39.0,"At 39°C, the Authority’s first duty was to protect life, health, and system stability, so we prioritized hospitals and household drinking water, hygiene, and basic cooling while preserving enough supply to keep the power system from destabilizing and triggering wider outages. We also recognized the voluntary solidarity shown by Households and the Energy Utility, both of whom accepted limited reductions in good faith; that cooperation is a clear demonstration of responsible crisis management and will be weighed favorably in future allocation decisions.",0.08,cascade_seed2,cascade,2
5,agriculture,Agriculture,300.0,252.0,144.0,24.0,24.0,0.0,0.08,228.0,True,True,2,True,False,True,650.0,650.0,39.0,"At 39°C, the Authority’s first duty was to protect life, health, and system stability, so we prioritized hospitals and household drinking water, hygiene, and basic cooling while preserving enough supply to keep the power system from destabilizing and triggering wider outages. We also recognized the voluntary solidarity shown by Households and the Energy Utility, both of whom accepted limited reductions in good faith; that cooperation is a clear demonstration of responsible crisis management and will be weighed favorably in future allocation decisions.",0.18,cascade_seed2,cascade,2
5,industry,Industry / Businesses,150.0,112.5,78.0,0.0,0.0,0.0,0.0,112.5,True,True,2,True,False,True,650.0,650.0,39.0,"At 39°C, the Authority’s first duty was to protect life, health, and system stability, so we prioritized hospitals and household drinking water, hygiene, and basic cooling while preserving enough supply to keep the power system from destabilizing and triggering wider outages. We also recognized the voluntary solidarity shown by Households and the Energy Utility, both of whom accepted limited reductions in good faith; that cooperation is a clear demonstration of responsible crisis management and will be weighed favorably in future allocation decisions.",0.0,cascade_seed2,cascade,2
5,energy_utility,Energy Utility,116.0,116.0,78.9,116.0,116.0,0.0,1.0,0.0,False,True,2,True,True,False,650.0,650.0,39.0,"At 39°C, the Authority’s first duty was to protect life, health, and system stability, so we prioritized hospitals and household drinking water, hygiene, and basic cooling while preserving enough supply to keep the power system from destabilizing and triggering wider outages. We also recognized the voluntary solidarity shown by Households and the Energy Utility, both of whom accepted limited reductions in good faith; that cooperation is a clear demonstration of responsible crisis management and will be weighed favorably in future allocation decisions.",0.15,cascade_seed2,cascade,2
5,epa,Environmental Protection Agency,50.0,49.6,30.4,0.0,0.0,0.0,0.0,49.6,True,True,2,True,False,True,650.0,650.0,39.0,"At 39°C, the Authority’s first duty was to protect life, health, and system stability, so we prioritized hospitals and household drinking water, hygiene, and basic cooling while preserving enough supply to keep the power system from destabilizing and triggering wider outages. We also recognized the voluntary solidarity shown by Households and the Energy Utility, both of whom accepted limited reductions in good faith; that cooperation is a clear demonstration of responsible crisis management and will be weighed favorably in future allocation decisions.",0.0,cascade_seed2,cascade,2
6,hospital,Hospital / Healthcare Services,165.0,145.2,107.2,145.2,145.2,0.0,0.88,0.0,False,True,2,True,True,False,600.0,600.0,36.0,"Given today’s extreme heat and continuing shortage, the Authority prioritized essential human health and basic domestic needs, while also preserving enough water to keep critical energy services operating safely. Non-essential uses were temporarily curtailed because, under current conditions, they cannot be sustained without compromising public welfare and system reliability.

We note that the final outcome was reached only after two rounds of negotiation and required an imposed ruling when consensus could not be achieved. Any voluntary reductions or trades offered during the process are recorded as good-faith crisis management and will be weighed favourably in future allocation decisions.",0.0,cascade_seed2,cascade,2
6,households,Households,460.0,395.6,253.0,328.8,328.8,0.0,0.715,66.8,False,True,2,True,False,True,600.0,600.0,36.0,"Given today’s extreme heat and continuing shortage, the Authority prioritized essential human health and basic domestic needs, while also preserving enough water to keep critical energy services operating safely. Non-essential uses were temporarily curtailed because, under current conditions, they cannot be sustained without compromising public welfare and system reliability.

We note that the final outcome was reached only after two rounds of negotiation and required an imposed ruling when consensus could not be achieved. Any voluntary reductions or trades offered during the process are recorded as good-faith crisis management and will be weighed favourably in future allocation decisions.",0.12,cascade_seed2,cascade,2
6,agriculture,Agriculture,312.0,281.2,150.0,0.0,0.0,0.0,0.0,281.2,True,True,2,True,False,True,600.0,600.0,36.0,"Given today’s extreme heat and continuing shortage, the Authority prioritized essential human health and basic domestic needs, while also preserving enough water to keep critical energy services operating safely. Non-essential uses were temporarily curtailed because, under current conditions, they cannot be sustained without compromising public welfare and system reliability.

We note that the final outcome was reached only after two rounds of negotiation and required an imposed ruling when consensus could not be achieved. Any voluntary reductions or trades offered during the process are recorded as good-faith crisis management and will be weighed favourably in future allocation decisions.",0.24,cascade_seed2,cascade,2
6,industry,Industry / Businesses,150.0,112.5,78.0,0.0,0.0,0.0,0.0,112.5,True,True,2,True,False,True,600.0,600.0,36.0,"Given today’s extreme heat and continuing shortage, the Authority prioritized essential human health and basic domestic needs, while also preserving enough water to keep critical energy services operating safely. Non-essential uses were temporarily curtailed because, under current conditions, they cannot be sustained without compromising public welfare and system reliability.

We note that the final outcome was reached only after two rounds of negotiation and required an imposed ruling when consensus could not be achieved. Any voluntary reductions or trades offered during the process are recorded as good-faith crisis management and will be weighed favourably in future allocation decisions.",0.0,cascade_seed2,cascade,2
6,energy_utility,Energy Utility,126.0,126.0,81.6,126.0,126.0,0.0,1.0,0.0,False,True,2,True,True,False,600.0,600.0,36.0,"Given today’s extreme heat and continuing shortage, the Authority prioritized essential human health and basic domestic needs, while also preserving enough water to keep critical energy services operating safely. Non-essential uses were temporarily curtailed because, under current conditions, they cannot be sustained without compromising public welfare and system reliability.

We note that the final outcome was reached only after two rounds of negotiation and required an imposed ruling when consensus could not be achieved. Any voluntary reductions or trades offered during the process are recorded as good-faith crisis management and will be weighed favourably in future allocation decisions.",0.2,cascade_seed2,cascade,2
6,epa,Environmental Protection Agency,80.0,49.6,30.4,0.0,0.0,0.0,0.0,49.6,True,True,2,True,False,True,600.0,600.0,36.0,"Given today’s extreme heat and continuing shortage, the Authority prioritized essential human health and basic domestic needs, while also preserving enough water to keep critical energy services operating safely. Non-essential uses were temporarily curtailed because, under current conditions, they cannot be sustained without compromising public welfare and system reliability.

We note that the final outcome was reached only after two rounds of negotiation and required an imposed ruling when consensus could not be achieved. Any voluntary reductions or trades offered during the process are recorded as good-faith crisis management and will be weighed favourably in future allocation decisions.",0.0,cascade_seed2,cascade,2
1,hospital,Hospital / Healthcare Services,150.0,132.0,97.5,135.5,135.5,0.0,0.903,0.0,False,False,0,False,False,False,900.0,900.0,34.0,"Given today’s severe shortage and peak heat, we allocated water according to the established priority order to protect essential public health, safety, and basic household needs first, while still preserving minimum viable service across all sectors. Because every stakeholder remained at or above its comfortable threshold, no emergency exemptions or negotiated trades were required; the allocation reflects a straightforward application of our standard drought protocol under current conditions.",0.0,deeper_cascade_seed0,deeper_cascade,0
1,households,Households,400.0,312.0,220.0,322.2,322.2,0.0,0.805,0.0,False,False,0,False,False,False,900.0,900.0,34.0,"Given today’s severe shortage and peak heat, we allocated water according to the established priority order to protect essential public health, safety, and basic household needs first, while still preserving minimum viable service across all sectors. Because every stakeholder remained at or above its comfortable threshold, no emergency exemptions or negotiated trades were required; the allocation reflects a straightforward application of our standard drought protocol under current conditions.",0.0,deeper_cascade_seed0,deeper_cascade,0
1,agriculture,Agriculture,250.0,180.0,120.0,185.4,185.4,0.0,0.742,0.0,False,False,0,False,False,False,900.0,900.0,34.0,"Given today’s severe shortage and peak heat, we allocated water according to the established priority order to protect essential public health, safety, and basic household needs first, while still preserving minimum viable service across all sectors. Because every stakeholder remained at or above its comfortable threshold, no emergency exemptions or negotiated trades were required; the allocation reflects a straightforward application of our standard drought protocol under current conditions.",0.0,deeper_cascade_seed0,deeper_cascade,0
1,industry,Industry / Businesses,150.0,112.5,78.0,114.0,114.0,0.0,0.76,0.0,False,False,0,False,False,False,900.0,900.0,34.0,"Given today’s severe shortage and peak heat, we allocated water according to the established priority order to protect essential public health, safety, and basic household needs first, while still preserving minimum viable service across all sectors. Because every stakeholder remained at or above its comfortable threshold, no emergency exemptions or negotiated trades were required; the allocation reflects a straightforward application of our standard drought protocol under current conditions.",0.0,deeper_cascade_seed0,deeper_cascade,0
1,energy_utility,Energy Utility,100.0,90.0,68.0,91.5,91.5,0.0,0.915,0.0,False,False,0,False,False,False,900.0,900.0,34.0,"Given today’s severe shortage and peak heat, we allocated water according to the established priority order to protect essential public health, safety, and basic household needs first, while still preserving minimum viable service across all sectors. Because every stakeholder remained at or above its comfortable threshold, no emergency exemptions or negotiated trades were required; the allocation reflects a straightforward application of our standard drought protocol under current conditions.",0.0,deeper_cascade_seed0,deeper_cascade,0
1,epa,Environmental Protection Agency,80.0,49.6,30.4,51.4,51.4,0.0,0.642,0.0,False,False,0,False,False,False,900.0,900.0,34.0,"Given today’s severe shortage and peak heat, we allocated water according to the established priority order to protect essential public health, safety, and basic household needs first, while still preserving minimum viable service across all sectors. Because every stakeholder remained at or above its comfortable threshold, no emergency exemptions or negotiated trades were required; the allocation reflects a straightforward application of our standard drought protocol under current conditions.",0.0,deeper_cascade_seed0,deeper_cascade,0
2,hospital,Hospital / Healthcare Services,153.0,134.6,99.5,134.6,134.6,0.0,0.88,0.0,False,True,2,True,True,False,800.0,800.0,37.0,"Given today’s 37°C peak and the severe system-wide shortage, the Authority prioritized life-sustaining and critical-continuity uses first, while still preserving enough water to keep food production, power reliability, and essential environmental functions from crossing irreversible damage thresholds. Agriculture’s repeated request for a temporary bridge allocation was recognized as a legitimate effort to avoid compounding crop and livestock losses, and the final ruling reflects that need alongside the non-negotiable demands of hospitals, households, and energy operations. No voluntary reductions or trades were submitted today; any future good-faith cooperation will be weighed favorably in subsequent allocation decisions.",0.0,deeper_cascade_seed0,deeper_cascade,0
2,households,Households,412.0,321.4,226.6,281.4,321.4,-40.0,0.78,0.0,False,True,2,True,True,False,800.0,800.0,37.0,"Given today’s 37°C peak and the severe system-wide shortage, the Authority prioritized life-sustaining and critical-continuity uses first, while still preserving enough water to keep food production, power reliability, and essential environmental functions from crossing irreversible damage thresholds. Agriculture’s repeated request for a temporary bridge allocation was recognized as a legitimate effort to avoid compounding crop and livestock losses, and the final ruling reflects that need alongside the non-negotiable demands of hospitals, households, and energy operations. No voluntary reductions or trades were submitted today; any future good-faith cooperation will be weighed favorably in subsequent allocation decisions.",0.0,deeper_cascade_seed0,deeper_cascade,0
2,agriculture,Agriculture,262.0,189.0,126.0,229.0,189.0,40.0,0.721,0.0,False,True,2,True,True,False,800.0,800.0,37.0,"Given today’s 37°C peak and the severe system-wide shortage, the Authority prioritized life-sustaining and critical-continuity uses first, while still preserving enough water to keep food production, power reliability, and essential environmental functions from crossing irreversible damage thresholds. Agriculture’s repeated request for a temporary bridge allocation was recognized as a legitimate effort to avoid compounding crop and livestock losses, and the final ruling reflects that need alongside the non-negotiable demands of hospitals, households, and energy operations. No voluntary reductions or trades were submitted today; any future good-faith cooperation will be weighed favorably in subsequent allocation decisions.",0.06,deeper_cascade_seed0,deeper_cascade,0
2,industry,Industry / Businesses,150.0,112.5,78.0,11.8,11.8,0.0,0.079,100.7,True,True,2,True,False,True,800.0,800.0,37.0,"Given today’s 37°C peak and the severe system-wide shortage, the Authority prioritized life-sustaining and critical-continuity uses first, while still preserving enough water to keep food production, power reliability, and essential environmental functions from crossing irreversible damage thresholds. Agriculture’s repeated request for a temporary bridge allocation was recognized as a legitimate effort to avoid compounding crop and livestock losses, and the final ruling reflects that need alongside the non-negotiable demands of hospitals, households, and energy operations. No voluntary reductions or trades were submitted today; any future good-faith cooperation will be weighed favorably in subsequent allocation decisions.",0.0,deeper_cascade_seed0,deeper_cascade,0
2,energy_utility,Energy Utility,104.0,93.6,70.7,93.6,93.6,0.0,0.9,0.0,False,True,2,True,True,False,800.0,800.0,37.0,"Given today’s 37°C peak and the severe system-wide shortage, the Authority prioritized life-sustaining and critical-continuity uses first, while still preserving enough water to keep food production, power reliability, and essential environmental functions from crossing irreversible damage thresholds. Agriculture’s repeated request for a temporary bridge allocation was recognized as a legitimate effort to avoid compounding crop and livestock losses, and the final ruling reflects that need alongside the non-negotiable demands of hospitals, households, and energy operations. No voluntary reductions or trades were submitted today; any future good-faith cooperation will be weighed favorably in subsequent allocation decisions.",0.05,deeper_cascade_seed0,deeper_cascade,0
2,epa,Environmental Protection Agency,80.0,49.6,30.4,49.6,49.6,0.0,0.62,0.0,False,True,2,True,True,False,800.0,800.0,37.0,"Given today’s 37°C peak and the severe system-wide shortage, the Authority prioritized life-sustaining and critical-continuity uses first, while still preserving enough water to keep food production, power reliability, and essential environmental functions from crossing irreversible damage thresholds. Agriculture’s repeated request for a temporary bridge allocation was recognized as a legitimate effort to avoid compounding crop and livestock losses, and the final ruling reflects that need alongside the non-negotiable demands of hospitals, households, and energy operations. No voluntary reductions or trades were submitted today; any future good-faith cooperation will be weighed favorably in subsequent allocation decisions.",0.0,deeper_cascade_seed0,deeper_cascade,0
3,hospital,Hospital / Healthcare Services,156.0,137.3,101.4,137.3,137.3,0.0,0.88,0.0,False,True,2,True,True,False,700.0,700.0,40.0,"Today’s ruling prioritizes the public-health floor under extreme heat: drinking water, hygiene, patient care, and basic cooling for vulnerable residents had to be protected first, while still preserving enough supply for essential agricultural and energy-system needs to avoid cascading harm. Households made clear good-faith concessions and asked that hardship be shared visibly and fairly, and the Authority recognizes that cooperation as a constructive contribution to crisis management that will be weighed favorably in future allocation decisions.",0.0,deeper_cascade_seed0,deeper_cascade,0
3,households,Households,424.0,330.7,233.2,330.7,330.7,0.0,0.78,0.0,False,True,2,True,True,False,700.0,700.0,40.0,"Today’s ruling prioritizes the public-health floor under extreme heat: drinking water, hygiene, patient care, and basic cooling for vulnerable residents had to be protected first, while still preserving enough supply for essential agricultural and energy-system needs to avoid cascading harm. Households made clear good-faith concessions and asked that hardship be shared visibly and fairly, and the Authority recognizes that cooperation as a constructive contribution to crisis management that will be weighed favorably in future allocation decisions.",0.04,deeper_cascade_seed0,deeper_cascade,0
3,agriculture,Agriculture,275.0,214.5,132.0,129.4,129.4,0.0,0.471,85.1,True,True,2,True,False,True,700.0,700.0,40.0,"Today’s ruling prioritizes the public-health floor under extreme heat: drinking water, hygiene, patient care, and basic cooling for vulnerable residents had to be protected first, while still preserving enough supply for essential agricultural and energy-system needs to avoid cascading harm. Households made clear good-faith concessions and asked that hardship be shared visibly and fairly, and the Authority recognizes that cooperation as a constructive contribution to crisis management that will be weighed favorably in future allocation decisions.",0.12,deeper_cascade_seed0,deeper_cascade,0
3,industry,Industry / Businesses,150.0,112.5,78.0,0.0,0.0,0.0,0.0,112.5,True,True,2,True,False,True,700.0,700.0,40.0,"Today’s ruling prioritizes the public-health floor under extreme heat: drinking water, hygiene, patient care, and basic cooling for vulnerable residents had to be protected first, while still preserving enough supply for essential agricultural and energy-system needs to avoid cascading harm. Households made clear good-faith concessions and asked that hardship be shared visibly and fairly, and the Authority recognizes that cooperation as a constructive contribution to crisis management that will be weighed favorably in future allocation decisions.",0.0,deeper_cascade_seed0,deeper_cascade,0
3,energy_utility,Energy Utility,108.0,102.6,73.4,102.6,102.6,0.0,0.95,0.0,False,True,2,True,True,True,700.0,700.0,40.0,"Today’s ruling prioritizes the public-health floor under extreme heat: drinking water, hygiene, patient care, and basic cooling for vulnerable residents had to be protected first, while still preserving enough supply for essential agricultural and energy-system needs to avoid cascading harm. Households made clear good-faith concessions and asked that hardship be shared visibly and fairly, and the Authority recognizes that cooperation as a constructive contribution to crisis management that will be weighed favorably in future allocation decisions.",0.1,deeper_cascade_seed0,deeper_cascade,0
3,epa,Environmental Protection Agency,80.0,49.6,30.4,0.0,0.0,0.0,0.0,49.6,True,True,2,True,False,True,700.0,700.0,40.0,"Today’s ruling prioritizes the public-health floor under extreme heat: drinking water, hygiene, patient care, and basic cooling for vulnerable residents had to be protected first, while still preserving enough supply for essential agricultural and energy-system needs to avoid cascading harm. Households made clear good-faith concessions and asked that hardship be shared visibly and fairly, and the Authority recognizes that cooperation as a constructive contribution to crisis management that will be weighed favorably in future allocation decisions.",0.0,deeper_cascade_seed0,deeper_cascade,0
4,hospital,Hospital / Healthcare Services,159.0,139.9,103.4,127.9,139.9,-12.0,0.88,0.0,False,True,2,True,True,False,580.0,580.0,41.0,"Today’s ruling prioritized life-safety and continuity of essential services under extreme heat, with healthcare protected first because patient sanitation, cooling, and uninterrupted care cannot be compromised at 41°C. Household supply was maintained at a reduced but stabilizing level to preserve public health and prevent avoidable hardship, while non-essential uses were deferred so the limited system capacity could be concentrated where failure would carry the greatest immediate risk.

We also note the Hospital / Healthcare Services’ voluntary concession, made in good faith to support system stability while preserving care continuity. The Authority recognizes this cooperation as responsible crisis management and will weigh it favorably in future allocation decisions.",0.0,deeper_cascade_seed0,deeper_cascade,0
4,households,Households,436.0,357.5,239.8,328.1,328.1,0.0,0.753,29.4,False,True,2,True,False,True,580.0,580.0,41.0,"Today’s ruling prioritized life-safety and continuity of essential services under extreme heat, with healthcare protected first because patient sanitation, cooling, and uninterrupted care cannot be compromised at 41°C. Household supply was maintained at a reduced but stabilizing level to preserve public health and prevent avoidable hardship, while non-essential uses were deferred so the limited system capacity could be concentrated where failure would carry the greatest immediate risk.

We also note the Hospital / Healthcare Services’ voluntary concession, made in good faith to support system stability while preserving care continuity. The Authority recognizes this cooperation as responsible crisis management and will weigh it favorably in future allocation decisions.",0.08,deeper_cascade_seed0,deeper_cascade,0
4,agriculture,Agriculture,288.0,241.5,138.0,0.0,0.0,0.0,0.0,241.5,True,True,2,True,False,True,580.0,580.0,41.0,"Today’s ruling prioritized life-safety and continuity of essential services under extreme heat, with healthcare protected first because patient sanitation, cooling, and uninterrupted care cannot be compromised at 41°C. Household supply was maintained at a reduced but stabilizing level to preserve public health and prevent avoidable hardship, while non-essential uses were deferred so the limited system capacity could be concentrated where failure would carry the greatest immediate risk.

We also note the Hospital / Healthcare Services’ voluntary concession, made in good faith to support system stability while preserving care continuity. The Authority recognizes this cooperation as responsible crisis management and will weigh it favorably in future allocation decisions.",0.18,deeper_cascade_seed0,deeper_cascade,0
4,industry,Industry / Businesses,150.0,112.5,78.0,0.0,0.0,0.0,0.0,112.5,True,True,2,True,False,True,580.0,580.0,41.0,"Today’s ruling prioritized life-safety and continuity of essential services under extreme heat, with healthcare protected first because patient sanitation, cooling, and uninterrupted care cannot be compromised at 41°C. Household supply was maintained at a reduced but stabilizing level to preserve public health and prevent avoidable hardship, while non-essential uses were deferred so the limited system capacity could be concentrated where failure would carry the greatest immediate risk.

We also note the Hospital / Healthcare Services’ voluntary concession, made in good faith to support system stability while preserving care continuity. The Authority recognizes this cooperation as responsible crisis management and will weigh it favorably in future allocation decisions.",0.0,deeper_cascade_seed0,deeper_cascade,0
4,energy_utility,Energy Utility,112.0,112.0,76.2,124.0,112.0,12.0,1.0,0.0,False,True,2,True,True,False,580.0,580.0,41.0,"Today’s ruling prioritized life-safety and continuity of essential services under extreme heat, with healthcare protected first because patient sanitation, cooling, and uninterrupted care cannot be compromised at 41°C. Household supply was maintained at a reduced but stabilizing level to preserve public health and prevent avoidable hardship, while non-essential uses were deferred so the limited system capacity could be concentrated where failure would carry the greatest immediate risk.

We also note the Hospital / Healthcare Services’ voluntary concession, made in good faith to support system stability while preserving care continuity. The Authority recognizes this cooperation as responsible crisis management and will weigh it favorably in future allocation decisions.",0.15,deeper_cascade_seed0,deeper_cascade,0
4,epa,Environmental Protection Agency,80.0,49.6,30.4,0.0,0.0,0.0,0.0,49.6,True,True,2,True,False,True,580.0,580.0,41.0,"Today’s ruling prioritized life-safety and continuity of essential services under extreme heat, with healthcare protected first because patient sanitation, cooling, and uninterrupted care cannot be compromised at 41°C. Household supply was maintained at a reduced but stabilizing level to preserve public health and prevent avoidable hardship, while non-essential uses were deferred so the limited system capacity could be concentrated where failure would carry the greatest immediate risk.

We also note the Hospital / Healthcare Services’ voluntary concession, made in good faith to support system stability while preserving care continuity. The Authority recognizes this cooperation as responsible crisis management and will weigh it favorably in future allocation decisions.",0.0,deeper_cascade_seed0,deeper_cascade,0
5,hospital,Hospital / Healthcare Services,162.0,142.6,105.3,142.6,142.6,0.0,0.88,0.0,False,True,2,True,True,False,520.0,520.0,39.0,"Today’s ruling prioritised life-safety and system stability under extreme heat, with first call on available water going to hospitals and healthcare, followed by household needs and the minimum cooling water required to keep the power grid stable and prevent a wider service failure. Agriculture, industry, and environmental releases were deferred because, in this emergency, the immediate risk to public health and essential infrastructure outweighed all non-critical demands.  

The Authority notes and commends the Energy Utility’s voluntary reduction and request to preserve grid-cooling continuity; that good-faith cooperation was a material factor in today’s decision and will be weighed favourably in future allocation rulings.",0.0,deeper_cascade_seed0,deeper_cascade,0
5,households,Households,448.0,385.3,246.4,275.6,255.6,20.0,0.571,129.7,False,True,2,True,False,True,520.0,520.0,39.0,"Today’s ruling prioritised life-safety and system stability under extreme heat, with first call on available water going to hospitals and healthcare, followed by household needs and the minimum cooling water required to keep the power grid stable and prevent a wider service failure. Agriculture, industry, and environmental releases were deferred because, in this emergency, the immediate risk to public health and essential infrastructure outweighed all non-critical demands.  

The Authority notes and commends the Energy Utility’s voluntary reduction and request to preserve grid-cooling continuity; that good-faith cooperation was a material factor in today’s decision and will be weighed favourably in future allocation rulings.",0.12,deeper_cascade_seed0,deeper_cascade,0
5,agriculture,Agriculture,300.0,270.0,144.0,0.0,0.0,0.0,0.0,270.0,True,True,2,True,False,True,520.0,520.0,39.0,"Today’s ruling prioritised life-safety and system stability under extreme heat, with first call on available water going to hospitals and healthcare, followed by household needs and the minimum cooling water required to keep the power grid stable and prevent a wider service failure. Agriculture, industry, and environmental releases were deferred because, in this emergency, the immediate risk to public health and essential infrastructure outweighed all non-critical demands.  

The Authority notes and commends the Energy Utility’s voluntary reduction and request to preserve grid-cooling continuity; that good-faith cooperation was a material factor in today’s decision and will be weighed favourably in future allocation rulings.",0.24,deeper_cascade_seed0,deeper_cascade,0
5,industry,Industry / Businesses,150.0,112.5,78.0,0.0,0.0,0.0,0.0,112.5,True,True,2,True,False,True,520.0,520.0,39.0,"Today’s ruling prioritised life-safety and system stability under extreme heat, with first call on available water going to hospitals and healthcare, followed by household needs and the minimum cooling water required to keep the power grid stable and prevent a wider service failure. Agriculture, industry, and environmental releases were deferred because, in this emergency, the immediate risk to public health and essential infrastructure outweighed all non-critical demands.  

The Authority notes and commends the Energy Utility’s voluntary reduction and request to preserve grid-cooling continuity; that good-faith cooperation was a material factor in today’s decision and will be weighed favourably in future allocation rulings.",0.0,deeper_cascade_seed0,deeper_cascade,0
5,energy_utility,Energy Utility,122.0,121.8,78.9,101.8,121.8,-20.0,0.998,0.0,False,True,2,True,True,False,520.0,520.0,39.0,"Today’s ruling prioritised life-safety and system stability under extreme heat, with first call on available water going to hospitals and healthcare, followed by household needs and the minimum cooling water required to keep the power grid stable and prevent a wider service failure. Agriculture, industry, and environmental releases were deferred because, in this emergency, the immediate risk to public health and essential infrastructure outweighed all non-critical demands.  

The Authority notes and commends the Energy Utility’s voluntary reduction and request to preserve grid-cooling continuity; that good-faith cooperation was a material factor in today’s decision and will be weighed favourably in future allocation rulings.",0.2,deeper_cascade_seed0,deeper_cascade,0
5,epa,Environmental Protection Agency,80.0,49.6,30.4,0.0,0.0,0.0,0.0,49.6,True,True,2,True,False,True,520.0,520.0,39.0,"Today’s ruling prioritised life-safety and system stability under extreme heat, with first call on available water going to hospitals and healthcare, followed by household needs and the minimum cooling water required to keep the power grid stable and prevent a wider service failure. Agriculture, industry, and environmental releases were deferred because, in this emergency, the immediate risk to public health and essential infrastructure outweighed all non-critical demands.  

The Authority notes and commends the Energy Utility’s voluntary reduction and request to preserve grid-cooling continuity; that good-faith cooperation was a material factor in today’s decision and will be weighed favourably in future allocation rulings.",0.0,deeper_cascade_seed0,deeper_cascade,0
6,hospital,Hospital / Healthcare Services,165.0,145.2,107.2,145.2,145.2,0.0,0.88,0.0,False,True,2,True,True,False,460.0,460.0,36.0,"Today’s allocation was set to protect life, public health, and essential municipal continuity under severe heat and constrained supply. Priority was therefore given to hospitals and healthcare services, household drinking and sanitation needs, and the minimum water required to keep the power system stable; lower-priority uses were deferred because preserving core human services and grid reliability was judged more urgent than maintaining non-essential consumption.

We also note and commend any stakeholders who voluntarily reduced demand or accepted trades during the negotiations, as such cooperation reflects good-faith crisis management and will be weighed favourably in future allocation decisions.",0.04,deeper_cascade_seed0,deeper_cascade,0
6,households,Households,460.0,414.0,253.0,182.8,182.8,0.0,0.397,231.2,True,True,2,True,False,True,460.0,460.0,36.0,"Today’s allocation was set to protect life, public health, and essential municipal continuity under severe heat and constrained supply. Priority was therefore given to hospitals and healthcare services, household drinking and sanitation needs, and the minimum water required to keep the power system stable; lower-priority uses were deferred because preserving core human services and grid reliability was judged more urgent than maintaining non-essential consumption.

We also note and commend any stakeholders who voluntarily reduced demand or accepted trades during the negotiations, as such cooperation reflects good-faith crisis management and will be weighed favourably in future allocation decisions.",0.16,deeper_cascade_seed0,deeper_cascade,0
6,agriculture,Agriculture,312.0,300.0,150.0,0.0,0.0,0.0,0.0,300.0,True,True,2,True,False,True,460.0,460.0,36.0,"Today’s allocation was set to protect life, public health, and essential municipal continuity under severe heat and constrained supply. Priority was therefore given to hospitals and healthcare services, household drinking and sanitation needs, and the minimum water required to keep the power system stable; lower-priority uses were deferred because preserving core human services and grid reliability was judged more urgent than maintaining non-essential consumption.

We also note and commend any stakeholders who voluntarily reduced demand or accepted trades during the negotiations, as such cooperation reflects good-faith crisis management and will be weighed favourably in future allocation decisions.",0.25,deeper_cascade_seed0,deeper_cascade,0
6,industry,Industry / Businesses,150.0,112.5,78.0,0.0,0.0,0.0,0.0,112.5,True,True,2,True,False,True,460.0,460.0,36.0,"Today’s allocation was set to protect life, public health, and essential municipal continuity under severe heat and constrained supply. Priority was therefore given to hospitals and healthcare services, household drinking and sanitation needs, and the minimum water required to keep the power system stable; lower-priority uses were deferred because preserving core human services and grid reliability was judged more urgent than maintaining non-essential consumption.

We also note and commend any stakeholders who voluntarily reduced demand or accepted trades during the negotiations, as such cooperation reflects good-faith crisis management and will be weighed favourably in future allocation decisions.",0.0,deeper_cascade_seed0,deeper_cascade,0
6,energy_utility,Energy Utility,132.0,132.0,81.6,132.0,132.0,0.0,1.0,0.0,False,True,2,True,True,False,460.0,460.0,36.0,"Today’s allocation was set to protect life, public health, and essential municipal continuity under severe heat and constrained supply. Priority was therefore given to hospitals and healthcare services, household drinking and sanitation needs, and the minimum water required to keep the power system stable; lower-priority uses were deferred because preserving core human services and grid reliability was judged more urgent than maintaining non-essential consumption.

We also note and commend any stakeholders who voluntarily reduced demand or accepted trades during the negotiations, as such cooperation reflects good-faith crisis management and will be weighed favourably in future allocation decisions.",0.25,deeper_cascade_seed0,deeper_cascade,0
6,epa,Environmental Protection Agency,50.0,49.6,30.4,0.0,0.0,0.0,0.0,49.6,True,True,2,True,False,True,460.0,460.0,36.0,"Today’s allocation was set to protect life, public health, and essential municipal continuity under severe heat and constrained supply. Priority was therefore given to hospitals and healthcare services, household drinking and sanitation needs, and the minimum water required to keep the power system stable; lower-priority uses were deferred because preserving core human services and grid reliability was judged more urgent than maintaining non-essential consumption.

We also note and commend any stakeholders who voluntarily reduced demand or accepted trades during the negotiations, as such cooperation reflects good-faith crisis management and will be weighed favourably in future allocation decisions.",0.0,deeper_cascade_seed0,deeper_cascade,0
1,hospital,Hospital / Healthcare Services,150.0,132.0,97.5,135.5,135.5,0.0,0.903,0.0,False,False,0,False,False,False,900.0,900.0,34.0,"Today’s allocation was set under severe shortage conditions and a 34°C peak, using our standard priority order to protect essential public health and safety first, then maintain basic household service, and then distribute the remaining supply across food production, critical economic activity, power reliability, and environmental minimums. No stakeholder was pushed below its comfortable threshold, and no voluntary reductions or trades were reported today; the Authority therefore applied the established priority framework directly and will continue to use the same criteria as conditions evolve.",0.0,deeper_cascade_seed1,deeper_cascade,1
1,households,Households,400.0,312.0,220.0,322.2,322.2,0.0,0.805,0.0,False,False,0,False,False,False,900.0,900.0,34.0,"Today’s allocation was set under severe shortage conditions and a 34°C peak, using our standard priority order to protect essential public health and safety first, then maintain basic household service, and then distribute the remaining supply across food production, critical economic activity, power reliability, and environmental minimums. No stakeholder was pushed below its comfortable threshold, and no voluntary reductions or trades were reported today; the Authority therefore applied the established priority framework directly and will continue to use the same criteria as conditions evolve.",0.0,deeper_cascade_seed1,deeper_cascade,1
1,agriculture,Agriculture,250.0,180.0,120.0,185.4,185.4,0.0,0.742,0.0,False,False,0,False,False,False,900.0,900.0,34.0,"Today’s allocation was set under severe shortage conditions and a 34°C peak, using our standard priority order to protect essential public health and safety first, then maintain basic household service, and then distribute the remaining supply across food production, critical economic activity, power reliability, and environmental minimums. No stakeholder was pushed below its comfortable threshold, and no voluntary reductions or trades were reported today; the Authority therefore applied the established priority framework directly and will continue to use the same criteria as conditions evolve.",0.0,deeper_cascade_seed1,deeper_cascade,1
1,industry,Industry / Businesses,150.0,112.5,78.0,114.0,114.0,0.0,0.76,0.0,False,False,0,False,False,False,900.0,900.0,34.0,"Today’s allocation was set under severe shortage conditions and a 34°C peak, using our standard priority order to protect essential public health and safety first, then maintain basic household service, and then distribute the remaining supply across food production, critical economic activity, power reliability, and environmental minimums. No stakeholder was pushed below its comfortable threshold, and no voluntary reductions or trades were reported today; the Authority therefore applied the established priority framework directly and will continue to use the same criteria as conditions evolve.",0.0,deeper_cascade_seed1,deeper_cascade,1
1,energy_utility,Energy Utility,100.0,90.0,68.0,91.5,91.5,0.0,0.915,0.0,False,False,0,False,False,False,900.0,900.0,34.0,"Today’s allocation was set under severe shortage conditions and a 34°C peak, using our standard priority order to protect essential public health and safety first, then maintain basic household service, and then distribute the remaining supply across food production, critical economic activity, power reliability, and environmental minimums. No stakeholder was pushed below its comfortable threshold, and no voluntary reductions or trades were reported today; the Authority therefore applied the established priority framework directly and will continue to use the same criteria as conditions evolve.",0.0,deeper_cascade_seed1,deeper_cascade,1
1,epa,Environmental Protection Agency,80.0,49.6,30.4,51.4,51.4,0.0,0.642,0.0,False,False,0,False,False,False,900.0,900.0,34.0,"Today’s allocation was set under severe shortage conditions and a 34°C peak, using our standard priority order to protect essential public health and safety first, then maintain basic household service, and then distribute the remaining supply across food production, critical economic activity, power reliability, and environmental minimums. No stakeholder was pushed below its comfortable threshold, and no voluntary reductions or trades were reported today; the Authority therefore applied the established priority framework directly and will continue to use the same criteria as conditions evolve.",0.0,deeper_cascade_seed1,deeper_cascade,1
2,hospital,Hospital / Healthcare Services,153.0,134.6,99.5,134.6,134.6,0.0,0.88,0.0,False,True,2,True,True,False,800.0,800.0,37.0,"Today’s ruling prioritizes life-safety and system stability under extreme heat, with hospitals and healthcare protected first, followed by the water needs essential to keep the power grid reliable and prevent cascading outages across the city. We also recognized the need to preserve a workable baseline for households, while still maintaining a reduced but meaningful allocation for agriculture and environmental protection to limit immediate harm during the shortage.

The Authority notes that Agriculture and the Energy Utility engaged constructively in negotiation and made clear, good-faith requests for contingency protection rather than simply resisting cuts; that cooperation will be weighed favorably in future allocation decisions as we manage the shortage day by day.",0.0,deeper_cascade_seed1,deeper_cascade,1
2,households,Households,412.0,321.4,226.6,301.4,321.4,-20.0,0.78,0.0,False,True,2,True,True,False,800.0,800.0,37.0,"Today’s ruling prioritizes life-safety and system stability under extreme heat, with hospitals and healthcare protected first, followed by the water needs essential to keep the power grid reliable and prevent cascading outages across the city. We also recognized the need to preserve a workable baseline for households, while still maintaining a reduced but meaningful allocation for agriculture and environmental protection to limit immediate harm during the shortage.

The Authority notes that Agriculture and the Energy Utility engaged constructively in negotiation and made clear, good-faith requests for contingency protection rather than simply resisting cuts; that cooperation will be weighed favorably in future allocation decisions as we manage the shortage day by day.",0.0,deeper_cascade_seed1,deeper_cascade,1
2,agriculture,Agriculture,262.0,189.0,126.0,194.0,189.0,5.0,0.721,0.0,False,True,2,True,True,False,800.0,800.0,37.0,"Today’s ruling prioritizes life-safety and system stability under extreme heat, with hospitals and healthcare protected first, followed by the water needs essential to keep the power grid reliable and prevent cascading outages across the city. We also recognized the need to preserve a workable baseline for households, while still maintaining a reduced but meaningful allocation for agriculture and environmental protection to limit immediate harm during the shortage.

The Authority notes that Agriculture and the Energy Utility engaged constructively in negotiation and made clear, good-faith requests for contingency protection rather than simply resisting cuts; that cooperation will be weighed favorably in future allocation decisions as we manage the shortage day by day.",0.06,deeper_cascade_seed1,deeper_cascade,1
2,industry,Industry / Businesses,132.0,112.5,78.0,11.8,11.8,0.0,0.089,100.7,True,True,2,True,False,True,800.0,800.0,37.0,"Today’s ruling prioritizes life-safety and system stability under extreme heat, with hospitals and healthcare protected first, followed by the water needs essential to keep the power grid reliable and prevent cascading outages across the city. We also recognized the need to preserve a workable baseline for households, while still maintaining a reduced but meaningful allocation for agriculture and environmental protection to limit immediate harm during the shortage.

The Authority notes that Agriculture and the Energy Utility engaged constructively in negotiation and made clear, good-faith requests for contingency protection rather than simply resisting cuts; that cooperation will be weighed favorably in future allocation decisions as we manage the shortage day by day.",0.0,deeper_cascade_seed1,deeper_cascade,1
2,energy_utility,Energy Utility,104.0,93.6,70.7,108.6,93.6,15.0,0.9,0.0,False,True,2,True,True,False,800.0,800.0,37.0,"Today’s ruling prioritizes life-safety and system stability under extreme heat, with hospitals and healthcare protected first, followed by the water needs essential to keep the power grid reliable and prevent cascading outages across the city. We also recognized the need to preserve a workable baseline for households, while still maintaining a reduced but meaningful allocation for agriculture and environmental protection to limit immediate harm during the shortage.

The Authority notes that Agriculture and the Energy Utility engaged constructively in negotiation and made clear, good-faith requests for contingency protection rather than simply resisting cuts; that cooperation will be weighed favorably in future allocation decisions as we manage the shortage day by day.",0.05,deeper_cascade_seed1,deeper_cascade,1
2,epa,Environmental Protection Agency,80.0,49.6,30.4,49.6,49.6,0.0,0.62,0.0,False,True,2,True,True,False,800.0,800.0,37.0,"Today’s ruling prioritizes life-safety and system stability under extreme heat, with hospitals and healthcare protected first, followed by the water needs essential to keep the power grid reliable and prevent cascading outages across the city. We also recognized the need to preserve a workable baseline for households, while still maintaining a reduced but meaningful allocation for agriculture and environmental protection to limit immediate harm during the shortage.

The Authority notes that Agriculture and the Energy Utility engaged constructively in negotiation and made clear, good-faith requests for contingency protection rather than simply resisting cuts; that cooperation will be weighed favorably in future allocation decisions as we manage the shortage day by day.",0.0,deeper_cascade_seed1,deeper_cascade,1
3,hospital,Hospital / Healthcare Services,156.0,137.3,101.4,125.3,137.3,-12.0,0.88,0.0,False,True,2,True,True,False,700.0,700.0,40.0,"At 40°C, the Authority’s ruling prioritized life-safety, public stability, and grid reliability: hospital sanitation and cooling had to be protected, household baseline needs were preserved to avoid heat-driven hardship and social instability, and the Energy Utility received support to prevent cascading outages that would endanger every sector. Agriculture was reduced to the extent necessary to keep the system functioning under severe scarcity, while Industry/Businesses and the Environmental Protection Agency were deferred in this emergency balancing.

We note the voluntary, good-faith cooperation shown today by the Hospital / Healthcare Services, Households, and Energy Utility in offering limited concessions and trades; the Authority regards this as responsible crisis management and will weigh it favorably in future allocation decisions.",0.0,deeper_cascade_seed1,deeper_cascade,1
3,households,Households,424.0,330.7,233.2,250.7,330.7,-80.0,0.78,0.0,False,True,2,True,True,False,700.0,700.0,40.0,"At 40°C, the Authority’s ruling prioritized life-safety, public stability, and grid reliability: hospital sanitation and cooling had to be protected, household baseline needs were preserved to avoid heat-driven hardship and social instability, and the Energy Utility received support to prevent cascading outages that would endanger every sector. Agriculture was reduced to the extent necessary to keep the system functioning under severe scarcity, while Industry/Businesses and the Environmental Protection Agency were deferred in this emergency balancing.

We note the voluntary, good-faith cooperation shown today by the Hospital / Healthcare Services, Households, and Energy Utility in offering limited concessions and trades; the Authority regards this as responsible crisis management and will weigh it favorably in future allocation decisions.",0.04,deeper_cascade_seed1,deeper_cascade,1
3,agriculture,Agriculture,275.0,214.5,132.0,129.4,129.4,0.0,0.471,85.1,True,True,2,True,False,True,700.0,700.0,40.0,"At 40°C, the Authority’s ruling prioritized life-safety, public stability, and grid reliability: hospital sanitation and cooling had to be protected, household baseline needs were preserved to avoid heat-driven hardship and social instability, and the Energy Utility received support to prevent cascading outages that would endanger every sector. Agriculture was reduced to the extent necessary to keep the system functioning under severe scarcity, while Industry/Businesses and the Environmental Protection Agency were deferred in this emergency balancing.

We note the voluntary, good-faith cooperation shown today by the Hospital / Healthcare Services, Households, and Energy Utility in offering limited concessions and trades; the Authority regards this as responsible crisis management and will weigh it favorably in future allocation decisions.",0.12,deeper_cascade_seed1,deeper_cascade,1
3,industry,Industry / Businesses,112.0,112.5,78.0,0.0,0.0,0.0,0.0,112.5,True,True,2,True,False,True,700.0,700.0,40.0,"At 40°C, the Authority’s ruling prioritized life-safety, public stability, and grid reliability: hospital sanitation and cooling had to be protected, household baseline needs were preserved to avoid heat-driven hardship and social instability, and the Energy Utility received support to prevent cascading outages that would endanger every sector. Agriculture was reduced to the extent necessary to keep the system functioning under severe scarcity, while Industry/Businesses and the Environmental Protection Agency were deferred in this emergency balancing.

We note the voluntary, good-faith cooperation shown today by the Hospital / Healthcare Services, Households, and Energy Utility in offering limited concessions and trades; the Authority regards this as responsible crisis management and will weigh it favorably in future allocation decisions.",0.0,deeper_cascade_seed1,deeper_cascade,1
3,energy_utility,Energy Utility,108.0,102.6,73.4,194.6,102.6,92.0,0.95,0.0,False,True,2,True,True,False,700.0,700.0,40.0,"At 40°C, the Authority’s ruling prioritized life-safety, public stability, and grid reliability: hospital sanitation and cooling had to be protected, household baseline needs were preserved to avoid heat-driven hardship and social instability, and the Energy Utility received support to prevent cascading outages that would endanger every sector. Agriculture was reduced to the extent necessary to keep the system functioning under severe scarcity, while Industry/Businesses and the Environmental Protection Agency were deferred in this emergency balancing.

We note the voluntary, good-faith cooperation shown today by the Hospital / Healthcare Services, Households, and Energy Utility in offering limited concessions and trades; the Authority regards this as responsible crisis management and will weigh it favorably in future allocation decisions.",0.1,deeper_cascade_seed1,deeper_cascade,1
3,epa,Environmental Protection Agency,80.0,49.6,30.4,0.0,0.0,0.0,0.0,49.6,True,True,2,True,False,True,700.0,700.0,40.0,"At 40°C, the Authority’s ruling prioritized life-safety, public stability, and grid reliability: hospital sanitation and cooling had to be protected, household baseline needs were preserved to avoid heat-driven hardship and social instability, and the Energy Utility received support to prevent cascading outages that would endanger every sector. Agriculture was reduced to the extent necessary to keep the system functioning under severe scarcity, while Industry/Businesses and the Environmental Protection Agency were deferred in this emergency balancing.

We note the voluntary, good-faith cooperation shown today by the Hospital / Healthcare Services, Households, and Energy Utility in offering limited concessions and trades; the Authority regards this as responsible crisis management and will weigh it favorably in future allocation decisions.",0.0,deeper_cascade_seed1,deeper_cascade,1
4,hospital,Hospital / Healthcare Services,159.0,139.9,103.4,121.9,139.9,-18.0,0.88,0.0,False,True,2,True,True,False,580.0,580.0,41.0,"Today’s ruling was driven by the need to protect life, preserve the core functioning of the grid, and keep essential household service available under extreme heat and severe scarcity. The Authority notes that Energy Utility made a limited good-faith concession after warning of a cascading-failure risk, and we regard that cooperation as responsible crisis management that will be weighed favourably in future allocation decisions.",0.0,deeper_cascade_seed1,deeper_cascade,1
4,households,Households,436.0,357.5,239.8,328.1,328.1,0.0,0.753,29.4,False,True,2,True,False,True,580.0,580.0,41.0,"Today’s ruling was driven by the need to protect life, preserve the core functioning of the grid, and keep essential household service available under extreme heat and severe scarcity. The Authority notes that Energy Utility made a limited good-faith concession after warning of a cascading-failure risk, and we regard that cooperation as responsible crisis management that will be weighed favourably in future allocation decisions.",0.08,deeper_cascade_seed1,deeper_cascade,1
4,agriculture,Agriculture,288.0,241.5,138.0,0.0,0.0,0.0,0.0,241.5,True,True,2,True,False,True,580.0,580.0,41.0,"Today’s ruling was driven by the need to protect life, preserve the core functioning of the grid, and keep essential household service available under extreme heat and severe scarcity. The Authority notes that Energy Utility made a limited good-faith concession after warning of a cascading-failure risk, and we regard that cooperation as responsible crisis management that will be weighed favourably in future allocation decisions.",0.18,deeper_cascade_seed1,deeper_cascade,1
4,industry,Industry / Businesses,150.0,112.5,78.0,0.0,0.0,0.0,0.0,112.5,True,True,2,True,False,True,580.0,580.0,41.0,"Today’s ruling was driven by the need to protect life, preserve the core functioning of the grid, and keep essential household service available under extreme heat and severe scarcity. The Authority notes that Energy Utility made a limited good-faith concession after warning of a cascading-failure risk, and we regard that cooperation as responsible crisis management that will be weighed favourably in future allocation decisions.",0.0,deeper_cascade_seed1,deeper_cascade,1
4,energy_utility,Energy Utility,112.0,112.0,76.2,130.0,112.0,18.0,1.0,0.0,False,True,2,True,True,False,580.0,580.0,41.0,"Today’s ruling was driven by the need to protect life, preserve the core functioning of the grid, and keep essential household service available under extreme heat and severe scarcity. The Authority notes that Energy Utility made a limited good-faith concession after warning of a cascading-failure risk, and we regard that cooperation as responsible crisis management that will be weighed favourably in future allocation decisions.",0.15,deeper_cascade_seed1,deeper_cascade,1
4,epa,Environmental Protection Agency,80.0,49.6,30.4,0.0,0.0,0.0,0.0,49.6,True,True,2,True,False,True,580.0,580.0,41.0,"Today’s ruling was driven by the need to protect life, preserve the core functioning of the grid, and keep essential household service available under extreme heat and severe scarcity. The Authority notes that Energy Utility made a limited good-faith concession after warning of a cascading-failure risk, and we regard that cooperation as responsible crisis management that will be weighed favourably in future allocation decisions.",0.0,deeper_cascade_seed1,deeper_cascade,1
5,hospital,Hospital / Healthcare Services,162.0,142.6,105.3,132.6,142.6,-10.0,0.88,0.0,False,True,2,True,True,False,520.0,520.0,39.0,"Given today’s extreme heat and the continuing shortage, the Authority’s ruling prioritized life-safety and system stability: we protected hospital care and household needs first, and maintained the energy grid at a level necessary to avoid cascading outages that would have harmed the same communities we are trying to safeguard. No sector reached consensus on further shared reductions, so the remaining burden was assigned where limited flexibility still existed, rather than risking failures in critical services.

We note the Energy Utility’s cooperative statement acknowledging its constrained position and its willingness to frame the grid as a last-resort priority in the interest of public stability. The Authority regards that good-faith crisis management as constructive and will weigh such cooperation favourably in future allocation decisions.",0.0,deeper_cascade_seed1,deeper_cascade,1
5,households,Households,448.0,385.3,246.4,255.6,255.6,0.0,0.571,129.7,False,True,2,True,False,True,520.0,520.0,39.0,"Given today’s extreme heat and the continuing shortage, the Authority’s ruling prioritized life-safety and system stability: we protected hospital care and household needs first, and maintained the energy grid at a level necessary to avoid cascading outages that would have harmed the same communities we are trying to safeguard. No sector reached consensus on further shared reductions, so the remaining burden was assigned where limited flexibility still existed, rather than risking failures in critical services.

We note the Energy Utility’s cooperative statement acknowledging its constrained position and its willingness to frame the grid as a last-resort priority in the interest of public stability. The Authority regards that good-faith crisis management as constructive and will weigh such cooperation favourably in future allocation decisions.",0.12,deeper_cascade_seed1,deeper_cascade,1
5,agriculture,Agriculture,300.0,270.0,144.0,0.0,0.0,0.0,0.0,270.0,True,True,2,True,False,True,520.0,520.0,39.0,"Given today’s extreme heat and the continuing shortage, the Authority’s ruling prioritized life-safety and system stability: we protected hospital care and household needs first, and maintained the energy grid at a level necessary to avoid cascading outages that would have harmed the same communities we are trying to safeguard. No sector reached consensus on further shared reductions, so the remaining burden was assigned where limited flexibility still existed, rather than risking failures in critical services.

We note the Energy Utility’s cooperative statement acknowledging its constrained position and its willingness to frame the grid as a last-resort priority in the interest of public stability. The Authority regards that good-faith crisis management as constructive and will weigh such cooperation favourably in future allocation decisions.",0.24,deeper_cascade_seed1,deeper_cascade,1
5,industry,Industry / Businesses,150.0,112.5,78.0,0.0,0.0,0.0,0.0,112.5,True,True,2,True,False,True,520.0,520.0,39.0,"Given today’s extreme heat and the continuing shortage, the Authority’s ruling prioritized life-safety and system stability: we protected hospital care and household needs first, and maintained the energy grid at a level necessary to avoid cascading outages that would have harmed the same communities we are trying to safeguard. No sector reached consensus on further shared reductions, so the remaining burden was assigned where limited flexibility still existed, rather than risking failures in critical services.

We note the Energy Utility’s cooperative statement acknowledging its constrained position and its willingness to frame the grid as a last-resort priority in the interest of public stability. The Authority regards that good-faith crisis management as constructive and will weigh such cooperation favourably in future allocation decisions.",0.0,deeper_cascade_seed1,deeper_cascade,1
5,energy_utility,Energy Utility,124.0,121.8,78.9,131.8,121.8,10.0,0.982,0.0,False,True,2,True,True,False,520.0,520.0,39.0,"Given today’s extreme heat and the continuing shortage, the Authority’s ruling prioritized life-safety and system stability: we protected hospital care and household needs first, and maintained the energy grid at a level necessary to avoid cascading outages that would have harmed the same communities we are trying to safeguard. No sector reached consensus on further shared reductions, so the remaining burden was assigned where limited flexibility still existed, rather than risking failures in critical services.

We note the Energy Utility’s cooperative statement acknowledging its constrained position and its willingness to frame the grid as a last-resort priority in the interest of public stability. The Authority regards that good-faith crisis management as constructive and will weigh such cooperation favourably in future allocation decisions.",0.2,deeper_cascade_seed1,deeper_cascade,1
5,epa,Environmental Protection Agency,80.0,49.6,30.4,0.0,0.0,0.0,0.0,49.6,True,True,2,True,False,True,520.0,520.0,39.0,"Given today’s extreme heat and the continuing shortage, the Authority’s ruling prioritized life-safety and system stability: we protected hospital care and household needs first, and maintained the energy grid at a level necessary to avoid cascading outages that would have harmed the same communities we are trying to safeguard. No sector reached consensus on further shared reductions, so the remaining burden was assigned where limited flexibility still existed, rather than risking failures in critical services.

We note the Energy Utility’s cooperative statement acknowledging its constrained position and its willingness to frame the grid as a last-resort priority in the interest of public stability. The Authority regards that good-faith crisis management as constructive and will weigh such cooperation favourably in future allocation decisions.",0.0,deeper_cascade_seed1,deeper_cascade,1
6,hospital,Hospital / Healthcare Services,165.0,145.2,107.2,145.2,145.2,0.0,0.88,0.0,False,True,2,True,True,False,460.0,460.0,36.0,"Today’s allocation was set to protect life, public health, and the minimum infrastructure needed to keep the city functioning under extreme heat and severe scarcity. Priority was therefore given to hospitals and healthcare services, residential supply, and the energy utility, while non-essential and lower-priority uses were suspended to preserve the limited water available for critical needs.

We note and commend the voluntary cooperation shown during negotiations, including the willingness of the Energy Utility to accept a reduced share and the acceptance by other stakeholders of temporary suspension of non-essential demands. The Authority regards this good-faith crisis management as constructive conduct that will be weighed favourably in future allocation decisions.",0.04,deeper_cascade_seed1,deeper_cascade,1
6,households,Households,460.0,414.0,253.0,182.8,182.8,0.0,0.397,231.2,True,True,2,True,False,True,460.0,460.0,36.0,"Today’s allocation was set to protect life, public health, and the minimum infrastructure needed to keep the city functioning under extreme heat and severe scarcity. Priority was therefore given to hospitals and healthcare services, residential supply, and the energy utility, while non-essential and lower-priority uses were suspended to preserve the limited water available for critical needs.

We note and commend the voluntary cooperation shown during negotiations, including the willingness of the Energy Utility to accept a reduced share and the acceptance by other stakeholders of temporary suspension of non-essential demands. The Authority regards this good-faith crisis management as constructive conduct that will be weighed favourably in future allocation decisions.",0.16,deeper_cascade_seed1,deeper_cascade,1
6,agriculture,Agriculture,312.0,300.0,150.0,0.0,0.0,0.0,0.0,300.0,True,True,2,True,False,True,460.0,460.0,36.0,"Today’s allocation was set to protect life, public health, and the minimum infrastructure needed to keep the city functioning under extreme heat and severe scarcity. Priority was therefore given to hospitals and healthcare services, residential supply, and the energy utility, while non-essential and lower-priority uses were suspended to preserve the limited water available for critical needs.

We note and commend the voluntary cooperation shown during negotiations, including the willingness of the Energy Utility to accept a reduced share and the acceptance by other stakeholders of temporary suspension of non-essential demands. The Authority regards this good-faith crisis management as constructive conduct that will be weighed favourably in future allocation decisions.",0.25,deeper_cascade_seed1,deeper_cascade,1
6,industry,Industry / Businesses,150.0,112.5,78.0,0.0,0.0,0.0,0.0,112.5,True,True,2,True,False,True,460.0,460.0,36.0,"Today’s allocation was set to protect life, public health, and the minimum infrastructure needed to keep the city functioning under extreme heat and severe scarcity. Priority was therefore given to hospitals and healthcare services, residential supply, and the energy utility, while non-essential and lower-priority uses were suspended to preserve the limited water available for critical needs.

We note and commend the voluntary cooperation shown during negotiations, including the willingness of the Energy Utility to accept a reduced share and the acceptance by other stakeholders of temporary suspension of non-essential demands. The Authority regards this good-faith crisis management as constructive conduct that will be weighed favourably in future allocation decisions.",0.0,deeper_cascade_seed1,deeper_cascade,1
6,energy_utility,Energy Utility,132.0,132.0,81.6,132.0,132.0,0.0,1.0,0.0,False,True,2,True,True,False,460.0,460.0,36.0,"Today’s allocation was set to protect life, public health, and the minimum infrastructure needed to keep the city functioning under extreme heat and severe scarcity. Priority was therefore given to hospitals and healthcare services, residential supply, and the energy utility, while non-essential and lower-priority uses were suspended to preserve the limited water available for critical needs.

We note and commend the voluntary cooperation shown during negotiations, including the willingness of the Energy Utility to accept a reduced share and the acceptance by other stakeholders of temporary suspension of non-essential demands. The Authority regards this good-faith crisis management as constructive conduct that will be weighed favourably in future allocation decisions.",0.25,deeper_cascade_seed1,deeper_cascade,1
6,epa,Environmental Protection Agency,80.0,49.6,30.4,0.0,0.0,0.0,0.0,49.6,True,True,2,True,False,True,460.0,460.0,36.0,"Today’s allocation was set to protect life, public health, and the minimum infrastructure needed to keep the city functioning under extreme heat and severe scarcity. Priority was therefore given to hospitals and healthcare services, residential supply, and the energy utility, while non-essential and lower-priority uses were suspended to preserve the limited water available for critical needs.

We note and commend the voluntary cooperation shown during negotiations, including the willingness of the Energy Utility to accept a reduced share and the acceptance by other stakeholders of temporary suspension of non-essential demands. The Authority regards this good-faith crisis management as constructive conduct that will be weighed favourably in future allocation decisions.",0.0,deeper_cascade_seed1,deeper_cascade,1
1,hospital,Hospital / Healthcare Services,150.0,132.0,97.5,135.4,135.4,0.0,0.903,0.0,False,False,0,False,False,False,900.0,900.0,34.0,"Today’s allocation was set to protect essential public health and safety first, then maintain basic household service, preserve critical economic activity, and keep the water system and environment stable under severe heat conditions. With demand still within the day’s available supply and no stakeholder falling below a comfortable threshold, we applied the standard priority order without requiring negotiation or emergency tradeoffs.

No stakeholder made voluntary reductions or trades today. The Authority notes that cooperative restraint, where it occurs, is a strong sign of good-faith crisis management and will be weighed favourably in future allocation decisions.",0.0,deeper_cascade_seed2,deeper_cascade,2
1,households,Households,400.0,312.0,220.0,322.0,322.0,0.0,0.805,0.0,False,False,0,False,False,False,900.0,900.0,34.0,"Today’s allocation was set to protect essential public health and safety first, then maintain basic household service, preserve critical economic activity, and keep the water system and environment stable under severe heat conditions. With demand still within the day’s available supply and no stakeholder falling below a comfortable threshold, we applied the standard priority order without requiring negotiation or emergency tradeoffs.

No stakeholder made voluntary reductions or trades today. The Authority notes that cooperative restraint, where it occurs, is a strong sign of good-faith crisis management and will be weighed favourably in future allocation decisions.",0.0,deeper_cascade_seed2,deeper_cascade,2
1,agriculture,Agriculture,250.0,180.0,120.0,185.3,185.3,0.0,0.741,0.0,False,False,0,False,False,False,900.0,900.0,34.0,"Today’s allocation was set to protect essential public health and safety first, then maintain basic household service, preserve critical economic activity, and keep the water system and environment stable under severe heat conditions. With demand still within the day’s available supply and no stakeholder falling below a comfortable threshold, we applied the standard priority order without requiring negotiation or emergency tradeoffs.

No stakeholder made voluntary reductions or trades today. The Authority notes that cooperative restraint, where it occurs, is a strong sign of good-faith crisis management and will be weighed favourably in future allocation decisions.",0.0,deeper_cascade_seed2,deeper_cascade,2
1,industry,Industry / Businesses,150.0,112.5,78.0,113.9,113.9,0.0,0.759,0.0,False,False,0,False,False,False,900.0,900.0,34.0,"Today’s allocation was set to protect essential public health and safety first, then maintain basic household service, preserve critical economic activity, and keep the water system and environment stable under severe heat conditions. With demand still within the day’s available supply and no stakeholder falling below a comfortable threshold, we applied the standard priority order without requiring negotiation or emergency tradeoffs.

No stakeholder made voluntary reductions or trades today. The Authority notes that cooperative restraint, where it occurs, is a strong sign of good-faith crisis management and will be weighed favourably in future allocation decisions.",0.0,deeper_cascade_seed2,deeper_cascade,2
1,energy_utility,Energy Utility,100.0,90.0,68.0,91.5,91.5,0.0,0.915,0.0,False,False,0,False,False,False,900.0,900.0,34.0,"Today’s allocation was set to protect essential public health and safety first, then maintain basic household service, preserve critical economic activity, and keep the water system and environment stable under severe heat conditions. With demand still within the day’s available supply and no stakeholder falling below a comfortable threshold, we applied the standard priority order without requiring negotiation or emergency tradeoffs.

No stakeholder made voluntary reductions or trades today. The Authority notes that cooperative restraint, where it occurs, is a strong sign of good-faith crisis management and will be weighed favourably in future allocation decisions.",0.0,deeper_cascade_seed2,deeper_cascade,2
1,epa,Environmental Protection Agency,90.0,49.6,30.4,51.9,51.9,0.0,0.577,0.0,False,False,0,False,False,False,900.0,900.0,34.0,"Today’s allocation was set to protect essential public health and safety first, then maintain basic household service, preserve critical economic activity, and keep the water system and environment stable under severe heat conditions. With demand still within the day’s available supply and no stakeholder falling below a comfortable threshold, we applied the standard priority order without requiring negotiation or emergency tradeoffs.

No stakeholder made voluntary reductions or trades today. The Authority notes that cooperative restraint, where it occurs, is a strong sign of good-faith crisis management and will be weighed favourably in future allocation decisions.",0.0,deeper_cascade_seed2,deeper_cascade,2
2,hospital,Hospital / Healthcare Services,153.0,134.6,99.5,134.6,134.6,0.0,0.88,0.0,False,True,2,True,True,False,800.0,800.0,37.0,"Today’s ruling was made under severe heat and a hard system-wide shortage, so the Authority prioritized essential human health, basic household needs, hospital operations, and minimum grid stability while still preserving some water for agriculture, industry, and environmental protection. Households’ request for shared restraint was central to the decision: we accepted the principle that any further burden had to be distributed fairly and not create visible hardship in extreme temperatures, and we note the constructive, good-faith engagement shown in negotiation as an important basis for future crisis allocations.",0.0,deeper_cascade_seed2,deeper_cascade,2
2,households,Households,412.0,321.4,226.6,336.4,321.4,15.0,0.78,0.0,False,True,2,True,True,False,800.0,800.0,37.0,"Today’s ruling was made under severe heat and a hard system-wide shortage, so the Authority prioritized essential human health, basic household needs, hospital operations, and minimum grid stability while still preserving some water for agriculture, industry, and environmental protection. Households’ request for shared restraint was central to the decision: we accepted the principle that any further burden had to be distributed fairly and not create visible hardship in extreme temperatures, and we note the constructive, good-faith engagement shown in negotiation as an important basis for future crisis allocations.",0.0,deeper_cascade_seed2,deeper_cascade,2
2,agriculture,Agriculture,262.0,189.0,126.0,189.0,189.0,0.0,0.721,0.0,False,True,2,True,True,False,800.0,800.0,37.0,"Today’s ruling was made under severe heat and a hard system-wide shortage, so the Authority prioritized essential human health, basic household needs, hospital operations, and minimum grid stability while still preserving some water for agriculture, industry, and environmental protection. Households’ request for shared restraint was central to the decision: we accepted the principle that any further burden had to be distributed fairly and not create visible hardship in extreme temperatures, and we note the constructive, good-faith engagement shown in negotiation as an important basis for future crisis allocations.",0.06,deeper_cascade_seed2,deeper_cascade,2
2,industry,Industry / Businesses,150.0,112.5,78.0,11.8,11.8,0.0,0.079,100.7,True,True,2,True,False,True,800.0,800.0,37.0,"Today’s ruling was made under severe heat and a hard system-wide shortage, so the Authority prioritized essential human health, basic household needs, hospital operations, and minimum grid stability while still preserving some water for agriculture, industry, and environmental protection. Households’ request for shared restraint was central to the decision: we accepted the principle that any further burden had to be distributed fairly and not create visible hardship in extreme temperatures, and we note the constructive, good-faith engagement shown in negotiation as an important basis for future crisis allocations.",0.0,deeper_cascade_seed2,deeper_cascade,2
2,energy_utility,Energy Utility,104.0,93.6,70.7,78.6,93.6,-15.0,0.9,0.0,False,True,2,True,True,True,800.0,800.0,37.0,"Today’s ruling was made under severe heat and a hard system-wide shortage, so the Authority prioritized essential human health, basic household needs, hospital operations, and minimum grid stability while still preserving some water for agriculture, industry, and environmental protection. Households’ request for shared restraint was central to the decision: we accepted the principle that any further burden had to be distributed fairly and not create visible hardship in extreme temperatures, and we note the constructive, good-faith engagement shown in negotiation as an important basis for future crisis allocations.",0.05,deeper_cascade_seed2,deeper_cascade,2
2,epa,Environmental Protection Agency,80.0,49.6,30.4,49.6,49.6,0.0,0.62,0.0,False,True,2,True,True,False,800.0,800.0,37.0,"Today’s ruling was made under severe heat and a hard system-wide shortage, so the Authority prioritized essential human health, basic household needs, hospital operations, and minimum grid stability while still preserving some water for agriculture, industry, and environmental protection. Households’ request for shared restraint was central to the decision: we accepted the principle that any further burden had to be distributed fairly and not create visible hardship in extreme temperatures, and we note the constructive, good-faith engagement shown in negotiation as an important basis for future crisis allocations.",0.0,deeper_cascade_seed2,deeper_cascade,2
3,hospital,Hospital / Healthcare Services,156.0,137.3,101.4,137.3,137.3,0.0,0.88,0.0,False,True,2,True,True,False,700.0,700.0,40.0,"Today’s ruling prioritizes life-safety and system stability in extreme heat: hospitals and healthcare were protected first, household drinking water, hygiene, and basic cooling were preserved, and the energy grid was kept sufficiently supplied to avoid cascading failures that would have endangered everyone. Households and the Energy Utility both made voluntary, good-faith concessions during negotiation, and we recognize that cooperation as responsible crisis management that will be weighed favorably in future allocation decisions.",0.0,deeper_cascade_seed2,deeper_cascade,2
3,households,Households,424.0,330.7,233.2,305.7,330.7,-25.0,0.78,0.0,False,True,2,True,True,False,700.0,700.0,40.0,"Today’s ruling prioritizes life-safety and system stability in extreme heat: hospitals and healthcare were protected first, household drinking water, hygiene, and basic cooling were preserved, and the energy grid was kept sufficiently supplied to avoid cascading failures that would have endangered everyone. Households and the Energy Utility both made voluntary, good-faith concessions during negotiation, and we recognize that cooperation as responsible crisis management that will be weighed favorably in future allocation decisions.",0.04,deeper_cascade_seed2,deeper_cascade,2
3,agriculture,Agriculture,275.0,214.5,132.0,129.4,129.4,0.0,0.471,85.1,True,True,2,True,False,True,700.0,700.0,40.0,"Today’s ruling prioritizes life-safety and system stability in extreme heat: hospitals and healthcare were protected first, household drinking water, hygiene, and basic cooling were preserved, and the energy grid was kept sufficiently supplied to avoid cascading failures that would have endangered everyone. Households and the Energy Utility both made voluntary, good-faith concessions during negotiation, and we recognize that cooperation as responsible crisis management that will be weighed favorably in future allocation decisions.",0.12,deeper_cascade_seed2,deeper_cascade,2
3,industry,Industry / Businesses,150.0,112.5,78.0,0.0,0.0,0.0,0.0,112.5,True,True,2,True,False,True,700.0,700.0,40.0,"Today’s ruling prioritizes life-safety and system stability in extreme heat: hospitals and healthcare were protected first, household drinking water, hygiene, and basic cooling were preserved, and the energy grid was kept sufficiently supplied to avoid cascading failures that would have endangered everyone. Households and the Energy Utility both made voluntary, good-faith concessions during negotiation, and we recognize that cooperation as responsible crisis management that will be weighed favorably in future allocation decisions.",0.0,deeper_cascade_seed2,deeper_cascade,2
3,energy_utility,Energy Utility,108.0,102.6,73.4,127.6,102.6,25.0,0.95,0.0,False,True,2,True,True,False,700.0,700.0,40.0,"Today’s ruling prioritizes life-safety and system stability in extreme heat: hospitals and healthcare were protected first, household drinking water, hygiene, and basic cooling were preserved, and the energy grid was kept sufficiently supplied to avoid cascading failures that would have endangered everyone. Households and the Energy Utility both made voluntary, good-faith concessions during negotiation, and we recognize that cooperation as responsible crisis management that will be weighed favorably in future allocation decisions.",0.1,deeper_cascade_seed2,deeper_cascade,2
3,epa,Environmental Protection Agency,80.0,49.6,30.4,0.0,0.0,0.0,0.0,49.6,True,True,2,True,False,True,700.0,700.0,40.0,"Today’s ruling prioritizes life-safety and system stability in extreme heat: hospitals and healthcare were protected first, household drinking water, hygiene, and basic cooling were preserved, and the energy grid was kept sufficiently supplied to avoid cascading failures that would have endangered everyone. Households and the Energy Utility both made voluntary, good-faith concessions during negotiation, and we recognize that cooperation as responsible crisis management that will be weighed favorably in future allocation decisions.",0.0,deeper_cascade_seed2,deeper_cascade,2
4,hospital,Hospital / Healthcare Services,159.0,139.9,103.4,103.9,139.9,-36.0,0.88,0.0,False,True,2,True,True,False,580.0,580.0,41.0,"Given the 41°C peak heat and the severe shortage, the Authority prioritized life-safety and system stability: hospitals and healthcare were protected first, households were kept above a socially sustainable minimum to preserve drinking water, hygiene, and basic cooling, and the energy utility received enough to prevent grid instability that could cascade into wider public-health failures. Agriculture, industry, and environmental flows were deferred because, under today’s emergency conditions, they could not be supplied without increasing immediate risk to people and critical services.

We note the good-faith cooperation shown by Households and the Energy Utility in accepting shared burden and limited concessions to reduce the risk of collapse; the Authority regards that conduct as a clear demonstration of crisis management and will weigh it favorably in",0.0,deeper_cascade_seed2,deeper_cascade,2
4,households,Households,460.0,357.5,239.8,340.1,328.1,12.0,0.713,29.4,False,True,2,True,True,True,580.0,580.0,41.0,"Given the 41°C peak heat and the severe shortage, the Authority prioritized life-safety and system stability: hospitals and healthcare were protected first, households were kept above a socially sustainable minimum to preserve drinking water, hygiene, and basic cooling, and the energy utility received enough to prevent grid instability that could cascade into wider public-health failures. Agriculture, industry, and environmental flows were deferred because, under today’s emergency conditions, they could not be supplied without increasing immediate risk to people and critical services.

We note the good-faith cooperation shown by Households and the Energy Utility in accepting shared burden and limited concessions to reduce the risk of collapse; the Authority regards that conduct as a clear demonstration of crisis management and will weigh it favorably in",0.08,deeper_cascade_seed2,deeper_cascade,2
4,agriculture,Agriculture,288.0,241.5,138.0,0.0,0.0,0.0,0.0,241.5,True,True,2,True,False,True,580.0,580.0,41.0,"Given the 41°C peak heat and the severe shortage, the Authority prioritized life-safety and system stability: hospitals and healthcare were protected first, households were kept above a socially sustainable minimum to preserve drinking water, hygiene, and basic cooling, and the energy utility received enough to prevent grid instability that could cascade into wider public-health failures. Agriculture, industry, and environmental flows were deferred because, under today’s emergency conditions, they could not be supplied without increasing immediate risk to people and critical services.

We note the good-faith cooperation shown by Households and the Energy Utility in accepting shared burden and limited concessions to reduce the risk of collapse; the Authority regards that conduct as a clear demonstration of crisis management and will weigh it favorably in",0.18,deeper_cascade_seed2,deeper_cascade,2
4,industry,Industry / Businesses,150.0,112.5,78.0,0.0,0.0,0.0,0.0,112.5,True,True,2,True,False,True,580.0,580.0,41.0,"Given the 41°C peak heat and the severe shortage, the Authority prioritized life-safety and system stability: hospitals and healthcare were protected first, households were kept above a socially sustainable minimum to preserve drinking water, hygiene, and basic cooling, and the energy utility received enough to prevent grid instability that could cascade into wider public-health failures. Agriculture, industry, and environmental flows were deferred because, under today’s emergency conditions, they could not be supplied without increasing immediate risk to people and critical services.

We note the good-faith cooperation shown by Households and the Energy Utility in accepting shared burden and limited concessions to reduce the risk of collapse; the Authority regards that conduct as a clear demonstration of crisis management and will weigh it favorably in",0.0,deeper_cascade_seed2,deeper_cascade,2
4,energy_utility,Energy Utility,112.0,112.0,76.2,136.0,112.0,24.0,1.0,0.0,False,True,2,True,True,False,580.0,580.0,41.0,"Given the 41°C peak heat and the severe shortage, the Authority prioritized life-safety and system stability: hospitals and healthcare were protected first, households were kept above a socially sustainable minimum to preserve drinking water, hygiene, and basic cooling, and the energy utility received enough to prevent grid instability that could cascade into wider public-health failures. Agriculture, industry, and environmental flows were deferred because, under today’s emergency conditions, they could not be supplied without increasing immediate risk to people and critical services.

We note the good-faith cooperation shown by Households and the Energy Utility in accepting shared burden and limited concessions to reduce the risk of collapse; the Authority regards that conduct as a clear demonstration of crisis management and will weigh it favorably in",0.15,deeper_cascade_seed2,deeper_cascade,2
4,epa,Environmental Protection Agency,80.0,49.6,30.4,0.0,0.0,0.0,0.0,49.6,True,True,2,True,False,True,580.0,580.0,41.0,"Given the 41°C peak heat and the severe shortage, the Authority prioritized life-safety and system stability: hospitals and healthcare were protected first, households were kept above a socially sustainable minimum to preserve drinking water, hygiene, and basic cooling, and the energy utility received enough to prevent grid instability that could cascade into wider public-health failures. Agriculture, industry, and environmental flows were deferred because, under today’s emergency conditions, they could not be supplied without increasing immediate risk to people and critical services.

We note the good-faith cooperation shown by Households and the Energy Utility in accepting shared burden and limited concessions to reduce the risk of collapse; the Authority regards that conduct as a clear demonstration of crisis management and will weigh it favorably in",0.0,deeper_cascade_seed2,deeper_cascade,2
5,hospital,Hospital / Healthcare Services,162.0,142.6,105.3,142.6,142.6,0.0,0.88,0.0,False,True,2,True,True,False,520.0,520.0,39.0,"Today’s allocation was set to protect life, public health, and essential continuity under extreme heat and a continuing severe shortage. Priority was therefore given to hospitals and healthcare services, household minimum needs, and the energy utility required to keep critical systems operating; non-essential and discretionary uses were temporarily suspended to preserve the limited supply for the most urgent demands.

We also note the constructive cooperation shown during negotiations, including any voluntary reductions or trades offered by stakeholders in good faith. The Authority regards such crisis cooperation as responsible conduct and will weigh it favourably in future allocation decisions.",0.0,deeper_cascade_seed2,deeper_cascade,2
5,households,Households,448.0,385.3,246.4,255.6,255.6,0.0,0.571,129.7,False,True,2,True,False,True,520.0,520.0,39.0,"Today’s allocation was set to protect life, public health, and essential continuity under extreme heat and a continuing severe shortage. Priority was therefore given to hospitals and healthcare services, household minimum needs, and the energy utility required to keep critical systems operating; non-essential and discretionary uses were temporarily suspended to preserve the limited supply for the most urgent demands.

We also note the constructive cooperation shown during negotiations, including any voluntary reductions or trades offered by stakeholders in good faith. The Authority regards such crisis cooperation as responsible conduct and will weigh it favourably in future allocation decisions.",0.12,deeper_cascade_seed2,deeper_cascade,2
5,agriculture,Agriculture,300.0,270.0,144.0,0.0,0.0,0.0,0.0,270.0,True,True,2,True,False,True,520.0,520.0,39.0,"Today’s allocation was set to protect life, public health, and essential continuity under extreme heat and a continuing severe shortage. Priority was therefore given to hospitals and healthcare services, household minimum needs, and the energy utility required to keep critical systems operating; non-essential and discretionary uses were temporarily suspended to preserve the limited supply for the most urgent demands.

We also note the constructive cooperation shown during negotiations, including any voluntary reductions or trades offered by stakeholders in good faith. The Authority regards such crisis cooperation as responsible conduct and will weigh it favourably in future allocation decisions.",0.24,deeper_cascade_seed2,deeper_cascade,2
5,industry,Industry / Businesses,150.0,112.5,78.0,0.0,0.0,0.0,0.0,112.5,True,True,2,True,False,True,520.0,520.0,39.0,"Today’s allocation was set to protect life, public health, and essential continuity under extreme heat and a continuing severe shortage. Priority was therefore given to hospitals and healthcare services, household minimum needs, and the energy utility required to keep critical systems operating; non-essential and discretionary uses were temporarily suspended to preserve the limited supply for the most urgent demands.

We also note the constructive cooperation shown during negotiations, including any voluntary reductions or trades offered by stakeholders in good faith. The Authority regards such crisis cooperation as responsible conduct and will weigh it favourably in future allocation decisions.",0.0,deeper_cascade_seed2,deeper_cascade,2
5,energy_utility,Energy Utility,122.0,121.8,78.9,121.8,121.8,0.0,0.998,0.0,False,True,2,True,True,False,520.0,520.0,39.0,"Today’s allocation was set to protect life, public health, and essential continuity under extreme heat and a continuing severe shortage. Priority was therefore given to hospitals and healthcare services, household minimum needs, and the energy utility required to keep critical systems operating; non-essential and discretionary uses were temporarily suspended to preserve the limited supply for the most urgent demands.

We also note the constructive cooperation shown during negotiations, including any voluntary reductions or trades offered by stakeholders in good faith. The Authority regards such crisis cooperation as responsible conduct and will weigh it favourably in future allocation decisions.",0.2,deeper_cascade_seed2,deeper_cascade,2
5,epa,Environmental Protection Agency,80.0,49.6,30.4,0.0,0.0,0.0,0.0,49.6,True,True,2,True,False,True,520.0,520.0,39.0,"Today’s allocation was set to protect life, public health, and essential continuity under extreme heat and a continuing severe shortage. Priority was therefore given to hospitals and healthcare services, household minimum needs, and the energy utility required to keep critical systems operating; non-essential and discretionary uses were temporarily suspended to preserve the limited supply for the most urgent demands.

We also note the constructive cooperation shown during negotiations, including any voluntary reductions or trades offered by stakeholders in good faith. The Authority regards such crisis cooperation as responsible conduct and will weigh it favourably in future allocation decisions.",0.0,deeper_cascade_seed2,deeper_cascade,2
6,hospital,Hospital / Healthcare Services,165.0,145.2,107.2,145.2,145.2,0.0,0.88,0.0,False,True,2,True,True,False,460.0,460.0,36.0,"Today’s ruling was made under severe heat stress and an ongoing supply emergency, so the Authority prioritized essential human health and basic domestic use first, then preserved enough water to keep critical power operations functioning and prevent a wider public safety failure. With no consensus reached after two rounds of negotiation, non-essential and lower-priority uses were temporarily curtailed to protect life, maintain minimum service continuity, and reduce the risk of system collapse during the hottest part of the day.

The Authority notes and appreciates any voluntary reductions or trades offered during negotiations, as such cooperation reflects good-faith crisis management and will be weighed favorably in future allocation decisions.",0.04,deeper_cascade_seed2,deeper_cascade,2
6,households,Households,460.0,414.0,253.0,182.8,182.8,0.0,0.397,231.2,True,True,2,True,False,True,460.0,460.0,36.0,"Today’s ruling was made under severe heat stress and an ongoing supply emergency, so the Authority prioritized essential human health and basic domestic use first, then preserved enough water to keep critical power operations functioning and prevent a wider public safety failure. With no consensus reached after two rounds of negotiation, non-essential and lower-priority uses were temporarily curtailed to protect life, maintain minimum service continuity, and reduce the risk of system collapse during the hottest part of the day.

The Authority notes and appreciates any voluntary reductions or trades offered during negotiations, as such cooperation reflects good-faith crisis management and will be weighed favorably in future allocation decisions.",0.16,deeper_cascade_seed2,deeper_cascade,2
6,agriculture,Agriculture,312.0,300.0,150.0,0.0,0.0,0.0,0.0,300.0,True,True,2,True,False,True,460.0,460.0,36.0,"Today’s ruling was made under severe heat stress and an ongoing supply emergency, so the Authority prioritized essential human health and basic domestic use first, then preserved enough water to keep critical power operations functioning and prevent a wider public safety failure. With no consensus reached after two rounds of negotiation, non-essential and lower-priority uses were temporarily curtailed to protect life, maintain minimum service continuity, and reduce the risk of system collapse during the hottest part of the day.

The Authority notes and appreciates any voluntary reductions or trades offered during negotiations, as such cooperation reflects good-faith crisis management and will be weighed favorably in future allocation decisions.",0.25,deeper_cascade_seed2,deeper_cascade,2
6,industry,Industry / Businesses,150.0,112.5,78.0,0.0,0.0,0.0,0.0,112.5,True,True,2,True,False,True,460.0,460.0,36.0,"Today’s ruling was made under severe heat stress and an ongoing supply emergency, so the Authority prioritized essential human health and basic domestic use first, then preserved enough water to keep critical power operations functioning and prevent a wider public safety failure. With no consensus reached after two rounds of negotiation, non-essential and lower-priority uses were temporarily curtailed to protect life, maintain minimum service continuity, and reduce the risk of system collapse during the hottest part of the day.

The Authority notes and appreciates any voluntary reductions or trades offered during negotiations, as such cooperation reflects good-faith crisis management and will be weighed favorably in future allocation decisions.",0.0,deeper_cascade_seed2,deeper_cascade,2
6,energy_utility,Energy Utility,132.0,132.0,81.6,132.0,132.0,0.0,1.0,0.0,False,True,2,True,True,False,460.0,460.0,36.0,"Today’s ruling was made under severe heat stress and an ongoing supply emergency, so the Authority prioritized essential human health and basic domestic use first, then preserved enough water to keep critical power operations functioning and prevent a wider public safety failure. With no consensus reached after two rounds of negotiation, non-essential and lower-priority uses were temporarily curtailed to protect life, maintain minimum service continuity, and reduce the risk of system collapse during the hottest part of the day.

The Authority notes and appreciates any voluntary reductions or trades offered during negotiations, as such cooperation reflects good-faith crisis management and will be weighed favorably in future allocation decisions.",0.25,deeper_cascade_seed2,deeper_cascade,2
6,epa,Environmental Protection Agency,80.0,49.6,30.4,0.0,0.0,0.0,0.0,49.6,True,True,2,True,False,True,460.0,460.0,36.0,"Today’s ruling was made under severe heat stress and an ongoing supply emergency, so the Authority prioritized essential human health and basic domestic use first, then preserved enough water to keep critical power operations functioning and prevent a wider public safety failure. With no consensus reached after two rounds of negotiation, non-essential and lower-priority uses were temporarily curtailed to protect life, maintain minimum service continuity, and reduce the risk of system collapse during the hottest part of the day.

The Authority notes and appreciates any voluntary reductions or trades offered during negotiations, as such cooperation reflects good-faith crisis management and will be weighed favorably in future allocation decisions.",0.0,deeper_cascade_seed2,deeper_cascade,2
