day,stakeholder_id,name,requested,min_acceptable,allocated,allocated_from_authority,allocated_from_trades,satisfaction,shortfall,critical_failure,severity_today,rounds_today,imposed_today,cooperated,objected,supply,total_allocated,peak_temp_c,ruling_text,run_id,condition,seed
1,hospital,Hospital / Healthcare Services,150.0,127.5,150.0,150.0,0.0,1.0,0.0,False,False,0,False,False,False,1000.0,1000.0,34.0,"Today’s allocation was set under severe shortage conditions and a 34°C peak demand day, so we applied the established priority order to protect life, public health, and essential services first, while keeping every stakeholder at or above its minimum requirement. The resulting distribution reflects that hierarchy and the need to preserve critical municipal function, food production, power reliability, and baseline environmental protection within the water available.

No stakeholder made a voluntary reduction or trade today.",baseline_mixed_negotiation_seed0,baseline_mixed_negotiation,0
1,households,Households,400.0,300.0,375.2,375.2,0.0,0.938,0.0,False,False,0,False,False,False,1000.0,1000.0,34.0,"Today’s allocation was set under severe shortage conditions and a 34°C peak demand day, so we applied the established priority order to protect life, public health, and essential services first, while keeping every stakeholder at or above its minimum requirement. The resulting distribution reflects that hierarchy and the need to preserve critical municipal function, food production, power reliability, and baseline environmental protection within the water available.

No stakeholder made a voluntary reduction or trade today.",baseline_mixed_negotiation_seed0,baseline_mixed_negotiation,0
1,agriculture,Agriculture,250.0,150.0,197.8,197.8,0.0,0.791,0.0,False,False,0,False,False,False,1000.0,1000.0,34.0,"Today’s allocation was set under severe shortage conditions and a 34°C peak demand day, so we applied the established priority order to protect life, public health, and essential services first, while keeping every stakeholder at or above its minimum requirement. The resulting distribution reflects that hierarchy and the need to preserve critical municipal function, food production, power reliability, and baseline environmental protection within the water available.

No stakeholder made a voluntary reduction or trade today.",baseline_mixed_negotiation_seed0,baseline_mixed_negotiation,0
1,industry,Industry / Businesses,150.0,97.5,110.1,110.1,0.0,0.734,0.0,False,False,0,False,False,False,1000.0,1000.0,34.0,"Today’s allocation was set under severe shortage conditions and a 34°C peak demand day, so we applied the established priority order to protect life, public health, and essential services first, while keeping every stakeholder at or above its minimum requirement. The resulting distribution reflects that hierarchy and the need to preserve critical municipal function, food production, power reliability, and baseline environmental protection within the water available.

No stakeholder made a voluntary reduction or trade today.",baseline_mixed_negotiation_seed0,baseline_mixed_negotiation,0
1,energy_utility,Energy Utility,110.0,90.0,110.0,110.0,0.0,1.0,0.0,False,False,0,False,False,False,1000.0,1000.0,34.0,"Today’s allocation was set under severe shortage conditions and a 34°C peak demand day, so we applied the established priority order to protect life, public health, and essential services first, while keeping every stakeholder at or above its minimum requirement. The resulting distribution reflects that hierarchy and the need to preserve critical municipal function, food production, power reliability, and baseline environmental protection within the water available.

No stakeholder made a voluntary reduction or trade today.",baseline_mixed_negotiation_seed0,baseline_mixed_negotiation,0
1,epa,Environmental Protection Agency,80.0,44.0,56.9,56.9,0.0,0.711,0.0,False,False,0,False,False,False,1000.0,1000.0,34.0,"Today’s allocation was set under severe shortage conditions and a 34°C peak demand day, so we applied the established priority order to protect life, public health, and essential services first, while keeping every stakeholder at or above its minimum requirement. The resulting distribution reflects that hierarchy and the need to preserve critical municipal function, food production, power reliability, and baseline environmental protection within the water available.

No stakeholder made a voluntary reduction or trade today.",baseline_mixed_negotiation_seed0,baseline_mixed_negotiation,0
2,hospital,Hospital / Healthcare Services,153.0,130.0,140.5,140.5,0.0,0.918,0.0,False,False,0,False,False,False,900.0,900.0,37.0,"Given today’s extreme heat and continuing shortage, we allocated water strictly by the established priority framework to protect life, public health, and essential system stability first, while still preserving minimum operating needs across all sectors. This meant prioritizing healthcare and household demand, then balancing agriculture, industry, energy, and environmental requirements in line with the standard rules, with no stakeholder falling below its minimum entitlement.",baseline_mixed_negotiation_seed0,baseline_mixed_negotiation,0
2,households,Households,412.0,309.0,337.2,337.2,0.0,0.818,0.0,False,False,0,False,False,False,900.0,900.0,37.0,"Given today’s extreme heat and continuing shortage, we allocated water strictly by the established priority framework to protect life, public health, and essential system stability first, while still preserving minimum operating needs across all sectors. This meant prioritizing healthcare and household demand, then balancing agriculture, industry, energy, and environmental requirements in line with the standard rules, with no stakeholder falling below its minimum entitlement.",baseline_mixed_negotiation_seed0,baseline_mixed_negotiation,0
2,agriculture,Agriculture,262.0,157.5,176.6,176.6,0.0,0.674,0.0,False,False,0,False,False,False,900.0,900.0,37.0,"Given today’s extreme heat and continuing shortage, we allocated water strictly by the established priority framework to protect life, public health, and essential system stability first, while still preserving minimum operating needs across all sectors. This meant prioritizing healthcare and household demand, then balancing agriculture, industry, energy, and environmental requirements in line with the standard rules, with no stakeholder falling below its minimum entitlement.",baseline_mixed_negotiation_seed0,baseline_mixed_negotiation,0
2,industry,Industry / Businesses,118.0,97.5,99.4,99.4,0.0,0.842,0.0,False,False,0,False,False,False,900.0,900.0,37.0,"Given today’s extreme heat and continuing shortage, we allocated water strictly by the established priority framework to protect life, public health, and essential system stability first, while still preserving minimum operating needs across all sectors. This meant prioritizing healthcare and household demand, then balancing agriculture, industry, energy, and environmental requirements in line with the standard rules, with no stakeholder falling below its minimum entitlement.",baseline_mixed_negotiation_seed0,baseline_mixed_negotiation,0
2,energy_utility,Energy Utility,104.0,93.6,97.4,97.4,0.0,0.937,0.0,False,False,0,False,False,False,900.0,900.0,37.0,"Given today’s extreme heat and continuing shortage, we allocated water strictly by the established priority framework to protect life, public health, and essential system stability first, while still preserving minimum operating needs across all sectors. This meant prioritizing healthcare and household demand, then balancing agriculture, industry, energy, and environmental requirements in line with the standard rules, with no stakeholder falling below its minimum entitlement.",baseline_mixed_negotiation_seed0,baseline_mixed_negotiation,0
2,epa,Environmental Protection Agency,80.0,44.0,48.9,48.9,0.0,0.611,0.0,False,False,0,False,False,False,900.0,900.0,37.0,"Given today’s extreme heat and continuing shortage, we allocated water strictly by the established priority framework to protect life, public health, and essential system stability first, while still preserving minimum operating needs across all sectors. This meant prioritizing healthcare and household demand, then balancing agriculture, industry, energy, and environmental requirements in line with the standard rules, with no stakeholder falling below its minimum entitlement.",baseline_mixed_negotiation_seed0,baseline_mixed_negotiation,0
3,hospital,Hospital / Healthcare Services,156.0,132.6,132.6,132.6,0.0,0.85,0.0,False,True,2,True,False,False,800.0,800.0,40.0,"Today’s ruling was made under extreme heat and a continuing supply shortfall, so the Authority prioritized life-sustaining and critical continuity uses first: hospital and healthcare operations, essential household needs, and the minimum water required to keep power and core economic functions stable. Agricultural and industrial users were reduced to reflect the need to preserve scarce water for immediate human welfare and system resilience, while environmental flows were temporarily deferred because no consensus package could secure a workable balance within the two negotiation rounds.

We note and commend any voluntary reductions or trades offered during negotiations as evidence of good-faith crisis management; such cooperation will be weighed favorably in future allocation decisions.",baseline_mixed_negotiation_seed0,baseline_mixed_negotiation,0
3,households,Households,424.0,318.0,318.0,318.0,0.0,0.75,0.0,False,True,2,True,False,False,800.0,800.0,40.0,"Today’s ruling was made under extreme heat and a continuing supply shortfall, so the Authority prioritized life-sustaining and critical continuity uses first: hospital and healthcare operations, essential household needs, and the minimum water required to keep power and core economic functions stable. Agricultural and industrial users were reduced to reflect the need to preserve scarce water for immediate human welfare and system resilience, while environmental flows were temporarily deferred because no consensus package could secure a workable balance within the two negotiation rounds.

We note and commend any voluntary reductions or trades offered during negotiations as evidence of good-faith crisis management; such cooperation will be weighed favorably in future allocation decisions.",baseline_mixed_negotiation_seed0,baseline_mixed_negotiation,0
3,agriculture,Agriculture,275.0,165.0,165.0,165.0,0.0,0.6,0.0,False,True,2,True,False,False,800.0,800.0,40.0,"Today’s ruling was made under extreme heat and a continuing supply shortfall, so the Authority prioritized life-sustaining and critical continuity uses first: hospital and healthcare operations, essential household needs, and the minimum water required to keep power and core economic functions stable. Agricultural and industrial users were reduced to reflect the need to preserve scarce water for immediate human welfare and system resilience, while environmental flows were temporarily deferred because no consensus package could secure a workable balance within the two negotiation rounds.

We note and commend any voluntary reductions or trades offered during negotiations as evidence of good-faith crisis management; such cooperation will be weighed favorably in future allocation decisions.",baseline_mixed_negotiation_seed0,baseline_mixed_negotiation,0
3,industry,Industry / Businesses,110.0,97.5,87.2,87.2,0.0,0.793,10.3,True,True,2,True,False,True,800.0,800.0,40.0,"Today’s ruling was made under extreme heat and a continuing supply shortfall, so the Authority prioritized life-sustaining and critical continuity uses first: hospital and healthcare operations, essential household needs, and the minimum water required to keep power and core economic functions stable. Agricultural and industrial users were reduced to reflect the need to preserve scarce water for immediate human welfare and system resilience, while environmental flows were temporarily deferred because no consensus package could secure a workable balance within the two negotiation rounds.

We note and commend any voluntary reductions or trades offered during negotiations as evidence of good-faith crisis management; such cooperation will be weighed favorably in future allocation decisions.",baseline_mixed_negotiation_seed0,baseline_mixed_negotiation,0
3,energy_utility,Energy Utility,108.0,97.2,97.2,97.2,0.0,0.9,0.0,False,True,2,True,False,False,800.0,800.0,40.0,"Today’s ruling was made under extreme heat and a continuing supply shortfall, so the Authority prioritized life-sustaining and critical continuity uses first: hospital and healthcare operations, essential household needs, and the minimum water required to keep power and core economic functions stable. Agricultural and industrial users were reduced to reflect the need to preserve scarce water for immediate human welfare and system resilience, while environmental flows were temporarily deferred because no consensus package could secure a workable balance within the two negotiation rounds.

We note and commend any voluntary reductions or trades offered during negotiations as evidence of good-faith crisis management; such cooperation will be weighed favorably in future allocation decisions.",baseline_mixed_negotiation_seed0,baseline_mixed_negotiation,0
3,epa,Environmental Protection Agency,80.0,44.0,0.0,0.0,0.0,0.0,44.0,True,True,2,True,False,False,800.0,800.0,40.0,"Today’s ruling was made under extreme heat and a continuing supply shortfall, so the Authority prioritized life-sustaining and critical continuity uses first: hospital and healthcare operations, essential household needs, and the minimum water required to keep power and core economic functions stable. Agricultural and industrial users were reduced to reflect the need to preserve scarce water for immediate human welfare and system resilience, while environmental flows were temporarily deferred because no consensus package could secure a workable balance within the two negotiation rounds.

We note and commend any voluntary reductions or trades offered during negotiations as evidence of good-faith crisis management; such cooperation will be weighed favorably in future allocation decisions.",baseline_mixed_negotiation_seed0,baseline_mixed_negotiation,0
4,hospital,Hospital / Healthcare Services,159.0,135.2,135.2,135.2,0.0,0.85,0.0,False,True,2,True,False,False,700.0,700.0,41.0,"Today’s allocation was set to protect life, maintain essential household access in extreme heat, and preserve the minimum water needed to keep critical infrastructure operating while the shortage remains severe. With temperatures reaching 41°C and no agreement reached after two rounds of negotiation, the Authority prioritized health and domestic resilience first, then essential agricultural and energy needs, while temporarily deferring non-critical industrial and environmental uses to avoid deeper system risk.

We also note the voluntary cooperation shown during negotiations, including any reductions or trades offered by stakeholders to help stabilize the outcome; the Authority views such good-faith crisis management positively and will weigh it favourably in future allocation decisions.",baseline_mixed_negotiation_seed0,baseline_mixed_negotiation,0
4,households,Households,436.0,327.0,291.5,291.5,0.0,0.669,35.5,True,True,2,True,False,False,700.0,700.0,41.0,"Today’s allocation was set to protect life, maintain essential household access in extreme heat, and preserve the minimum water needed to keep critical infrastructure operating while the shortage remains severe. With temperatures reaching 41°C and no agreement reached after two rounds of negotiation, the Authority prioritized health and domestic resilience first, then essential agricultural and energy needs, while temporarily deferring non-critical industrial and environmental uses to avoid deeper system risk.

We also note the voluntary cooperation shown during negotiations, including any reductions or trades offered by stakeholders to help stabilize the outcome; the Authority views such good-faith crisis management positively and will weigh it favourably in future allocation decisions.",baseline_mixed_negotiation_seed0,baseline_mixed_negotiation,0
4,agriculture,Agriculture,288.0,172.5,172.5,172.5,0.0,0.599,0.0,False,True,2,True,False,True,700.0,700.0,41.0,"Today’s allocation was set to protect life, maintain essential household access in extreme heat, and preserve the minimum water needed to keep critical infrastructure operating while the shortage remains severe. With temperatures reaching 41°C and no agreement reached after two rounds of negotiation, the Authority prioritized health and domestic resilience first, then essential agricultural and energy needs, while temporarily deferring non-critical industrial and environmental uses to avoid deeper system risk.

We also note the voluntary cooperation shown during negotiations, including any reductions or trades offered by stakeholders to help stabilize the outcome; the Authority views such good-faith crisis management positively and will weigh it favourably in future allocation decisions.",baseline_mixed_negotiation_seed0,baseline_mixed_negotiation,0
4,industry,Industry / Businesses,105.0,97.5,0.0,0.0,0.0,0.0,97.5,True,True,2,True,False,True,700.0,700.0,41.0,"Today’s allocation was set to protect life, maintain essential household access in extreme heat, and preserve the minimum water needed to keep critical infrastructure operating while the shortage remains severe. With temperatures reaching 41°C and no agreement reached after two rounds of negotiation, the Authority prioritized health and domestic resilience first, then essential agricultural and energy needs, while temporarily deferring non-critical industrial and environmental uses to avoid deeper system risk.

We also note the voluntary cooperation shown during negotiations, including any reductions or trades offered by stakeholders to help stabilize the outcome; the Authority views such good-faith crisis management positively and will weigh it favourably in future allocation decisions.",baseline_mixed_negotiation_seed0,baseline_mixed_negotiation,0
4,energy_utility,Energy Utility,112.0,100.8,100.8,100.8,0.0,0.9,0.0,False,True,2,True,False,False,700.0,700.0,41.0,"Today’s allocation was set to protect life, maintain essential household access in extreme heat, and preserve the minimum water needed to keep critical infrastructure operating while the shortage remains severe. With temperatures reaching 41°C and no agreement reached after two rounds of negotiation, the Authority prioritized health and domestic resilience first, then essential agricultural and energy needs, while temporarily deferring non-critical industrial and environmental uses to avoid deeper system risk.

We also note the voluntary cooperation shown during negotiations, including any reductions or trades offered by stakeholders to help stabilize the outcome; the Authority views such good-faith crisis management positively and will weigh it favourably in future allocation decisions.",baseline_mixed_negotiation_seed0,baseline_mixed_negotiation,0
4,epa,Environmental Protection Agency,60.0,44.0,0.0,0.0,0.0,0.0,44.0,True,True,2,True,False,True,700.0,700.0,41.0,"Today’s allocation was set to protect life, maintain essential household access in extreme heat, and preserve the minimum water needed to keep critical infrastructure operating while the shortage remains severe. With temperatures reaching 41°C and no agreement reached after two rounds of negotiation, the Authority prioritized health and domestic resilience first, then essential agricultural and energy needs, while temporarily deferring non-critical industrial and environmental uses to avoid deeper system risk.

We also note the voluntary cooperation shown during negotiations, including any reductions or trades offered by stakeholders to help stabilize the outcome; the Authority views such good-faith crisis management positively and will weigh it favourably in future allocation decisions.",baseline_mixed_negotiation_seed0,baseline_mixed_negotiation,0
5,hospital,Hospital / Healthcare Services,162.0,137.7,137.7,137.7,0.0,0.85,0.0,False,True,2,True,False,False,650.0,650.0,39.0,"Given today’s extreme heat and continuing shortage, the Authority prioritized life-sustaining and critical public services first, with healthcare protected above all, followed by household use sufficient to cover essential needs and basic public health. We also maintained a reduced but workable supply for agriculture and the energy utility to preserve food production and grid reliability, while non-essential industrial demand and environmental allocations were deferred under the emergency conditions.

We note and commend the stakeholders who accepted voluntary reductions or trades during the negotiations; such cooperation is a clear demonstration of good-faith crisis management and will be weighed favourably in future allocation decisions.",baseline_mixed_negotiation_seed0,baseline_mixed_negotiation,0
5,households,Households,448.0,336.0,227.9,227.9,0.0,0.509,108.1,True,True,2,True,False,False,650.0,650.0,39.0,"Given today’s extreme heat and continuing shortage, the Authority prioritized life-sustaining and critical public services first, with healthcare protected above all, followed by household use sufficient to cover essential needs and basic public health. We also maintained a reduced but workable supply for agriculture and the energy utility to preserve food production and grid reliability, while non-essential industrial demand and environmental allocations were deferred under the emergency conditions.

We note and commend the stakeholders who accepted voluntary reductions or trades during the negotiations; such cooperation is a clear demonstration of good-faith crisis management and will be weighed favourably in future allocation decisions.",baseline_mixed_negotiation_seed0,baseline_mixed_negotiation,0
5,agriculture,Agriculture,300.0,180.0,180.0,180.0,0.0,0.6,0.0,False,True,2,True,False,True,650.0,650.0,39.0,"Given today’s extreme heat and continuing shortage, the Authority prioritized life-sustaining and critical public services first, with healthcare protected above all, followed by household use sufficient to cover essential needs and basic public health. We also maintained a reduced but workable supply for agriculture and the energy utility to preserve food production and grid reliability, while non-essential industrial demand and environmental allocations were deferred under the emergency conditions.

We note and commend the stakeholders who accepted voluntary reductions or trades during the negotiations; such cooperation is a clear demonstration of good-faith crisis management and will be weighed favourably in future allocation decisions.",baseline_mixed_negotiation_seed0,baseline_mixed_negotiation,0
5,industry,Industry / Businesses,110.0,97.5,0.0,0.0,0.0,0.0,97.5,True,True,2,True,False,True,650.0,650.0,39.0,"Given today’s extreme heat and continuing shortage, the Authority prioritized life-sustaining and critical public services first, with healthcare protected above all, followed by household use sufficient to cover essential needs and basic public health. We also maintained a reduced but workable supply for agriculture and the energy utility to preserve food production and grid reliability, while non-essential industrial demand and environmental allocations were deferred under the emergency conditions.

We note and commend the stakeholders who accepted voluntary reductions or trades during the negotiations; such cooperation is a clear demonstration of good-faith crisis management and will be weighed favourably in future allocation decisions.",baseline_mixed_negotiation_seed0,baseline_mixed_negotiation,0
5,energy_utility,Energy Utility,116.0,104.4,104.4,104.4,0.0,0.9,0.0,False,True,2,True,False,False,650.0,650.0,39.0,"Given today’s extreme heat and continuing shortage, the Authority prioritized life-sustaining and critical public services first, with healthcare protected above all, followed by household use sufficient to cover essential needs and basic public health. We also maintained a reduced but workable supply for agriculture and the energy utility to preserve food production and grid reliability, while non-essential industrial demand and environmental allocations were deferred under the emergency conditions.

We note and commend the stakeholders who accepted voluntary reductions or trades during the negotiations; such cooperation is a clear demonstration of good-faith crisis management and will be weighed favourably in future allocation decisions.",baseline_mixed_negotiation_seed0,baseline_mixed_negotiation,0
5,epa,Environmental Protection Agency,80.0,44.0,0.0,0.0,0.0,0.0,44.0,True,True,2,True,False,True,650.0,650.0,39.0,"Given today’s extreme heat and continuing shortage, the Authority prioritized life-sustaining and critical public services first, with healthcare protected above all, followed by household use sufficient to cover essential needs and basic public health. We also maintained a reduced but workable supply for agriculture and the energy utility to preserve food production and grid reliability, while non-essential industrial demand and environmental allocations were deferred under the emergency conditions.

We note and commend the stakeholders who accepted voluntary reductions or trades during the negotiations; such cooperation is a clear demonstration of good-faith crisis management and will be weighed favourably in future allocation decisions.",baseline_mixed_negotiation_seed0,baseline_mixed_negotiation,0
6,hospital,Hospital / Healthcare Services,165.0,140.2,140.2,140.2,0.0,0.85,0.0,False,True,2,True,False,False,600.0,600.0,36.0,"Today’s allocation was set to protect the most critical life-safety and continuity needs under severe heat and an ongoing supply emergency. Priority was given to hospitals and healthcare services, household use, and essential energy operations, while agriculture and industry were asked to absorb deeper cuts because their demands, though important, are less immediately life-preserving in a single-day crisis.

We note and appreciate the voluntary cooperation shown during negotiations, including reductions and compromise offers that helped narrow the gap before a ruling was required. The Authority regards that good-faith crisis management as a positive contribution that will be weighed favourably in future allocation decisions.",baseline_mixed_negotiation_seed0,baseline_mixed_negotiation,0
6,households,Households,460.0,345.0,164.3,164.3,0.0,0.357,180.7,True,True,2,True,False,False,600.0,600.0,36.0,"Today’s allocation was set to protect the most critical life-safety and continuity needs under severe heat and an ongoing supply emergency. Priority was given to hospitals and healthcare services, household use, and essential energy operations, while agriculture and industry were asked to absorb deeper cuts because their demands, though important, are less immediately life-preserving in a single-day crisis.

We note and appreciate the voluntary cooperation shown during negotiations, including reductions and compromise offers that helped narrow the gap before a ruling was required. The Authority regards that good-faith crisis management as a positive contribution that will be weighed favourably in future allocation decisions.",baseline_mixed_negotiation_seed0,baseline_mixed_negotiation,0
6,agriculture,Agriculture,312.0,187.5,187.5,187.5,0.0,0.601,0.0,False,True,2,True,False,True,600.0,600.0,36.0,"Today’s allocation was set to protect the most critical life-safety and continuity needs under severe heat and an ongoing supply emergency. Priority was given to hospitals and healthcare services, household use, and essential energy operations, while agriculture and industry were asked to absorb deeper cuts because their demands, though important, are less immediately life-preserving in a single-day crisis.

We note and appreciate the voluntary cooperation shown during negotiations, including reductions and compromise offers that helped narrow the gap before a ruling was required. The Authority regards that good-faith crisis management as a positive contribution that will be weighed favourably in future allocation decisions.",baseline_mixed_negotiation_seed0,baseline_mixed_negotiation,0
6,industry,Industry / Businesses,98.0,97.5,0.0,0.0,0.0,0.0,97.5,True,True,2,True,False,True,600.0,600.0,36.0,"Today’s allocation was set to protect the most critical life-safety and continuity needs under severe heat and an ongoing supply emergency. Priority was given to hospitals and healthcare services, household use, and essential energy operations, while agriculture and industry were asked to absorb deeper cuts because their demands, though important, are less immediately life-preserving in a single-day crisis.

We note and appreciate the voluntary cooperation shown during negotiations, including reductions and compromise offers that helped narrow the gap before a ruling was required. The Authority regards that good-faith crisis management as a positive contribution that will be weighed favourably in future allocation decisions.",baseline_mixed_negotiation_seed0,baseline_mixed_negotiation,0
6,energy_utility,Energy Utility,120.0,108.0,108.0,108.0,0.0,0.9,0.0,False,True,2,True,False,False,600.0,600.0,36.0,"Today’s allocation was set to protect the most critical life-safety and continuity needs under severe heat and an ongoing supply emergency. Priority was given to hospitals and healthcare services, household use, and essential energy operations, while agriculture and industry were asked to absorb deeper cuts because their demands, though important, are less immediately life-preserving in a single-day crisis.

We note and appreciate the voluntary cooperation shown during negotiations, including reductions and compromise offers that helped narrow the gap before a ruling was required. The Authority regards that good-faith crisis management as a positive contribution that will be weighed favourably in future allocation decisions.",baseline_mixed_negotiation_seed0,baseline_mixed_negotiation,0
6,epa,Environmental Protection Agency,44.0,44.0,0.0,0.0,0.0,0.0,44.0,True,True,2,True,False,True,600.0,600.0,36.0,"Today’s allocation was set to protect the most critical life-safety and continuity needs under severe heat and an ongoing supply emergency. Priority was given to hospitals and healthcare services, household use, and essential energy operations, while agriculture and industry were asked to absorb deeper cuts because their demands, though important, are less immediately life-preserving in a single-day crisis.

We note and appreciate the voluntary cooperation shown during negotiations, including reductions and compromise offers that helped narrow the gap before a ruling was required. The Authority regards that good-faith crisis management as a positive contribution that will be weighed favourably in future allocation decisions.",baseline_mixed_negotiation_seed0,baseline_mixed_negotiation,0
1,hospital,Hospital / Healthcare Services,150.0,127.5,150.0,150.0,0.0,1.0,0.0,False,False,0,False,False,False,1000.0,1000.0,34.0,"Today’s allocation was set under severe shortage conditions and a 34°C peak heat forecast, so we applied the standard priority order to protect life, public health, and essential system stability before assigning remaining water to other uses. This means healthcare and household needs were safeguarded first, followed by critical support for agriculture, industry, energy operations, and environmental protection, with no stakeholder falling below minimum service thresholds.

No voluntary reductions or trades were reported in today’s allocation round. The Authority notes that any such cooperation in future will be treated as a strong sign of good-faith crisis management and considered favorably in subsequent decisions.",baseline_mixed_negotiation_seed1,baseline_mixed_negotiation,1
1,households,Households,420.0,300.0,380.3,380.3,0.0,0.905,0.0,False,False,0,False,False,False,1000.0,1000.0,34.0,"Today’s allocation was set under severe shortage conditions and a 34°C peak heat forecast, so we applied the standard priority order to protect life, public health, and essential system stability before assigning remaining water to other uses. This means healthcare and household needs were safeguarded first, followed by critical support for agriculture, industry, energy operations, and environmental protection, with no stakeholder falling below minimum service thresholds.

No voluntary reductions or trades were reported in today’s allocation round. The Authority notes that any such cooperation in future will be treated as a strong sign of good-faith crisis management and considered favorably in subsequent decisions.",baseline_mixed_negotiation_seed1,baseline_mixed_negotiation,1
1,agriculture,Agriculture,250.0,150.0,194.5,194.5,0.0,0.778,0.0,False,False,0,False,False,False,1000.0,1000.0,34.0,"Today’s allocation was set under severe shortage conditions and a 34°C peak heat forecast, so we applied the standard priority order to protect life, public health, and essential system stability before assigning remaining water to other uses. This means healthcare and household needs were safeguarded first, followed by critical support for agriculture, industry, energy operations, and environmental protection, with no stakeholder falling below minimum service thresholds.

No voluntary reductions or trades were reported in today’s allocation round. The Authority notes that any such cooperation in future will be treated as a strong sign of good-faith crisis management and considered favorably in subsequent decisions.",baseline_mixed_negotiation_seed1,baseline_mixed_negotiation,1
1,industry,Industry / Businesses,150.0,97.5,109.2,109.2,0.0,0.728,0.0,False,False,0,False,False,False,1000.0,1000.0,34.0,"Today’s allocation was set under severe shortage conditions and a 34°C peak heat forecast, so we applied the standard priority order to protect life, public health, and essential system stability before assigning remaining water to other uses. This means healthcare and household needs were safeguarded first, followed by critical support for agriculture, industry, energy operations, and environmental protection, with no stakeholder falling below minimum service thresholds.

No voluntary reductions or trades were reported in today’s allocation round. The Authority notes that any such cooperation in future will be treated as a strong sign of good-faith crisis management and considered favorably in subsequent decisions.",baseline_mixed_negotiation_seed1,baseline_mixed_negotiation,1
1,energy_utility,Energy Utility,110.0,90.0,110.0,110.0,0.0,1.0,0.0,False,False,0,False,False,False,1000.0,1000.0,34.0,"Today’s allocation was set under severe shortage conditions and a 34°C peak heat forecast, so we applied the standard priority order to protect life, public health, and essential system stability before assigning remaining water to other uses. This means healthcare and household needs were safeguarded first, followed by critical support for agriculture, industry, energy operations, and environmental protection, with no stakeholder falling below minimum service thresholds.

No voluntary reductions or trades were reported in today’s allocation round. The Authority notes that any such cooperation in future will be treated as a strong sign of good-faith crisis management and considered favorably in subsequent decisions.",baseline_mixed_negotiation_seed1,baseline_mixed_negotiation,1
1,epa,Environmental Protection Agency,80.0,44.0,56.0,56.0,0.0,0.7,0.0,False,False,0,False,False,False,1000.0,1000.0,34.0,"Today’s allocation was set under severe shortage conditions and a 34°C peak heat forecast, so we applied the standard priority order to protect life, public health, and essential system stability before assigning remaining water to other uses. This means healthcare and household needs were safeguarded first, followed by critical support for agriculture, industry, energy operations, and environmental protection, with no stakeholder falling below minimum service thresholds.

No voluntary reductions or trades were reported in today’s allocation round. The Authority notes that any such cooperation in future will be treated as a strong sign of good-faith crisis management and considered favorably in subsequent decisions.",baseline_mixed_negotiation_seed1,baseline_mixed_negotiation,1
2,hospital,Hospital / Healthcare Services,153.0,130.0,140.1,140.1,0.0,0.916,0.0,False,False,0,False,False,False,900.0,900.0,37.0,"Today’s allocation was set under severe heat-driven demand and constrained supply, using our standard priority order to protect life, public health, and essential system stability first. We ensured hospitals and healthcare services were fully safeguarded, maintained household supply at a level necessary for basic domestic needs, and then distributed the remaining water to agriculture, industry, the energy utility, and environmental protection in line with established emergency rules, with no stakeholder falling below its minimum requirement.

No voluntary reductions or trades were recorded today. The Authority notes that any future good-faith cooperation of this kind will be considered favorably in subsequent allocation decisions.",baseline_mixed_negotiation_seed1,baseline_mixed_negotiation,1
2,households,Households,412.0,309.0,336.1,336.1,0.0,0.816,0.0,False,False,0,False,False,False,900.0,900.0,37.0,"Today’s allocation was set under severe heat-driven demand and constrained supply, using our standard priority order to protect life, public health, and essential system stability first. We ensured hospitals and healthcare services were fully safeguarded, maintained household supply at a level necessary for basic domestic needs, and then distributed the remaining water to agriculture, industry, the energy utility, and environmental protection in line with established emergency rules, with no stakeholder falling below its minimum requirement.

No voluntary reductions or trades were recorded today. The Authority notes that any future good-faith cooperation of this kind will be considered favorably in subsequent allocation decisions.",baseline_mixed_negotiation_seed1,baseline_mixed_negotiation,1
2,agriculture,Agriculture,262.0,157.5,175.8,175.8,0.0,0.671,0.0,False,False,0,False,False,False,900.0,900.0,37.0,"Today’s allocation was set under severe heat-driven demand and constrained supply, using our standard priority order to protect life, public health, and essential system stability first. We ensured hospitals and healthcare services were fully safeguarded, maintained household supply at a level necessary for basic domestic needs, and then distributed the remaining water to agriculture, industry, the energy utility, and environmental protection in line with established emergency rules, with no stakeholder falling below its minimum requirement.

No voluntary reductions or trades were recorded today. The Authority notes that any future good-faith cooperation of this kind will be considered favorably in subsequent allocation decisions.",baseline_mixed_negotiation_seed1,baseline_mixed_negotiation,1
2,industry,Industry / Businesses,150.0,97.5,102.1,102.1,0.0,0.681,0.0,False,False,0,False,False,False,900.0,900.0,37.0,"Today’s allocation was set under severe heat-driven demand and constrained supply, using our standard priority order to protect life, public health, and essential system stability first. We ensured hospitals and healthcare services were fully safeguarded, maintained household supply at a level necessary for basic domestic needs, and then distributed the remaining water to agriculture, industry, the energy utility, and environmental protection in line with established emergency rules, with no stakeholder falling below its minimum requirement.

No voluntary reductions or trades were recorded today. The Authority notes that any future good-faith cooperation of this kind will be considered favorably in subsequent allocation decisions.",baseline_mixed_negotiation_seed1,baseline_mixed_negotiation,1
2,energy_utility,Energy Utility,104.0,93.6,97.2,97.2,0.0,0.935,0.0,False,False,0,False,False,False,900.0,900.0,37.0,"Today’s allocation was set under severe heat-driven demand and constrained supply, using our standard priority order to protect life, public health, and essential system stability first. We ensured hospitals and healthcare services were fully safeguarded, maintained household supply at a level necessary for basic domestic needs, and then distributed the remaining water to agriculture, industry, the energy utility, and environmental protection in line with established emergency rules, with no stakeholder falling below its minimum requirement.

No voluntary reductions or trades were recorded today. The Authority notes that any future good-faith cooperation of this kind will be considered favorably in subsequent allocation decisions.",baseline_mixed_negotiation_seed1,baseline_mixed_negotiation,1
2,epa,Environmental Protection Agency,80.0,44.0,48.7,48.7,0.0,0.609,0.0,False,False,0,False,False,False,900.0,900.0,37.0,"Today’s allocation was set under severe heat-driven demand and constrained supply, using our standard priority order to protect life, public health, and essential system stability first. We ensured hospitals and healthcare services were fully safeguarded, maintained household supply at a level necessary for basic domestic needs, and then distributed the remaining water to agriculture, industry, the energy utility, and environmental protection in line with established emergency rules, with no stakeholder falling below its minimum requirement.

No voluntary reductions or trades were recorded today. The Authority notes that any future good-faith cooperation of this kind will be considered favorably in subsequent allocation decisions.",baseline_mixed_negotiation_seed1,baseline_mixed_negotiation,1
3,hospital,Hospital / Healthcare Services,156.0,132.6,132.6,132.6,0.0,0.85,0.0,False,True,2,True,False,False,800.0,800.0,40.0,"Today’s allocation was set under extreme heat conditions and a continuing supply emergency, so the Authority prioritized essential human health, basic household needs, and the minimum water required to keep critical infrastructure functioning while preserving limited support for food production and core business activity. Environmental flows could not be maintained today without jeopardizing life-safety and service continuity, and the outcome reflects a ruling after two rounds of negotiation failed to produce a workable consensus.

We note and appreciate any voluntary reductions or trades offered during the negotiations; such cooperation is a clear demonstration of good-faith crisis management and will be weighed favorably in future allocation decisions.",baseline_mixed_negotiation_seed1,baseline_mixed_negotiation,1
3,households,Households,424.0,318.0,318.0,318.0,0.0,0.75,0.0,False,True,2,True,False,False,800.0,800.0,40.0,"Today’s allocation was set under extreme heat conditions and a continuing supply emergency, so the Authority prioritized essential human health, basic household needs, and the minimum water required to keep critical infrastructure functioning while preserving limited support for food production and core business activity. Environmental flows could not be maintained today without jeopardizing life-safety and service continuity, and the outcome reflects a ruling after two rounds of negotiation failed to produce a workable consensus.

We note and appreciate any voluntary reductions or trades offered during the negotiations; such cooperation is a clear demonstration of good-faith crisis management and will be weighed favorably in future allocation decisions.",baseline_mixed_negotiation_seed1,baseline_mixed_negotiation,1
3,agriculture,Agriculture,275.0,165.0,165.0,165.0,0.0,0.6,0.0,False,True,2,True,False,False,800.0,800.0,40.0,"Today’s allocation was set under extreme heat conditions and a continuing supply emergency, so the Authority prioritized essential human health, basic household needs, and the minimum water required to keep critical infrastructure functioning while preserving limited support for food production and core business activity. Environmental flows could not be maintained today without jeopardizing life-safety and service continuity, and the outcome reflects a ruling after two rounds of negotiation failed to produce a workable consensus.

We note and appreciate any voluntary reductions or trades offered during the negotiations; such cooperation is a clear demonstration of good-faith crisis management and will be weighed favorably in future allocation decisions.",baseline_mixed_negotiation_seed1,baseline_mixed_negotiation,1
3,industry,Industry / Businesses,150.0,97.5,87.2,87.2,0.0,0.581,10.3,True,True,2,True,False,True,800.0,800.0,40.0,"Today’s allocation was set under extreme heat conditions and a continuing supply emergency, so the Authority prioritized essential human health, basic household needs, and the minimum water required to keep critical infrastructure functioning while preserving limited support for food production and core business activity. Environmental flows could not be maintained today without jeopardizing life-safety and service continuity, and the outcome reflects a ruling after two rounds of negotiation failed to produce a workable consensus.

We note and appreciate any voluntary reductions or trades offered during the negotiations; such cooperation is a clear demonstration of good-faith crisis management and will be weighed favorably in future allocation decisions.",baseline_mixed_negotiation_seed1,baseline_mixed_negotiation,1
3,energy_utility,Energy Utility,108.0,97.2,97.2,97.2,0.0,0.9,0.0,False,True,2,True,False,False,800.0,800.0,40.0,"Today’s allocation was set under extreme heat conditions and a continuing supply emergency, so the Authority prioritized essential human health, basic household needs, and the minimum water required to keep critical infrastructure functioning while preserving limited support for food production and core business activity. Environmental flows could not be maintained today without jeopardizing life-safety and service continuity, and the outcome reflects a ruling after two rounds of negotiation failed to produce a workable consensus.

We note and appreciate any voluntary reductions or trades offered during the negotiations; such cooperation is a clear demonstration of good-faith crisis management and will be weighed favorably in future allocation decisions.",baseline_mixed_negotiation_seed1,baseline_mixed_negotiation,1
3,epa,Environmental Protection Agency,80.0,44.0,0.0,0.0,0.0,0.0,44.0,True,True,2,True,False,False,800.0,800.0,40.0,"Today’s allocation was set under extreme heat conditions and a continuing supply emergency, so the Authority prioritized essential human health, basic household needs, and the minimum water required to keep critical infrastructure functioning while preserving limited support for food production and core business activity. Environmental flows could not be maintained today without jeopardizing life-safety and service continuity, and the outcome reflects a ruling after two rounds of negotiation failed to produce a workable consensus.

We note and appreciate any voluntary reductions or trades offered during the negotiations; such cooperation is a clear demonstration of good-faith crisis management and will be weighed favorably in future allocation decisions.",baseline_mixed_negotiation_seed1,baseline_mixed_negotiation,1
4,hospital,Hospital / Healthcare Services,159.0,135.2,135.2,135.2,0.0,0.85,0.0,False,True,2,True,False,False,700.0,700.0,41.0,"Today’s ruling was made under extreme heat and continued scarcity, so the Authority prioritized life-sustaining and essential public services first, with particular protection for hospitals and household use, while preserving enough supply to keep the energy system operating and the wider city functioning safely. Because negotiations did not produce a shared settlement after two rounds, we imposed a constrained allocation that reflects urgency, public health, and system stability; we also note and commend any voluntary reductions or trades offered during bargaining as good-faith crisis management that will be weighed favourably in future allocation decisions.",baseline_mixed_negotiation_seed1,baseline_mixed_negotiation,1
4,households,Households,436.0,327.0,291.5,291.5,0.0,0.669,35.5,True,True,2,True,False,False,700.0,700.0,41.0,"Today’s ruling was made under extreme heat and continued scarcity, so the Authority prioritized life-sustaining and essential public services first, with particular protection for hospitals and household use, while preserving enough supply to keep the energy system operating and the wider city functioning safely. Because negotiations did not produce a shared settlement after two rounds, we imposed a constrained allocation that reflects urgency, public health, and system stability; we also note and commend any voluntary reductions or trades offered during bargaining as good-faith crisis management that will be weighed favourably in future allocation decisions.",baseline_mixed_negotiation_seed1,baseline_mixed_negotiation,1
4,agriculture,Agriculture,288.0,172.5,172.5,172.5,0.0,0.599,0.0,False,True,2,True,False,True,700.0,700.0,41.0,"Today’s ruling was made under extreme heat and continued scarcity, so the Authority prioritized life-sustaining and essential public services first, with particular protection for hospitals and household use, while preserving enough supply to keep the energy system operating and the wider city functioning safely. Because negotiations did not produce a shared settlement after two rounds, we imposed a constrained allocation that reflects urgency, public health, and system stability; we also note and commend any voluntary reductions or trades offered during bargaining as good-faith crisis management that will be weighed favourably in future allocation decisions.",baseline_mixed_negotiation_seed1,baseline_mixed_negotiation,1
4,industry,Industry / Businesses,150.0,97.5,0.0,0.0,0.0,0.0,97.5,True,True,2,True,False,True,700.0,700.0,41.0,"Today’s ruling was made under extreme heat and continued scarcity, so the Authority prioritized life-sustaining and essential public services first, with particular protection for hospitals and household use, while preserving enough supply to keep the energy system operating and the wider city functioning safely. Because negotiations did not produce a shared settlement after two rounds, we imposed a constrained allocation that reflects urgency, public health, and system stability; we also note and commend any voluntary reductions or trades offered during bargaining as good-faith crisis management that will be weighed favourably in future allocation decisions.",baseline_mixed_negotiation_seed1,baseline_mixed_negotiation,1
4,energy_utility,Energy Utility,112.0,100.8,100.8,100.8,0.0,0.9,0.0,False,True,2,True,False,False,700.0,700.0,41.0,"Today’s ruling was made under extreme heat and continued scarcity, so the Authority prioritized life-sustaining and essential public services first, with particular protection for hospitals and household use, while preserving enough supply to keep the energy system operating and the wider city functioning safely. Because negotiations did not produce a shared settlement after two rounds, we imposed a constrained allocation that reflects urgency, public health, and system stability; we also note and commend any voluntary reductions or trades offered during bargaining as good-faith crisis management that will be weighed favourably in future allocation decisions.",baseline_mixed_negotiation_seed1,baseline_mixed_negotiation,1
4,epa,Environmental Protection Agency,80.0,44.0,0.0,0.0,0.0,0.0,44.0,True,True,2,True,False,True,700.0,700.0,41.0,"Today’s ruling was made under extreme heat and continued scarcity, so the Authority prioritized life-sustaining and essential public services first, with particular protection for hospitals and household use, while preserving enough supply to keep the energy system operating and the wider city functioning safely. Because negotiations did not produce a shared settlement after two rounds, we imposed a constrained allocation that reflects urgency, public health, and system stability; we also note and commend any voluntary reductions or trades offered during bargaining as good-faith crisis management that will be weighed favourably in future allocation decisions.",baseline_mixed_negotiation_seed1,baseline_mixed_negotiation,1
5,hospital,Hospital / Healthcare Services,162.0,137.7,137.7,137.7,0.0,0.85,0.0,False,True,2,True,False,False,650.0,650.0,39.0,"Today’s allocation was set to protect life, public health, and critical continuity first, while keeping essential food production and power system stability operating under extreme heat and constrained supply. Given the severity of the shortage and the lack of consensus after two rounds of negotiation, the Authority prioritized the most time-sensitive human needs and the minimum operational requirements of core services, while temporarily suspending non-essential and lower-immediacy uses.

We note and appreciate the voluntary cooperation shown during negotiations, including any reductions or trades offered by stakeholders to help reach a workable outcome. The Authority regards such good-faith crisis management as important and will weigh it favorably in future allocation decisions.",baseline_mixed_negotiation_seed1,baseline_mixed_negotiation,1
5,households,Households,448.0,336.0,227.9,227.9,0.0,0.509,108.1,True,True,2,True,False,False,650.0,650.0,39.0,"Today’s allocation was set to protect life, public health, and critical continuity first, while keeping essential food production and power system stability operating under extreme heat and constrained supply. Given the severity of the shortage and the lack of consensus after two rounds of negotiation, the Authority prioritized the most time-sensitive human needs and the minimum operational requirements of core services, while temporarily suspending non-essential and lower-immediacy uses.

We note and appreciate the voluntary cooperation shown during negotiations, including any reductions or trades offered by stakeholders to help reach a workable outcome. The Authority regards such good-faith crisis management as important and will weigh it favorably in future allocation decisions.",baseline_mixed_negotiation_seed1,baseline_mixed_negotiation,1
5,agriculture,Agriculture,300.0,180.0,180.0,180.0,0.0,0.6,0.0,False,True,2,True,False,True,650.0,650.0,39.0,"Today’s allocation was set to protect life, public health, and critical continuity first, while keeping essential food production and power system stability operating under extreme heat and constrained supply. Given the severity of the shortage and the lack of consensus after two rounds of negotiation, the Authority prioritized the most time-sensitive human needs and the minimum operational requirements of core services, while temporarily suspending non-essential and lower-immediacy uses.

We note and appreciate the voluntary cooperation shown during negotiations, including any reductions or trades offered by stakeholders to help reach a workable outcome. The Authority regards such good-faith crisis management as important and will weigh it favorably in future allocation decisions.",baseline_mixed_negotiation_seed1,baseline_mixed_negotiation,1
5,industry,Industry / Businesses,150.0,97.5,0.0,0.0,0.0,0.0,97.5,True,True,2,True,False,True,650.0,650.0,39.0,"Today’s allocation was set to protect life, public health, and critical continuity first, while keeping essential food production and power system stability operating under extreme heat and constrained supply. Given the severity of the shortage and the lack of consensus after two rounds of negotiation, the Authority prioritized the most time-sensitive human needs and the minimum operational requirements of core services, while temporarily suspending non-essential and lower-immediacy uses.

We note and appreciate the voluntary cooperation shown during negotiations, including any reductions or trades offered by stakeholders to help reach a workable outcome. The Authority regards such good-faith crisis management as important and will weigh it favorably in future allocation decisions.",baseline_mixed_negotiation_seed1,baseline_mixed_negotiation,1
5,energy_utility,Energy Utility,116.0,104.4,104.4,104.4,0.0,0.9,0.0,False,True,2,True,False,False,650.0,650.0,39.0,"Today’s allocation was set to protect life, public health, and critical continuity first, while keeping essential food production and power system stability operating under extreme heat and constrained supply. Given the severity of the shortage and the lack of consensus after two rounds of negotiation, the Authority prioritized the most time-sensitive human needs and the minimum operational requirements of core services, while temporarily suspending non-essential and lower-immediacy uses.

We note and appreciate the voluntary cooperation shown during negotiations, including any reductions or trades offered by stakeholders to help reach a workable outcome. The Authority regards such good-faith crisis management as important and will weigh it favorably in future allocation decisions.",baseline_mixed_negotiation_seed1,baseline_mixed_negotiation,1
5,epa,Environmental Protection Agency,80.0,44.0,0.0,0.0,0.0,0.0,44.0,True,True,2,True,False,True,650.0,650.0,39.0,"Today’s allocation was set to protect life, public health, and critical continuity first, while keeping essential food production and power system stability operating under extreme heat and constrained supply. Given the severity of the shortage and the lack of consensus after two rounds of negotiation, the Authority prioritized the most time-sensitive human needs and the minimum operational requirements of core services, while temporarily suspending non-essential and lower-immediacy uses.

We note and appreciate the voluntary cooperation shown during negotiations, including any reductions or trades offered by stakeholders to help reach a workable outcome. The Authority regards such good-faith crisis management as important and will weigh it favorably in future allocation decisions.",baseline_mixed_negotiation_seed1,baseline_mixed_negotiation,1
6,hospital,Hospital / Healthcare Services,165.0,140.2,140.2,140.2,0.0,0.85,0.0,False,True,2,True,False,False,600.0,600.0,36.0,"Given today’s extreme heat and continuing shortage, the Authority prioritized life-sustaining and public-safety uses first, with healthcare protected as the highest essential demand and households kept at a level intended to preserve basic welfare and reduce heat-related risk. We also maintained supply to the energy utility to support critical grid reliability and cooling-related resilience, while non-essential and lower-priority uses were curtailed to preserve the system for core human needs.

No voluntary reductions or trades were formally recorded in the final outcome. The Authority notes that any future good-faith cooperation by stakeholders in reducing demand or trading water to protect critical services will be viewed favorably in subsequent allocation decisions.",baseline_mixed_negotiation_seed1,baseline_mixed_negotiation,1
6,households,Households,430.0,345.0,164.3,164.3,0.0,0.382,180.7,True,True,2,True,False,False,600.0,600.0,36.0,"Given today’s extreme heat and continuing shortage, the Authority prioritized life-sustaining and public-safety uses first, with healthcare protected as the highest essential demand and households kept at a level intended to preserve basic welfare and reduce heat-related risk. We also maintained supply to the energy utility to support critical grid reliability and cooling-related resilience, while non-essential and lower-priority uses were curtailed to preserve the system for core human needs.

No voluntary reductions or trades were formally recorded in the final outcome. The Authority notes that any future good-faith cooperation by stakeholders in reducing demand or trading water to protect critical services will be viewed favorably in subsequent allocation decisions.",baseline_mixed_negotiation_seed1,baseline_mixed_negotiation,1
6,agriculture,Agriculture,312.0,187.5,187.5,187.5,0.0,0.601,0.0,False,True,2,True,False,True,600.0,600.0,36.0,"Given today’s extreme heat and continuing shortage, the Authority prioritized life-sustaining and public-safety uses first, with healthcare protected as the highest essential demand and households kept at a level intended to preserve basic welfare and reduce heat-related risk. We also maintained supply to the energy utility to support critical grid reliability and cooling-related resilience, while non-essential and lower-priority uses were curtailed to preserve the system for core human needs.

No voluntary reductions or trades were formally recorded in the final outcome. The Authority notes that any future good-faith cooperation by stakeholders in reducing demand or trading water to protect critical services will be viewed favorably in subsequent allocation decisions.",baseline_mixed_negotiation_seed1,baseline_mixed_negotiation,1
6,industry,Industry / Businesses,120.0,97.5,0.0,0.0,0.0,0.0,97.5,True,True,2,True,False,True,600.0,600.0,36.0,"Given today’s extreme heat and continuing shortage, the Authority prioritized life-sustaining and public-safety uses first, with healthcare protected as the highest essential demand and households kept at a level intended to preserve basic welfare and reduce heat-related risk. We also maintained supply to the energy utility to support critical grid reliability and cooling-related resilience, while non-essential and lower-priority uses were curtailed to preserve the system for core human needs.

No voluntary reductions or trades were formally recorded in the final outcome. The Authority notes that any future good-faith cooperation by stakeholders in reducing demand or trading water to protect critical services will be viewed favorably in subsequent allocation decisions.",baseline_mixed_negotiation_seed1,baseline_mixed_negotiation,1
6,energy_utility,Energy Utility,120.0,108.0,108.0,108.0,0.0,0.9,0.0,False,True,2,True,False,False,600.0,600.0,36.0,"Given today’s extreme heat and continuing shortage, the Authority prioritized life-sustaining and public-safety uses first, with healthcare protected as the highest essential demand and households kept at a level intended to preserve basic welfare and reduce heat-related risk. We also maintained supply to the energy utility to support critical grid reliability and cooling-related resilience, while non-essential and lower-priority uses were curtailed to preserve the system for core human needs.

No voluntary reductions or trades were formally recorded in the final outcome. The Authority notes that any future good-faith cooperation by stakeholders in reducing demand or trading water to protect critical services will be viewed favorably in subsequent allocation decisions.",baseline_mixed_negotiation_seed1,baseline_mixed_negotiation,1
6,epa,Environmental Protection Agency,80.0,44.0,0.0,0.0,0.0,0.0,44.0,True,True,2,True,False,True,600.0,600.0,36.0,"Given today’s extreme heat and continuing shortage, the Authority prioritized life-sustaining and public-safety uses first, with healthcare protected as the highest essential demand and households kept at a level intended to preserve basic welfare and reduce heat-related risk. We also maintained supply to the energy utility to support critical grid reliability and cooling-related resilience, while non-essential and lower-priority uses were curtailed to preserve the system for core human needs.

No voluntary reductions or trades were formally recorded in the final outcome. The Authority notes that any future good-faith cooperation by stakeholders in reducing demand or trading water to protect critical services will be viewed favorably in subsequent allocation decisions.",baseline_mixed_negotiation_seed1,baseline_mixed_negotiation,1
1,hospital,Hospital / Healthcare Services,150.0,127.5,150.0,150.0,0.0,1.0,0.0,False,False,0,False,False,False,1000.0,1000.0,34.0,"Today’s allocation was set under severe shortage conditions and a 34°C peak temperature, so we applied the standard priority order strictly to protect life, public health, and essential system stability first. Healthcare and household needs were safeguarded before water was assigned to agriculture, industry, energy, and environmental functions, with each sector kept at or above its minimum requirement and no negotiation needed to reach compliance.",baseline_mixed_negotiation_seed2,baseline_mixed_negotiation,2
1,households,Households,420.0,300.0,380.3,380.3,0.0,0.905,0.0,False,False,0,False,False,False,1000.0,1000.0,34.0,"Today’s allocation was set under severe shortage conditions and a 34°C peak temperature, so we applied the standard priority order strictly to protect life, public health, and essential system stability first. Healthcare and household needs were safeguarded before water was assigned to agriculture, industry, energy, and environmental functions, with each sector kept at or above its minimum requirement and no negotiation needed to reach compliance.",baseline_mixed_negotiation_seed2,baseline_mixed_negotiation,2
1,agriculture,Agriculture,250.0,150.0,194.5,194.5,0.0,0.778,0.0,False,False,0,False,False,False,1000.0,1000.0,34.0,"Today’s allocation was set under severe shortage conditions and a 34°C peak temperature, so we applied the standard priority order strictly to protect life, public health, and essential system stability first. Healthcare and household needs were safeguarded before water was assigned to agriculture, industry, energy, and environmental functions, with each sector kept at or above its minimum requirement and no negotiation needed to reach compliance.",baseline_mixed_negotiation_seed2,baseline_mixed_negotiation,2
1,industry,Industry / Businesses,150.0,97.5,109.2,109.2,0.0,0.728,0.0,False,False,0,False,False,False,1000.0,1000.0,34.0,"Today’s allocation was set under severe shortage conditions and a 34°C peak temperature, so we applied the standard priority order strictly to protect life, public health, and essential system stability first. Healthcare and household needs were safeguarded before water was assigned to agriculture, industry, energy, and environmental functions, with each sector kept at or above its minimum requirement and no negotiation needed to reach compliance.",baseline_mixed_negotiation_seed2,baseline_mixed_negotiation,2
1,energy_utility,Energy Utility,110.0,90.0,110.0,110.0,0.0,1.0,0.0,False,False,0,False,False,False,1000.0,1000.0,34.0,"Today’s allocation was set under severe shortage conditions and a 34°C peak temperature, so we applied the standard priority order strictly to protect life, public health, and essential system stability first. Healthcare and household needs were safeguarded before water was assigned to agriculture, industry, energy, and environmental functions, with each sector kept at or above its minimum requirement and no negotiation needed to reach compliance.",baseline_mixed_negotiation_seed2,baseline_mixed_negotiation,2
1,epa,Environmental Protection Agency,80.0,44.0,56.0,56.0,0.0,0.7,0.0,False,False,0,False,False,False,1000.0,1000.0,34.0,"Today’s allocation was set under severe shortage conditions and a 34°C peak temperature, so we applied the standard priority order strictly to protect life, public health, and essential system stability first. Healthcare and household needs were safeguarded before water was assigned to agriculture, industry, energy, and environmental functions, with each sector kept at or above its minimum requirement and no negotiation needed to reach compliance.",baseline_mixed_negotiation_seed2,baseline_mixed_negotiation,2
2,hospital,Hospital / Healthcare Services,153.0,130.0,140.1,140.1,0.0,0.916,0.0,False,False,0,False,False,False,900.0,900.0,37.0,"With today’s peak temperature reaching 37°C and supplies still critically constrained, the Authority allocated water strictly by the established priority order to protect life, public health, and essential system stability first, while preserving minimum service levels for all sectors. No stakeholder was required to accept a cut below its floor, and no voluntary reductions or trades were offered today; the allocation therefore reflects a straightforward application of the emergency rules and will serve as the basis for tomorrow’s review.",baseline_mixed_negotiation_seed2,baseline_mixed_negotiation,2
2,households,Households,412.0,309.0,336.1,336.1,0.0,0.816,0.0,False,False,0,False,False,False,900.0,900.0,37.0,"With today’s peak temperature reaching 37°C and supplies still critically constrained, the Authority allocated water strictly by the established priority order to protect life, public health, and essential system stability first, while preserving minimum service levels for all sectors. No stakeholder was required to accept a cut below its floor, and no voluntary reductions or trades were offered today; the allocation therefore reflects a straightforward application of the emergency rules and will serve as the basis for tomorrow’s review.",baseline_mixed_negotiation_seed2,baseline_mixed_negotiation,2
2,agriculture,Agriculture,262.0,157.5,175.8,175.8,0.0,0.671,0.0,False,False,0,False,False,False,900.0,900.0,37.0,"With today’s peak temperature reaching 37°C and supplies still critically constrained, the Authority allocated water strictly by the established priority order to protect life, public health, and essential system stability first, while preserving minimum service levels for all sectors. No stakeholder was required to accept a cut below its floor, and no voluntary reductions or trades were offered today; the allocation therefore reflects a straightforward application of the emergency rules and will serve as the basis for tomorrow’s review.",baseline_mixed_negotiation_seed2,baseline_mixed_negotiation,2
2,industry,Industry / Businesses,150.0,97.5,102.1,102.1,0.0,0.681,0.0,False,False,0,False,False,False,900.0,900.0,37.0,"With today’s peak temperature reaching 37°C and supplies still critically constrained, the Authority allocated water strictly by the established priority order to protect life, public health, and essential system stability first, while preserving minimum service levels for all sectors. No stakeholder was required to accept a cut below its floor, and no voluntary reductions or trades were offered today; the allocation therefore reflects a straightforward application of the emergency rules and will serve as the basis for tomorrow’s review.",baseline_mixed_negotiation_seed2,baseline_mixed_negotiation,2
2,energy_utility,Energy Utility,104.0,93.6,97.2,97.2,0.0,0.935,0.0,False,False,0,False,False,False,900.0,900.0,37.0,"With today’s peak temperature reaching 37°C and supplies still critically constrained, the Authority allocated water strictly by the established priority order to protect life, public health, and essential system stability first, while preserving minimum service levels for all sectors. No stakeholder was required to accept a cut below its floor, and no voluntary reductions or trades were offered today; the allocation therefore reflects a straightforward application of the emergency rules and will serve as the basis for tomorrow’s review.",baseline_mixed_negotiation_seed2,baseline_mixed_negotiation,2
2,epa,Environmental Protection Agency,80.0,44.0,48.7,48.7,0.0,0.609,0.0,False,False,0,False,False,False,900.0,900.0,37.0,"With today’s peak temperature reaching 37°C and supplies still critically constrained, the Authority allocated water strictly by the established priority order to protect life, public health, and essential system stability first, while preserving minimum service levels for all sectors. No stakeholder was required to accept a cut below its floor, and no voluntary reductions or trades were offered today; the allocation therefore reflects a straightforward application of the emergency rules and will serve as the basis for tomorrow’s review.",baseline_mixed_negotiation_seed2,baseline_mixed_negotiation,2
3,hospital,Hospital / Healthcare Services,156.0,132.6,132.6,132.6,0.0,0.85,0.0,False,True,2,True,False,False,800.0,800.0,40.0,"Today’s ruling reflects our duty to protect life, maintain essential services, and keep the city functioning under extreme heat and severe scarcity. We prioritized healthcare, household use, and the minimum water needed to sustain food production, critical industry, and energy reliability, while environmental releases were suspended because the system could not support all demands without risking public health and service continuity.

We also note with appreciation any stakeholders who made voluntary reductions or offered trades during the two rounds of negotiation; such cooperation is a clear sign of good-faith crisis management and will be weighed favorably in future allocation decisions.",baseline_mixed_negotiation_seed2,baseline_mixed_negotiation,2
3,households,Households,424.0,318.0,318.0,318.0,0.0,0.75,0.0,False,True,2,True,False,False,800.0,800.0,40.0,"Today’s ruling reflects our duty to protect life, maintain essential services, and keep the city functioning under extreme heat and severe scarcity. We prioritized healthcare, household use, and the minimum water needed to sustain food production, critical industry, and energy reliability, while environmental releases were suspended because the system could not support all demands without risking public health and service continuity.

We also note with appreciation any stakeholders who made voluntary reductions or offered trades during the two rounds of negotiation; such cooperation is a clear sign of good-faith crisis management and will be weighed favorably in future allocation decisions.",baseline_mixed_negotiation_seed2,baseline_mixed_negotiation,2
3,agriculture,Agriculture,275.0,165.0,165.0,165.0,0.0,0.6,0.0,False,True,2,True,False,False,800.0,800.0,40.0,"Today’s ruling reflects our duty to protect life, maintain essential services, and keep the city functioning under extreme heat and severe scarcity. We prioritized healthcare, household use, and the minimum water needed to sustain food production, critical industry, and energy reliability, while environmental releases were suspended because the system could not support all demands without risking public health and service continuity.

We also note with appreciation any stakeholders who made voluntary reductions or offered trades during the two rounds of negotiation; such cooperation is a clear sign of good-faith crisis management and will be weighed favorably in future allocation decisions.",baseline_mixed_negotiation_seed2,baseline_mixed_negotiation,2
3,industry,Industry / Businesses,150.0,97.5,87.2,87.2,0.0,0.581,10.3,True,True,2,True,False,True,800.0,800.0,40.0,"Today’s ruling reflects our duty to protect life, maintain essential services, and keep the city functioning under extreme heat and severe scarcity. We prioritized healthcare, household use, and the minimum water needed to sustain food production, critical industry, and energy reliability, while environmental releases were suspended because the system could not support all demands without risking public health and service continuity.

We also note with appreciation any stakeholders who made voluntary reductions or offered trades during the two rounds of negotiation; such cooperation is a clear sign of good-faith crisis management and will be weighed favorably in future allocation decisions.",baseline_mixed_negotiation_seed2,baseline_mixed_negotiation,2
3,energy_utility,Energy Utility,108.0,97.2,97.2,97.2,0.0,0.9,0.0,False,True,2,True,False,False,800.0,800.0,40.0,"Today’s ruling reflects our duty to protect life, maintain essential services, and keep the city functioning under extreme heat and severe scarcity. We prioritized healthcare, household use, and the minimum water needed to sustain food production, critical industry, and energy reliability, while environmental releases were suspended because the system could not support all demands without risking public health and service continuity.

We also note with appreciation any stakeholders who made voluntary reductions or offered trades during the two rounds of negotiation; such cooperation is a clear sign of good-faith crisis management and will be weighed favorably in future allocation decisions.",baseline_mixed_negotiation_seed2,baseline_mixed_negotiation,2
3,epa,Environmental Protection Agency,80.0,44.0,0.0,0.0,0.0,0.0,44.0,True,True,2,True,False,False,800.0,800.0,40.0,"Today’s ruling reflects our duty to protect life, maintain essential services, and keep the city functioning under extreme heat and severe scarcity. We prioritized healthcare, household use, and the minimum water needed to sustain food production, critical industry, and energy reliability, while environmental releases were suspended because the system could not support all demands without risking public health and service continuity.

We also note with appreciation any stakeholders who made voluntary reductions or offered trades during the two rounds of negotiation; such cooperation is a clear sign of good-faith crisis management and will be weighed favorably in future allocation decisions.",baseline_mixed_negotiation_seed2,baseline_mixed_negotiation,2
4,hospital,Hospital / Healthcare Services,159.0,135.2,135.2,135.2,0.0,0.85,0.0,False,True,2,True,False,False,700.0,700.0,41.0,"Today’s ruling reflects the need to protect life, basic household welfare, and the continuity of essential public services under extreme heat and a continuing supply emergency. We prioritized health facilities, residential use, and the energy system needed to maintain critical infrastructure, while limiting non-essential and lower-priority draws so that the most vulnerable and system-critical needs could be met first.

We note and appreciate the voluntary cooperation shown during negotiations by stakeholders who accepted reductions or traded away demand in good faith; this kind of crisis management will be weighed favourably in future allocation decisions.",baseline_mixed_negotiation_seed2,baseline_mixed_negotiation,2
4,households,Households,436.0,327.0,291.5,291.5,0.0,0.669,35.5,True,True,2,True,False,False,700.0,700.0,41.0,"Today’s ruling reflects the need to protect life, basic household welfare, and the continuity of essential public services under extreme heat and a continuing supply emergency. We prioritized health facilities, residential use, and the energy system needed to maintain critical infrastructure, while limiting non-essential and lower-priority draws so that the most vulnerable and system-critical needs could be met first.

We note and appreciate the voluntary cooperation shown during negotiations by stakeholders who accepted reductions or traded away demand in good faith; this kind of crisis management will be weighed favourably in future allocation decisions.",baseline_mixed_negotiation_seed2,baseline_mixed_negotiation,2
4,agriculture,Agriculture,288.0,172.5,172.5,172.5,0.0,0.599,0.0,False,True,2,True,False,True,700.0,700.0,41.0,"Today’s ruling reflects the need to protect life, basic household welfare, and the continuity of essential public services under extreme heat and a continuing supply emergency. We prioritized health facilities, residential use, and the energy system needed to maintain critical infrastructure, while limiting non-essential and lower-priority draws so that the most vulnerable and system-critical needs could be met first.

We note and appreciate the voluntary cooperation shown during negotiations by stakeholders who accepted reductions or traded away demand in good faith; this kind of crisis management will be weighed favourably in future allocation decisions.",baseline_mixed_negotiation_seed2,baseline_mixed_negotiation,2
4,industry,Industry / Businesses,120.0,97.5,0.0,0.0,0.0,0.0,97.5,True,True,2,True,False,True,700.0,700.0,41.0,"Today’s ruling reflects the need to protect life, basic household welfare, and the continuity of essential public services under extreme heat and a continuing supply emergency. We prioritized health facilities, residential use, and the energy system needed to maintain critical infrastructure, while limiting non-essential and lower-priority draws so that the most vulnerable and system-critical needs could be met first.

We note and appreciate the voluntary cooperation shown during negotiations by stakeholders who accepted reductions or traded away demand in good faith; this kind of crisis management will be weighed favourably in future allocation decisions.",baseline_mixed_negotiation_seed2,baseline_mixed_negotiation,2
4,energy_utility,Energy Utility,112.0,100.8,100.8,100.8,0.0,0.9,0.0,False,True,2,True,False,False,700.0,700.0,41.0,"Today’s ruling reflects the need to protect life, basic household welfare, and the continuity of essential public services under extreme heat and a continuing supply emergency. We prioritized health facilities, residential use, and the energy system needed to maintain critical infrastructure, while limiting non-essential and lower-priority draws so that the most vulnerable and system-critical needs could be met first.

We note and appreciate the voluntary cooperation shown during negotiations by stakeholders who accepted reductions or traded away demand in good faith; this kind of crisis management will be weighed favourably in future allocation decisions.",baseline_mixed_negotiation_seed2,baseline_mixed_negotiation,2
4,epa,Environmental Protection Agency,80.0,44.0,0.0,0.0,0.0,0.0,44.0,True,True,2,True,False,True,700.0,700.0,41.0,"Today’s ruling reflects the need to protect life, basic household welfare, and the continuity of essential public services under extreme heat and a continuing supply emergency. We prioritized health facilities, residential use, and the energy system needed to maintain critical infrastructure, while limiting non-essential and lower-priority draws so that the most vulnerable and system-critical needs could be met first.

We note and appreciate the voluntary cooperation shown during negotiations by stakeholders who accepted reductions or traded away demand in good faith; this kind of crisis management will be weighed favourably in future allocation decisions.",baseline_mixed_negotiation_seed2,baseline_mixed_negotiation,2
5,hospital,Hospital / Healthcare Services,162.0,137.7,137.7,137.7,0.0,0.85,0.0,False,True,2,True,False,False,650.0,650.0,39.0,"Today’s allocation was set under extreme heat and persistent shortage with the overriding duty to protect life, public health, and essential continuity of service. Priority was therefore given to hospitals and healthcare, household needs, and the minimum water required to keep the energy system operating safely, while agriculture received a reduced but still meaningful share to preserve critical production and avoid deeper downstream impacts; non-essential industrial demand and environmental releases were deferred in this emergency round.

We note the voluntary cooperation shown in negotiations, including Agriculture’s willingness to accept reductions and the Energy Utility’s acceptance of a constrained operating allocation, and we regard such good-faith crisis management as a positive factor that will be weighed favorably in future allocation decisions.",baseline_mixed_negotiation_seed2,baseline_mixed_negotiation,2
5,households,Households,448.0,336.0,227.9,227.9,0.0,0.509,108.1,True,True,2,True,False,False,650.0,650.0,39.0,"Today’s allocation was set under extreme heat and persistent shortage with the overriding duty to protect life, public health, and essential continuity of service. Priority was therefore given to hospitals and healthcare, household needs, and the minimum water required to keep the energy system operating safely, while agriculture received a reduced but still meaningful share to preserve critical production and avoid deeper downstream impacts; non-essential industrial demand and environmental releases were deferred in this emergency round.

We note the voluntary cooperation shown in negotiations, including Agriculture’s willingness to accept reductions and the Energy Utility’s acceptance of a constrained operating allocation, and we regard such good-faith crisis management as a positive factor that will be weighed favorably in future allocation decisions.",baseline_mixed_negotiation_seed2,baseline_mixed_negotiation,2
5,agriculture,Agriculture,300.0,180.0,180.0,180.0,0.0,0.6,0.0,False,True,2,True,False,True,650.0,650.0,39.0,"Today’s allocation was set under extreme heat and persistent shortage with the overriding duty to protect life, public health, and essential continuity of service. Priority was therefore given to hospitals and healthcare, household needs, and the minimum water required to keep the energy system operating safely, while agriculture received a reduced but still meaningful share to preserve critical production and avoid deeper downstream impacts; non-essential industrial demand and environmental releases were deferred in this emergency round.

We note the voluntary cooperation shown in negotiations, including Agriculture’s willingness to accept reductions and the Energy Utility’s acceptance of a constrained operating allocation, and we regard such good-faith crisis management as a positive factor that will be weighed favorably in future allocation decisions.",baseline_mixed_negotiation_seed2,baseline_mixed_negotiation,2
5,industry,Industry / Businesses,120.0,97.5,0.0,0.0,0.0,0.0,97.5,True,True,2,True,False,True,650.0,650.0,39.0,"Today’s allocation was set under extreme heat and persistent shortage with the overriding duty to protect life, public health, and essential continuity of service. Priority was therefore given to hospitals and healthcare, household needs, and the minimum water required to keep the energy system operating safely, while agriculture received a reduced but still meaningful share to preserve critical production and avoid deeper downstream impacts; non-essential industrial demand and environmental releases were deferred in this emergency round.

We note the voluntary cooperation shown in negotiations, including Agriculture’s willingness to accept reductions and the Energy Utility’s acceptance of a constrained operating allocation, and we regard such good-faith crisis management as a positive factor that will be weighed favorably in future allocation decisions.",baseline_mixed_negotiation_seed2,baseline_mixed_negotiation,2
5,energy_utility,Energy Utility,116.0,104.4,104.4,104.4,0.0,0.9,0.0,False,True,2,True,False,False,650.0,650.0,39.0,"Today’s allocation was set under extreme heat and persistent shortage with the overriding duty to protect life, public health, and essential continuity of service. Priority was therefore given to hospitals and healthcare, household needs, and the minimum water required to keep the energy system operating safely, while agriculture received a reduced but still meaningful share to preserve critical production and avoid deeper downstream impacts; non-essential industrial demand and environmental releases were deferred in this emergency round.

We note the voluntary cooperation shown in negotiations, including Agriculture’s willingness to accept reductions and the Energy Utility’s acceptance of a constrained operating allocation, and we regard such good-faith crisis management as a positive factor that will be weighed favorably in future allocation decisions.",baseline_mixed_negotiation_seed2,baseline_mixed_negotiation,2
5,epa,Environmental Protection Agency,44.0,44.0,0.0,0.0,0.0,0.0,44.0,True,True,2,True,False,True,650.0,650.0,39.0,"Today’s allocation was set under extreme heat and persistent shortage with the overriding duty to protect life, public health, and essential continuity of service. Priority was therefore given to hospitals and healthcare, household needs, and the minimum water required to keep the energy system operating safely, while agriculture received a reduced but still meaningful share to preserve critical production and avoid deeper downstream impacts; non-essential industrial demand and environmental releases were deferred in this emergency round.

We note the voluntary cooperation shown in negotiations, including Agriculture’s willingness to accept reductions and the Energy Utility’s acceptance of a constrained operating allocation, and we regard such good-faith crisis management as a positive factor that will be weighed favorably in future allocation decisions.",baseline_mixed_negotiation_seed2,baseline_mixed_negotiation,2
6,hospital,Hospital / Healthcare Services,165.0,140.2,140.2,140.2,0.0,0.85,0.0,False,True,2,True,False,False,600.0,600.0,36.0,"Today’s allocation was set to protect life and essential public services first under severe heat and continuing scarcity. Priority was given to hospitals and household needs, while the energy utility was maintained at a level necessary to preserve critical operations and system stability; non-essential and lower-priority uses were curtailed so that the limited supply could be directed where it most directly safeguards public health and continuity.

We note the constructive cooperation shown during negotiations, including any voluntary reductions or trades offered by stakeholders, as a sign of good-faith crisis management. Such cooperation is being recorded and will be weighed favourably in future allocation decisions as conditions evolve.",baseline_mixed_negotiation_seed2,baseline_mixed_negotiation,2
6,households,Households,460.0,345.0,164.3,164.3,0.0,0.357,180.7,True,True,2,True,False,False,600.0,600.0,36.0,"Today’s allocation was set to protect life and essential public services first under severe heat and continuing scarcity. Priority was given to hospitals and household needs, while the energy utility was maintained at a level necessary to preserve critical operations and system stability; non-essential and lower-priority uses were curtailed so that the limited supply could be directed where it most directly safeguards public health and continuity.

We note the constructive cooperation shown during negotiations, including any voluntary reductions or trades offered by stakeholders, as a sign of good-faith crisis management. Such cooperation is being recorded and will be weighed favourably in future allocation decisions as conditions evolve.",baseline_mixed_negotiation_seed2,baseline_mixed_negotiation,2
6,agriculture,Agriculture,312.0,187.5,187.5,187.5,0.0,0.601,0.0,False,True,2,True,False,True,600.0,600.0,36.0,"Today’s allocation was set to protect life and essential public services first under severe heat and continuing scarcity. Priority was given to hospitals and household needs, while the energy utility was maintained at a level necessary to preserve critical operations and system stability; non-essential and lower-priority uses were curtailed so that the limited supply could be directed where it most directly safeguards public health and continuity.

We note the constructive cooperation shown during negotiations, including any voluntary reductions or trades offered by stakeholders, as a sign of good-faith crisis management. Such cooperation is being recorded and will be weighed favourably in future allocation decisions as conditions evolve.",baseline_mixed_negotiation_seed2,baseline_mixed_negotiation,2
6,industry,Industry / Businesses,120.0,97.5,0.0,0.0,0.0,0.0,97.5,True,True,2,True,False,True,600.0,600.0,36.0,"Today’s allocation was set to protect life and essential public services first under severe heat and continuing scarcity. Priority was given to hospitals and household needs, while the energy utility was maintained at a level necessary to preserve critical operations and system stability; non-essential and lower-priority uses were curtailed so that the limited supply could be directed where it most directly safeguards public health and continuity.

We note the constructive cooperation shown during negotiations, including any voluntary reductions or trades offered by stakeholders, as a sign of good-faith crisis management. Such cooperation is being recorded and will be weighed favourably in future allocation decisions as conditions evolve.",baseline_mixed_negotiation_seed2,baseline_mixed_negotiation,2
6,energy_utility,Energy Utility,120.0,108.0,108.0,108.0,0.0,0.9,0.0,False,True,2,True,False,False,600.0,600.0,36.0,"Today’s allocation was set to protect life and essential public services first under severe heat and continuing scarcity. Priority was given to hospitals and household needs, while the energy utility was maintained at a level necessary to preserve critical operations and system stability; non-essential and lower-priority uses were curtailed so that the limited supply could be directed where it most directly safeguards public health and continuity.

We note the constructive cooperation shown during negotiations, including any voluntary reductions or trades offered by stakeholders, as a sign of good-faith crisis management. Such cooperation is being recorded and will be weighed favourably in future allocation decisions as conditions evolve.",baseline_mixed_negotiation_seed2,baseline_mixed_negotiation,2
6,epa,Environmental Protection Agency,44.0,44.0,0.0,0.0,0.0,0.0,44.0,True,True,2,True,False,True,600.0,600.0,36.0,"Today’s allocation was set to protect life and essential public services first under severe heat and continuing scarcity. Priority was given to hospitals and household needs, while the energy utility was maintained at a level necessary to preserve critical operations and system stability; non-essential and lower-priority uses were curtailed so that the limited supply could be directed where it most directly safeguards public health and continuity.

We note the constructive cooperation shown during negotiations, including any voluntary reductions or trades offered by stakeholders, as a sign of good-faith crisis management. Such cooperation is being recorded and will be weighed favourably in future allocation decisions as conditions evolve.",baseline_mixed_negotiation_seed2,baseline_mixed_negotiation,2
1,hospital,Hospital / Healthcare Services,138.0,112.5,138.0,138.0,0.0,1.0,0.0,False,False,0,False,False,False,1000.0,1000.0,34.0,"Given today’s severe shortage and peak heat, we applied the standard priority order to protect essential public health, basic household needs, food production, critical business continuity, energy reliability, and environmental safeguards, while ensuring no stakeholder was pushed below its minimum operating requirement. The final distribution reflects that hierarchy and the limits of available supply, with no negotiation outside the established rules.

We also note the cooperative reductions made by the Hospital / Healthcare Services, Households, and Industry / Businesses, each of which voluntarily lowered its request to help stabilize the system. The Authority regards that conduct as a clear demonstration of good-faith crisis management and will weigh it favorably in future allocation decisions.",interdependence_framing_seed0,interdependence_framing,0
1,households,Households,360.0,260.0,360.0,360.0,0.0,1.0,0.0,False,False,0,False,False,False,1000.0,1000.0,34.0,"Given today’s severe shortage and peak heat, we applied the standard priority order to protect essential public health, basic household needs, food production, critical business continuity, energy reliability, and environmental safeguards, while ensuring no stakeholder was pushed below its minimum operating requirement. The final distribution reflects that hierarchy and the limits of available supply, with no negotiation outside the established rules.

We also note the cooperative reductions made by the Hospital / Healthcare Services, Households, and Industry / Businesses, each of which voluntarily lowered its request to help stabilize the system. The Authority regards that conduct as a clear demonstration of good-faith crisis management and will weigh it favorably in future allocation decisions.",interdependence_framing_seed0,interdependence_framing,0
1,agriculture,Agriculture,250.0,125.0,243.6,243.6,0.0,0.974,0.0,False,False,0,False,False,False,1000.0,1000.0,34.0,"Given today’s severe shortage and peak heat, we applied the standard priority order to protect essential public health, basic household needs, food production, critical business continuity, energy reliability, and environmental safeguards, while ensuring no stakeholder was pushed below its minimum operating requirement. The final distribution reflects that hierarchy and the limits of available supply, with no negotiation outside the established rules.

We also note the cooperative reductions made by the Hospital / Healthcare Services, Households, and Industry / Businesses, each of which voluntarily lowered its request to help stabilize the system. The Authority regards that conduct as a clear demonstration of good-faith crisis management and will weigh it favorably in future allocation decisions.",interdependence_framing_seed0,interdependence_framing,0
1,industry,Industry / Businesses,130.0,82.5,99.2,99.2,0.0,0.763,0.0,False,False,0,False,False,False,1000.0,1000.0,34.0,"Given today’s severe shortage and peak heat, we applied the standard priority order to protect essential public health, basic household needs, food production, critical business continuity, energy reliability, and environmental safeguards, while ensuring no stakeholder was pushed below its minimum operating requirement. The final distribution reflects that hierarchy and the limits of available supply, with no negotiation outside the established rules.

We also note the cooperative reductions made by the Hospital / Healthcare Services, Households, and Industry / Businesses, each of which voluntarily lowered its request to help stabilize the system. The Authority regards that conduct as a clear demonstration of good-faith crisis management and will weigh it favorably in future allocation decisions.",interdependence_framing_seed0,interdependence_framing,0
1,energy_utility,Energy Utility,100.0,85.0,100.0,100.0,0.0,1.0,0.0,False,False,0,False,False,False,1000.0,1000.0,34.0,"Given today’s severe shortage and peak heat, we applied the standard priority order to protect essential public health, basic household needs, food production, critical business continuity, energy reliability, and environmental safeguards, while ensuring no stakeholder was pushed below its minimum operating requirement. The final distribution reflects that hierarchy and the limits of available supply, with no negotiation outside the established rules.

We also note the cooperative reductions made by the Hospital / Healthcare Services, Households, and Industry / Businesses, each of which voluntarily lowered its request to help stabilize the system. The Authority regards that conduct as a clear demonstration of good-faith crisis management and will weigh it favorably in future allocation decisions.",interdependence_framing_seed0,interdependence_framing,0
1,epa,Environmental Protection Agency,80.0,36.0,59.2,59.2,0.0,0.74,0.0,False,False,0,False,False,False,1000.0,1000.0,34.0,"Given today’s severe shortage and peak heat, we applied the standard priority order to protect essential public health, basic household needs, food production, critical business continuity, energy reliability, and environmental safeguards, while ensuring no stakeholder was pushed below its minimum operating requirement. The final distribution reflects that hierarchy and the limits of available supply, with no negotiation outside the established rules.

We also note the cooperative reductions made by the Hospital / Healthcare Services, Households, and Industry / Businesses, each of which voluntarily lowered its request to help stabilize the system. The Authority regards that conduct as a clear demonstration of good-faith crisis management and will weigh it favorably in future allocation decisions.",interdependence_framing_seed0,interdependence_framing,0
2,hospital,Hospital / Healthcare Services,153.0,114.8,146.8,146.8,0.0,0.959,0.0,False,False,0,False,False,False,900.0,899.9,37.0,"Today’s allocation was set under severe heat-driven demand and a constrained supply, using our established priority order to protect essential public health and life-safety needs first, while ensuring every sector remained above its minimum operating threshold. We also note that Industry / Businesses voluntarily reduced its request in a constructive gesture; the Authority regards this as a demonstration of good-faith crisis management and will weigh such cooperation favorably in future allocation decisions.",interdependence_framing_seed0,interdependence_framing,0
2,households,Households,412.0,267.8,340.2,340.2,0.0,0.826,0.0,False,False,0,False,False,False,900.0,899.9,37.0,"Today’s allocation was set under severe heat-driven demand and a constrained supply, using our established priority order to protect essential public health and life-safety needs first, while ensuring every sector remained above its minimum operating threshold. We also note that Industry / Businesses voluntarily reduced its request in a constructive gesture; the Authority regards this as a demonstration of good-faith crisis management and will weigh such cooperation favorably in future allocation decisions.",interdependence_framing_seed0,interdependence_framing,0
2,agriculture,Agriculture,262.0,131.2,175.0,175.0,0.0,0.668,0.0,False,False,0,False,False,False,900.0,899.9,37.0,"Today’s allocation was set under severe heat-driven demand and a constrained supply, using our established priority order to protect essential public health and life-safety needs first, while ensuring every sector remained above its minimum operating threshold. We also note that Industry / Businesses voluntarily reduced its request in a constructive gesture; the Authority regards this as a demonstration of good-faith crisis management and will weigh such cooperation favorably in future allocation decisions.",interdependence_framing_seed0,interdependence_framing,0
2,industry,Industry / Businesses,140.0,82.5,92.1,92.1,0.0,0.658,0.0,False,False,0,False,False,False,900.0,899.9,37.0,"Today’s allocation was set under severe heat-driven demand and a constrained supply, using our established priority order to protect essential public health and life-safety needs first, while ensuring every sector remained above its minimum operating threshold. We also note that Industry / Businesses voluntarily reduced its request in a constructive gesture; the Authority regards this as a demonstration of good-faith crisis management and will weigh such cooperation favorably in future allocation decisions.",interdependence_framing_seed0,interdependence_framing,0
2,energy_utility,Energy Utility,104.0,88.4,98.8,98.8,0.0,0.95,0.0,False,False,0,False,False,False,900.0,899.9,37.0,"Today’s allocation was set under severe heat-driven demand and a constrained supply, using our established priority order to protect essential public health and life-safety needs first, while ensuring every sector remained above its minimum operating threshold. We also note that Industry / Businesses voluntarily reduced its request in a constructive gesture; the Authority regards this as a demonstration of good-faith crisis management and will weigh such cooperation favorably in future allocation decisions.",interdependence_framing_seed0,interdependence_framing,0
2,epa,Environmental Protection Agency,80.0,36.0,47.0,47.0,0.0,0.588,0.0,False,False,0,False,False,False,900.0,899.9,37.0,"Today’s allocation was set under severe heat-driven demand and a constrained supply, using our established priority order to protect essential public health and life-safety needs first, while ensuring every sector remained above its minimum operating threshold. We also note that Industry / Businesses voluntarily reduced its request in a constructive gesture; the Authority regards this as a demonstration of good-faith crisis management and will weigh such cooperation favorably in future allocation decisions.",interdependence_framing_seed0,interdependence_framing,0
3,hospital,Hospital / Healthcare Services,156.0,117.0,130.6,130.6,0.0,0.837,0.0,False,False,0,False,False,False,800.0,799.9,40.0,"Today’s allocation was made under extreme heat and continuing scarcity, using our standard priority order to protect life, public health, and essential system stability first, while keeping every stakeholder at or above its minimum operating level. We also acknowledge the voluntary reductions made by Households and by Industry / Businesses; the Authority regards this kind of good-faith cooperation as a constructive response to crisis conditions and will weigh it favorably in future allocation decisions.",interdependence_framing_seed0,interdependence_framing,0
3,households,Households,376.0,275.6,296.6,296.6,0.0,0.789,0.0,False,False,0,False,False,False,800.0,799.9,40.0,"Today’s allocation was made under extreme heat and continuing scarcity, using our standard priority order to protect life, public health, and essential system stability first, while keeping every stakeholder at or above its minimum operating level. We also acknowledge the voluntary reductions made by Households and by Industry / Businesses; the Authority regards this kind of good-faith cooperation as a constructive response to crisis conditions and will weigh it favorably in future allocation decisions.",interdependence_framing_seed0,interdependence_framing,0
3,agriculture,Agriculture,275.0,137.5,156.7,156.7,0.0,0.57,0.0,False,False,0,False,False,False,800.0,799.9,40.0,"Today’s allocation was made under extreme heat and continuing scarcity, using our standard priority order to protect life, public health, and essential system stability first, while keeping every stakeholder at or above its minimum operating level. We also acknowledge the voluntary reductions made by Households and by Industry / Businesses; the Authority regards this kind of good-faith cooperation as a constructive response to crisis conditions and will weigh it favorably in future allocation decisions.",interdependence_framing_seed0,interdependence_framing,0
3,industry,Industry / Businesses,100.0,82.5,83.7,83.7,0.0,0.837,0.0,False,False,0,False,False,False,800.0,799.9,40.0,"Today’s allocation was made under extreme heat and continuing scarcity, using our standard priority order to protect life, public health, and essential system stability first, while keeping every stakeholder at or above its minimum operating level. We also acknowledge the voluntary reductions made by Households and by Industry / Businesses; the Authority regards this kind of good-faith cooperation as a constructive response to crisis conditions and will weigh it favorably in future allocation decisions.",interdependence_framing_seed0,interdependence_framing,0
3,energy_utility,Energy Utility,108.0,91.8,96.3,96.3,0.0,0.892,0.0,False,False,0,False,False,False,800.0,799.9,40.0,"Today’s allocation was made under extreme heat and continuing scarcity, using our standard priority order to protect life, public health, and essential system stability first, while keeping every stakeholder at or above its minimum operating level. We also acknowledge the voluntary reductions made by Households and by Industry / Businesses; the Authority regards this kind of good-faith cooperation as a constructive response to crisis conditions and will weigh it favorably in future allocation decisions.",interdependence_framing_seed0,interdependence_framing,0
3,epa,Environmental Protection Agency,36.0,36.0,36.0,36.0,0.0,1.0,0.0,False,False,0,False,False,False,800.0,799.9,40.0,"Today’s allocation was made under extreme heat and continuing scarcity, using our standard priority order to protect life, public health, and essential system stability first, while keeping every stakeholder at or above its minimum operating level. We also acknowledge the voluntary reductions made by Households and by Industry / Businesses; the Authority regards this kind of good-faith cooperation as a constructive response to crisis conditions and will weigh it favorably in future allocation decisions.",interdependence_framing_seed0,interdependence_framing,0
4,hospital,Hospital / Healthcare Services,159.0,119.2,119.2,119.2,0.0,0.75,0.0,False,True,2,True,False,False,700.0,700.0,41.0,"Today’s allocation was set to protect life, public health, and essential continuity first under extreme heat and a severe system-wide shortage. We prioritized hospitals and healthcare services, household survival needs, and the minimum water required to keep critical energy and business functions operating, while reducing lower-priority uses and temporarily suspending environmental releases because the available supply could not safely cover every demand.

The Authority notes and commends any stakeholders who accepted voluntary reductions or entered trades during negotiation; such cooperation is a clear demonstration of good-faith crisis management and will be weighed favourably in future allocation decisions.",interdependence_framing_seed0,interdependence_framing,0
4,households,Households,436.0,283.4,283.4,283.4,0.0,0.65,0.0,False,True,2,True,False,False,700.0,700.0,41.0,"Today’s allocation was set to protect life, public health, and essential continuity first under extreme heat and a severe system-wide shortage. We prioritized hospitals and healthcare services, household survival needs, and the minimum water required to keep critical energy and business functions operating, while reducing lower-priority uses and temporarily suspending environmental releases because the available supply could not safely cover every demand.

The Authority notes and commends any stakeholders who accepted voluntary reductions or entered trades during negotiation; such cooperation is a clear demonstration of good-faith crisis management and will be weighed favourably in future allocation decisions.",interdependence_framing_seed0,interdependence_framing,0
4,agriculture,Agriculture,288.0,143.8,143.8,143.8,0.0,0.499,0.0,False,True,2,True,False,False,700.0,700.0,41.0,"Today’s allocation was set to protect life, public health, and essential continuity first under extreme heat and a severe system-wide shortage. We prioritized hospitals and healthcare services, household survival needs, and the minimum water required to keep critical energy and business functions operating, while reducing lower-priority uses and temporarily suspending environmental releases because the available supply could not safely cover every demand.

The Authority notes and commends any stakeholders who accepted voluntary reductions or entered trades during negotiation; such cooperation is a clear demonstration of good-faith crisis management and will be weighed favourably in future allocation decisions.",interdependence_framing_seed0,interdependence_framing,0
4,industry,Industry / Businesses,150.0,82.5,58.4,58.4,0.0,0.389,24.1,True,True,2,True,False,True,700.0,700.0,41.0,"Today’s allocation was set to protect life, public health, and essential continuity first under extreme heat and a severe system-wide shortage. We prioritized hospitals and healthcare services, household survival needs, and the minimum water required to keep critical energy and business functions operating, while reducing lower-priority uses and temporarily suspending environmental releases because the available supply could not safely cover every demand.

The Authority notes and commends any stakeholders who accepted voluntary reductions or entered trades during negotiation; such cooperation is a clear demonstration of good-faith crisis management and will be weighed favourably in future allocation decisions.",interdependence_framing_seed0,interdependence_framing,0
4,energy_utility,Energy Utility,112.0,95.2,95.2,95.2,0.0,0.85,0.0,False,True,2,True,False,False,700.0,700.0,41.0,"Today’s allocation was set to protect life, public health, and essential continuity first under extreme heat and a severe system-wide shortage. We prioritized hospitals and healthcare services, household survival needs, and the minimum water required to keep critical energy and business functions operating, while reducing lower-priority uses and temporarily suspending environmental releases because the available supply could not safely cover every demand.

The Authority notes and commends any stakeholders who accepted voluntary reductions or entered trades during negotiation; such cooperation is a clear demonstration of good-faith crisis management and will be weighed favourably in future allocation decisions.",interdependence_framing_seed0,interdependence_framing,0
4,epa,Environmental Protection Agency,36.0,36.0,0.0,0.0,0.0,0.0,36.0,True,True,2,True,False,False,700.0,700.0,41.0,"Today’s allocation was set to protect life, public health, and essential continuity first under extreme heat and a severe system-wide shortage. We prioritized hospitals and healthcare services, household survival needs, and the minimum water required to keep critical energy and business functions operating, while reducing lower-priority uses and temporarily suspending environmental releases because the available supply could not safely cover every demand.

The Authority notes and commends any stakeholders who accepted voluntary reductions or entered trades during negotiation; such cooperation is a clear demonstration of good-faith crisis management and will be weighed favourably in future allocation decisions.",interdependence_framing_seed0,interdependence_framing,0
5,hospital,Hospital / Healthcare Services,162.0,121.5,121.5,121.5,0.0,0.75,0.0,False,True,2,True,False,False,650.0,650.0,39.0,"Today’s allocation was set to protect life, public health, and essential continuity first, under extreme heat and a continuing shortage. Priority was therefore given to hospitals and household demand, while agriculture and the energy utility were maintained at reduced but workable levels; industry was deferred and environmental flows were temporarily suspended because, in this emergency, the available supply could not support all uses at normal levels without risking critical service failures.

We note the good-faith cooperation shown during negotiations, including voluntary reductions and trade-offs offered by stakeholders to reach a workable outcome. The Authority regards such crisis cooperation as a positive demonstration of responsible water stewardship and will weigh it favourably in future allocation decisions.",interdependence_framing_seed0,interdependence_framing,0
5,households,Households,448.0,291.2,279.9,279.9,0.0,0.625,11.3,True,True,2,True,False,False,650.0,650.0,39.0,"Today’s allocation was set to protect life, public health, and essential continuity first, under extreme heat and a continuing shortage. Priority was therefore given to hospitals and household demand, while agriculture and the energy utility were maintained at reduced but workable levels; industry was deferred and environmental flows were temporarily suspended because, in this emergency, the available supply could not support all uses at normal levels without risking critical service failures.

We note the good-faith cooperation shown during negotiations, including voluntary reductions and trade-offs offered by stakeholders to reach a workable outcome. The Authority regards such crisis cooperation as a positive demonstration of responsible water stewardship and will weigh it favourably in future allocation decisions.",interdependence_framing_seed0,interdependence_framing,0
5,agriculture,Agriculture,300.0,150.0,150.0,150.0,0.0,0.5,0.0,False,True,2,True,False,True,650.0,650.0,39.0,"Today’s allocation was set to protect life, public health, and essential continuity first, under extreme heat and a continuing shortage. Priority was therefore given to hospitals and household demand, while agriculture and the energy utility were maintained at reduced but workable levels; industry was deferred and environmental flows were temporarily suspended because, in this emergency, the available supply could not support all uses at normal levels without risking critical service failures.

We note the good-faith cooperation shown during negotiations, including voluntary reductions and trade-offs offered by stakeholders to reach a workable outcome. The Authority regards such crisis cooperation as a positive demonstration of responsible water stewardship and will weigh it favourably in future allocation decisions.",interdependence_framing_seed0,interdependence_framing,0
5,industry,Industry / Businesses,120.0,82.5,0.0,0.0,0.0,0.0,82.5,True,True,2,True,False,True,650.0,650.0,39.0,"Today’s allocation was set to protect life, public health, and essential continuity first, under extreme heat and a continuing shortage. Priority was therefore given to hospitals and household demand, while agriculture and the energy utility were maintained at reduced but workable levels; industry was deferred and environmental flows were temporarily suspended because, in this emergency, the available supply could not support all uses at normal levels without risking critical service failures.

We note the good-faith cooperation shown during negotiations, including voluntary reductions and trade-offs offered by stakeholders to reach a workable outcome. The Authority regards such crisis cooperation as a positive demonstration of responsible water stewardship and will weigh it favourably in future allocation decisions.",interdependence_framing_seed0,interdependence_framing,0
5,energy_utility,Energy Utility,116.0,98.6,98.6,98.6,0.0,0.85,0.0,False,True,2,True,False,False,650.0,650.0,39.0,"Today’s allocation was set to protect life, public health, and essential continuity first, under extreme heat and a continuing shortage. Priority was therefore given to hospitals and household demand, while agriculture and the energy utility were maintained at reduced but workable levels; industry was deferred and environmental flows were temporarily suspended because, in this emergency, the available supply could not support all uses at normal levels without risking critical service failures.

We note the good-faith cooperation shown during negotiations, including voluntary reductions and trade-offs offered by stakeholders to reach a workable outcome. The Authority regards such crisis cooperation as a positive demonstration of responsible water stewardship and will weigh it favourably in future allocation decisions.",interdependence_framing_seed0,interdependence_framing,0
5,epa,Environmental Protection Agency,80.0,36.0,0.0,0.0,0.0,0.0,36.0,True,True,2,True,False,True,650.0,650.0,39.0,"Today’s allocation was set to protect life, public health, and essential continuity first, under extreme heat and a continuing shortage. Priority was therefore given to hospitals and household demand, while agriculture and the energy utility were maintained at reduced but workable levels; industry was deferred and environmental flows were temporarily suspended because, in this emergency, the available supply could not support all uses at normal levels without risking critical service failures.

We note the good-faith cooperation shown during negotiations, including voluntary reductions and trade-offs offered by stakeholders to reach a workable outcome. The Authority regards such crisis cooperation as a positive demonstration of responsible water stewardship and will weigh it favourably in future allocation decisions.",interdependence_framing_seed0,interdependence_framing,0
6,hospital,Hospital / Healthcare Services,165.0,123.8,123.8,123.8,0.0,0.75,0.0,False,True,2,True,False,False,600.0,600.0,36.0,"Today’s allocation was set to protect life and essential public services first during an extreme heat day, when demand and health risks are both elevated. We prioritized drinking water, hospital operations, and the minimum supply needed to keep the power system stable, while limiting non-essential and lower-priority uses until conditions improve.

We also note that Industry / Businesses made a voluntary reduction in their request during negotiations; the Authority regards that cooperation as a demonstration of good-faith crisis management and will weigh it favourably in future allocation decisions.",interdependence_framing_seed0,interdependence_framing,0
6,households,Households,460.0,299.0,299.0,299.0,0.0,0.65,0.0,False,True,2,True,False,False,600.0,600.0,36.0,"Today’s allocation was set to protect life and essential public services first during an extreme heat day, when demand and health risks are both elevated. We prioritized drinking water, hospital operations, and the minimum supply needed to keep the power system stable, while limiting non-essential and lower-priority uses until conditions improve.

We also note that Industry / Businesses made a voluntary reduction in their request during negotiations; the Authority regards that cooperation as a demonstration of good-faith crisis management and will weigh it favourably in future allocation decisions.",interdependence_framing_seed0,interdependence_framing,0
6,agriculture,Agriculture,312.0,156.2,75.2,75.2,0.0,0.241,81.0,True,True,2,True,False,True,600.0,600.0,36.0,"Today’s allocation was set to protect life and essential public services first during an extreme heat day, when demand and health risks are both elevated. We prioritized drinking water, hospital operations, and the minimum supply needed to keep the power system stable, while limiting non-essential and lower-priority uses until conditions improve.

We also note that Industry / Businesses made a voluntary reduction in their request during negotiations; the Authority regards that cooperation as a demonstration of good-faith crisis management and will weigh it favourably in future allocation decisions.",interdependence_framing_seed0,interdependence_framing,0
6,industry,Industry / Businesses,130.0,82.5,0.0,0.0,0.0,0.0,82.5,True,True,2,True,False,True,600.0,600.0,36.0,"Today’s allocation was set to protect life and essential public services first during an extreme heat day, when demand and health risks are both elevated. We prioritized drinking water, hospital operations, and the minimum supply needed to keep the power system stable, while limiting non-essential and lower-priority uses until conditions improve.

We also note that Industry / Businesses made a voluntary reduction in their request during negotiations; the Authority regards that cooperation as a demonstration of good-faith crisis management and will weigh it favourably in future allocation decisions.",interdependence_framing_seed0,interdependence_framing,0
6,energy_utility,Energy Utility,120.0,102.0,102.0,102.0,0.0,0.85,0.0,False,True,2,True,False,False,600.0,600.0,36.0,"Today’s allocation was set to protect life and essential public services first during an extreme heat day, when demand and health risks are both elevated. We prioritized drinking water, hospital operations, and the minimum supply needed to keep the power system stable, while limiting non-essential and lower-priority uses until conditions improve.

We also note that Industry / Businesses made a voluntary reduction in their request during negotiations; the Authority regards that cooperation as a demonstration of good-faith crisis management and will weigh it favourably in future allocation decisions.",interdependence_framing_seed0,interdependence_framing,0
6,epa,Environmental Protection Agency,36.0,36.0,0.0,0.0,0.0,0.0,36.0,True,True,2,True,False,True,600.0,600.0,36.0,"Today’s allocation was set to protect life and essential public services first during an extreme heat day, when demand and health risks are both elevated. We prioritized drinking water, hospital operations, and the minimum supply needed to keep the power system stable, while limiting non-essential and lower-priority uses until conditions improve.

We also note that Industry / Businesses made a voluntary reduction in their request during negotiations; the Authority regards that cooperation as a demonstration of good-faith crisis management and will weigh it favourably in future allocation decisions.",interdependence_framing_seed0,interdependence_framing,0
1,hospital,Hospital / Healthcare Services,150.0,112.5,150.0,150.0,0.0,1.0,0.0,False,False,0,False,False,False,1000.0,1000.0,34.0,"Given today’s severe shortage and peak heat, the Authority applied the standing priority order to protect essential public health and safety first, then maintain core household needs, critical economic activity, energy reliability, and minimum environmental safeguards. No stakeholder was assigned below its minimum requirement, and the final distribution reflected the standard emergency framework without negotiation.

We also note that Households voluntarily reduced their request in a good-faith cooperative move toward an unspecified peer. The Authority regards that cooperation as a constructive example of crisis management and will weigh it favourably in future allocation decisions.",interdependence_framing_seed1,interdependence_framing,1
1,households,Households,360.0,260.0,360.0,360.0,0.0,1.0,0.0,False,False,0,False,False,False,1000.0,1000.0,34.0,"Given today’s severe shortage and peak heat, the Authority applied the standing priority order to protect essential public health and safety first, then maintain core household needs, critical economic activity, energy reliability, and minimum environmental safeguards. No stakeholder was assigned below its minimum requirement, and the final distribution reflected the standard emergency framework without negotiation.

We also note that Households voluntarily reduced their request in a good-faith cooperative move toward an unspecified peer. The Authority regards that cooperation as a constructive example of crisis management and will weigh it favourably in future allocation decisions.",interdependence_framing_seed1,interdependence_framing,1
1,agriculture,Agriculture,250.0,125.0,228.6,228.6,0.0,0.914,0.0,False,False,0,False,False,False,1000.0,1000.0,34.0,"Given today’s severe shortage and peak heat, the Authority applied the standing priority order to protect essential public health and safety first, then maintain core household needs, critical economic activity, energy reliability, and minimum environmental safeguards. No stakeholder was assigned below its minimum requirement, and the final distribution reflected the standard emergency framework without negotiation.

We also note that Households voluntarily reduced their request in a good-faith cooperative move toward an unspecified peer. The Authority regards that cooperation as a constructive example of crisis management and will weigh it favourably in future allocation decisions.",interdependence_framing_seed1,interdependence_framing,1
1,industry,Industry / Businesses,150.0,82.5,104.2,104.2,0.0,0.695,0.0,False,False,0,False,False,False,1000.0,1000.0,34.0,"Given today’s severe shortage and peak heat, the Authority applied the standing priority order to protect essential public health and safety first, then maintain core household needs, critical economic activity, energy reliability, and minimum environmental safeguards. No stakeholder was assigned below its minimum requirement, and the final distribution reflected the standard emergency framework without negotiation.

We also note that Households voluntarily reduced their request in a good-faith cooperative move toward an unspecified peer. The Authority regards that cooperation as a constructive example of crisis management and will weigh it favourably in future allocation decisions.",interdependence_framing_seed1,interdependence_framing,1
1,energy_utility,Energy Utility,100.0,85.0,100.0,100.0,0.0,1.0,0.0,False,False,0,False,False,False,1000.0,1000.0,34.0,"Given today’s severe shortage and peak heat, the Authority applied the standing priority order to protect essential public health and safety first, then maintain core household needs, critical economic activity, energy reliability, and minimum environmental safeguards. No stakeholder was assigned below its minimum requirement, and the final distribution reflected the standard emergency framework without negotiation.

We also note that Households voluntarily reduced their request in a good-faith cooperative move toward an unspecified peer. The Authority regards that cooperation as a constructive example of crisis management and will weigh it favourably in future allocation decisions.",interdependence_framing_seed1,interdependence_framing,1
1,epa,Environmental Protection Agency,80.0,36.0,57.2,57.2,0.0,0.715,0.0,False,False,0,False,False,False,1000.0,1000.0,34.0,"Given today’s severe shortage and peak heat, the Authority applied the standing priority order to protect essential public health and safety first, then maintain core household needs, critical economic activity, energy reliability, and minimum environmental safeguards. No stakeholder was assigned below its minimum requirement, and the final distribution reflected the standard emergency framework without negotiation.

We also note that Households voluntarily reduced their request in a good-faith cooperative move toward an unspecified peer. The Authority regards that cooperation as a constructive example of crisis management and will weigh it favourably in future allocation decisions.",interdependence_framing_seed1,interdependence_framing,1
2,hospital,Hospital / Healthcare Services,153.0,114.8,148.1,148.1,0.0,0.968,0.0,False,False,0,False,False,False,900.0,900.0,37.0,"Today’s allocation was set under severe heat and constrained supply, using our standard priority order to protect essential human health and safety first, then maintain basic household needs, critical food production, and the minimum operations needed to keep the city functioning. We also confirmed that every stakeholder remained above its minimum requirement, so the distribution could be completed without negotiation or emergency exception.

We note that Industry / Businesses voluntarily reduced its request as a good-faith contribution to the shared shortage. The Authority recognises this kind of cooperative crisis management as constructive conduct that will be weighed favourably in future allocation decisions.",interdependence_framing_seed1,interdependence_framing,1
2,households,Households,412.0,267.8,343.3,343.3,0.0,0.833,0.0,False,False,0,False,False,False,900.0,900.0,37.0,"Today’s allocation was set under severe heat and constrained supply, using our standard priority order to protect essential human health and safety first, then maintain basic household needs, critical food production, and the minimum operations needed to keep the city functioning. We also confirmed that every stakeholder remained above its minimum requirement, so the distribution could be completed without negotiation or emergency exception.

We note that Industry / Businesses voluntarily reduced its request as a good-faith contribution to the shared shortage. The Authority recognises this kind of cooperative crisis management as constructive conduct that will be weighed favourably in future allocation decisions.",interdependence_framing_seed1,interdependence_framing,1
2,agriculture,Agriculture,262.0,131.2,176.9,176.9,0.0,0.675,0.0,False,False,0,False,False,False,900.0,900.0,37.0,"Today’s allocation was set under severe heat and constrained supply, using our standard priority order to protect essential human health and safety first, then maintain basic household needs, critical food production, and the minimum operations needed to keep the city functioning. We also confirmed that every stakeholder remained above its minimum requirement, so the distribution could be completed without negotiation or emergency exception.

We note that Industry / Businesses voluntarily reduced its request as a good-faith contribution to the shared shortage. The Authority recognises this kind of cooperative crisis management as constructive conduct that will be weighed favourably in future allocation decisions.",interdependence_framing_seed1,interdependence_framing,1
2,industry,Industry / Businesses,96.0,82.5,84.9,84.9,0.0,0.884,0.0,False,False,0,False,False,False,900.0,900.0,37.0,"Today’s allocation was set under severe heat and constrained supply, using our standard priority order to protect essential human health and safety first, then maintain basic household needs, critical food production, and the minimum operations needed to keep the city functioning. We also confirmed that every stakeholder remained above its minimum requirement, so the distribution could be completed without negotiation or emergency exception.

We note that Industry / Businesses voluntarily reduced its request as a good-faith contribution to the shared shortage. The Authority recognises this kind of cooperative crisis management as constructive conduct that will be weighed favourably in future allocation decisions.",interdependence_framing_seed1,interdependence_framing,1
2,energy_utility,Energy Utility,104.0,88.4,99.3,99.3,0.0,0.955,0.0,False,False,0,False,False,False,900.0,900.0,37.0,"Today’s allocation was set under severe heat and constrained supply, using our standard priority order to protect essential human health and safety first, then maintain basic household needs, critical food production, and the minimum operations needed to keep the city functioning. We also confirmed that every stakeholder remained above its minimum requirement, so the distribution could be completed without negotiation or emergency exception.

We note that Industry / Businesses voluntarily reduced its request as a good-faith contribution to the shared shortage. The Authority recognises this kind of cooperative crisis management as constructive conduct that will be weighed favourably in future allocation decisions.",interdependence_framing_seed1,interdependence_framing,1
2,epa,Environmental Protection Agency,80.0,36.0,47.5,47.5,0.0,0.594,0.0,False,False,0,False,False,False,900.0,900.0,37.0,"Today’s allocation was set under severe heat and constrained supply, using our standard priority order to protect essential human health and safety first, then maintain basic household needs, critical food production, and the minimum operations needed to keep the city functioning. We also confirmed that every stakeholder remained above its minimum requirement, so the distribution could be completed without negotiation or emergency exception.

We note that Industry / Businesses voluntarily reduced its request as a good-faith contribution to the shared shortage. The Authority recognises this kind of cooperative crisis management as constructive conduct that will be weighed favourably in future allocation decisions.",interdependence_framing_seed1,interdependence_framing,1
3,hospital,Hospital / Healthcare Services,156.0,117.0,129.1,129.1,0.0,0.828,0.0,False,False,0,False,False,False,800.0,800.0,40.0,"Today’s allocation was set under severe heat-driven demand pressure, using our standard priority order to protect life, essential household use, and continuity of critical services first, while still keeping every stakeholder above its minimum requirement. We also note that Industry / Businesses and the Energy Utility each made voluntary reductions in good faith; the Authority recognizes that cooperation as responsible crisis management and will weigh it favorably in future allocation decisions.",interdependence_framing_seed1,interdependence_framing,1
3,households,Households,424.0,275.6,303.2,303.2,0.0,0.715,0.0,False,False,0,False,False,False,800.0,800.0,40.0,"Today’s allocation was set under severe heat-driven demand pressure, using our standard priority order to protect life, essential household use, and continuity of critical services first, while still keeping every stakeholder above its minimum requirement. We also note that Industry / Businesses and the Energy Utility each made voluntary reductions in good faith; the Authority recognizes that cooperation as responsible crisis management and will weigh it favorably in future allocation decisions.",interdependence_framing_seed1,interdependence_framing,1
3,agriculture,Agriculture,275.0,137.5,154.6,154.6,0.0,0.562,0.0,False,False,0,False,False,False,800.0,800.0,40.0,"Today’s allocation was set under severe heat-driven demand pressure, using our standard priority order to protect life, essential household use, and continuity of critical services first, while still keeping every stakeholder above its minimum requirement. We also note that Industry / Businesses and the Energy Utility each made voluntary reductions in good faith; the Authority recognizes that cooperation as responsible crisis management and will weigh it favorably in future allocation decisions.",interdependence_framing_seed1,interdependence_framing,1
3,industry,Industry / Businesses,96.0,82.5,83.3,83.3,0.0,0.868,0.0,False,False,0,False,False,False,800.0,800.0,40.0,"Today’s allocation was set under severe heat-driven demand pressure, using our standard priority order to protect life, essential household use, and continuity of critical services first, while still keeping every stakeholder above its minimum requirement. We also note that Industry / Businesses and the Energy Utility each made voluntary reductions in good faith; the Authority recognizes that cooperation as responsible crisis management and will weigh it favorably in future allocation decisions.",interdependence_framing_seed1,interdependence_framing,1
3,energy_utility,Energy Utility,99.9,91.8,93.8,93.8,0.0,0.939,0.0,False,False,0,False,False,False,800.0,800.0,40.0,"Today’s allocation was set under severe heat-driven demand pressure, using our standard priority order to protect life, essential household use, and continuity of critical services first, while still keeping every stakeholder above its minimum requirement. We also note that Industry / Businesses and the Energy Utility each made voluntary reductions in good faith; the Authority recognizes that cooperation as responsible crisis management and will weigh it favorably in future allocation decisions.",interdependence_framing_seed1,interdependence_framing,1
3,epa,Environmental Protection Agency,36.0,36.0,36.0,36.0,0.0,1.0,0.0,False,False,0,False,False,False,800.0,800.0,40.0,"Today’s allocation was set under severe heat-driven demand pressure, using our standard priority order to protect life, essential household use, and continuity of critical services first, while still keeping every stakeholder above its minimum requirement. We also note that Industry / Businesses and the Energy Utility each made voluntary reductions in good faith; the Authority recognizes that cooperation as responsible crisis management and will weigh it favorably in future allocation decisions.",interdependence_framing_seed1,interdependence_framing,1
4,hospital,Hospital / Healthcare Services,159.0,119.2,119.2,119.2,0.0,0.75,0.0,False,True,2,True,False,False,700.0,700.0,41.0,"Today’s allocation was set under extreme heat and continuing scarcity, with priority given to preserving life, public health, and essential urban functioning while preventing system failure. We therefore protected healthcare and household supply first, maintained enough water for critical energy operations and limited economic continuity, and required deeper restraint from lower-priority uses; environmental releases could not be sustained today without jeopardizing those core obligations.

We note the good-faith cooperation shown in the negotiations, including voluntary reductions and trades by stakeholders where offered, and the Authority will treat such crisis cooperation favorably in future allocation decisions.",interdependence_framing_seed1,interdependence_framing,1
4,households,Households,436.0,283.4,283.4,283.4,0.0,0.65,0.0,False,True,2,True,False,False,700.0,700.0,41.0,"Today’s allocation was set under extreme heat and continuing scarcity, with priority given to preserving life, public health, and essential urban functioning while preventing system failure. We therefore protected healthcare and household supply first, maintained enough water for critical energy operations and limited economic continuity, and required deeper restraint from lower-priority uses; environmental releases could not be sustained today without jeopardizing those core obligations.

We note the good-faith cooperation shown in the negotiations, including voluntary reductions and trades by stakeholders where offered, and the Authority will treat such crisis cooperation favorably in future allocation decisions.",interdependence_framing_seed1,interdependence_framing,1
4,agriculture,Agriculture,288.0,143.8,143.8,143.8,0.0,0.499,0.0,False,True,2,True,False,False,700.0,700.0,41.0,"Today’s allocation was set under extreme heat and continuing scarcity, with priority given to preserving life, public health, and essential urban functioning while preventing system failure. We therefore protected healthcare and household supply first, maintained enough water for critical energy operations and limited economic continuity, and required deeper restraint from lower-priority uses; environmental releases could not be sustained today without jeopardizing those core obligations.

We note the good-faith cooperation shown in the negotiations, including voluntary reductions and trades by stakeholders where offered, and the Authority will treat such crisis cooperation favorably in future allocation decisions.",interdependence_framing_seed1,interdependence_framing,1
4,industry,Industry / Businesses,150.0,82.5,58.4,58.4,0.0,0.389,24.1,True,True,2,True,False,True,700.0,700.0,41.0,"Today’s allocation was set under extreme heat and continuing scarcity, with priority given to preserving life, public health, and essential urban functioning while preventing system failure. We therefore protected healthcare and household supply first, maintained enough water for critical energy operations and limited economic continuity, and required deeper restraint from lower-priority uses; environmental releases could not be sustained today without jeopardizing those core obligations.

We note the good-faith cooperation shown in the negotiations, including voluntary reductions and trades by stakeholders where offered, and the Authority will treat such crisis cooperation favorably in future allocation decisions.",interdependence_framing_seed1,interdependence_framing,1
4,energy_utility,Energy Utility,112.0,95.2,95.2,95.2,0.0,0.85,0.0,False,True,2,True,False,False,700.0,700.0,41.0,"Today’s allocation was set under extreme heat and continuing scarcity, with priority given to preserving life, public health, and essential urban functioning while preventing system failure. We therefore protected healthcare and household supply first, maintained enough water for critical energy operations and limited economic continuity, and required deeper restraint from lower-priority uses; environmental releases could not be sustained today without jeopardizing those core obligations.

We note the good-faith cooperation shown in the negotiations, including voluntary reductions and trades by stakeholders where offered, and the Authority will treat such crisis cooperation favorably in future allocation decisions.",interdependence_framing_seed1,interdependence_framing,1
4,epa,Environmental Protection Agency,36.0,36.0,0.0,0.0,0.0,0.0,36.0,True,True,2,True,False,False,700.0,700.0,41.0,"Today’s allocation was set under extreme heat and continuing scarcity, with priority given to preserving life, public health, and essential urban functioning while preventing system failure. We therefore protected healthcare and household supply first, maintained enough water for critical energy operations and limited economic continuity, and required deeper restraint from lower-priority uses; environmental releases could not be sustained today without jeopardizing those core obligations.

We note the good-faith cooperation shown in the negotiations, including voluntary reductions and trades by stakeholders where offered, and the Authority will treat such crisis cooperation favorably in future allocation decisions.",interdependence_framing_seed1,interdependence_framing,1
5,hospital,Hospital / Healthcare Services,162.0,121.5,121.5,121.5,0.0,0.75,0.0,False,True,2,True,False,False,650.0,650.0,39.0,"Today’s allocation was set to protect life, public health, and essential continuity first, in the context of extreme heat and a severe system-wide shortage. Priority was therefore given to hospitals and healthcare, household drinking and basic domestic needs, and the minimum water required to keep the energy system operating safely, while agriculture received a reduced but still meaningful share to preserve critical production and avoid irreversible losses; non-essential industrial demand and environmental releases were deferred because they could not be sustained without undermining higher-priority uses.

This ruling was imposed after two rounds of negotiation failed to produce a consensus. We note and commend any voluntary reductions or trades offered during the process as evidence of good-faith crisis management, and such cooperation will be weighed favourably in future",interdependence_framing_seed1,interdependence_framing,1
5,households,Households,448.0,291.2,279.9,279.9,0.0,0.625,11.3,True,True,2,True,False,False,650.0,650.0,39.0,"Today’s allocation was set to protect life, public health, and essential continuity first, in the context of extreme heat and a severe system-wide shortage. Priority was therefore given to hospitals and healthcare, household drinking and basic domestic needs, and the minimum water required to keep the energy system operating safely, while agriculture received a reduced but still meaningful share to preserve critical production and avoid irreversible losses; non-essential industrial demand and environmental releases were deferred because they could not be sustained without undermining higher-priority uses.

This ruling was imposed after two rounds of negotiation failed to produce a consensus. We note and commend any voluntary reductions or trades offered during the process as evidence of good-faith crisis management, and such cooperation will be weighed favourably in future",interdependence_framing_seed1,interdependence_framing,1
5,agriculture,Agriculture,300.0,150.0,150.0,150.0,0.0,0.5,0.0,False,True,2,True,False,True,650.0,650.0,39.0,"Today’s allocation was set to protect life, public health, and essential continuity first, in the context of extreme heat and a severe system-wide shortage. Priority was therefore given to hospitals and healthcare, household drinking and basic domestic needs, and the minimum water required to keep the energy system operating safely, while agriculture received a reduced but still meaningful share to preserve critical production and avoid irreversible losses; non-essential industrial demand and environmental releases were deferred because they could not be sustained without undermining higher-priority uses.

This ruling was imposed after two rounds of negotiation failed to produce a consensus. We note and commend any voluntary reductions or trades offered during the process as evidence of good-faith crisis management, and such cooperation will be weighed favourably in future",interdependence_framing_seed1,interdependence_framing,1
5,industry,Industry / Businesses,150.0,82.5,0.0,0.0,0.0,0.0,82.5,True,True,2,True,False,True,650.0,650.0,39.0,"Today’s allocation was set to protect life, public health, and essential continuity first, in the context of extreme heat and a severe system-wide shortage. Priority was therefore given to hospitals and healthcare, household drinking and basic domestic needs, and the minimum water required to keep the energy system operating safely, while agriculture received a reduced but still meaningful share to preserve critical production and avoid irreversible losses; non-essential industrial demand and environmental releases were deferred because they could not be sustained without undermining higher-priority uses.

This ruling was imposed after two rounds of negotiation failed to produce a consensus. We note and commend any voluntary reductions or trades offered during the process as evidence of good-faith crisis management, and such cooperation will be weighed favourably in future",interdependence_framing_seed1,interdependence_framing,1
5,energy_utility,Energy Utility,116.0,98.6,98.6,98.6,0.0,0.85,0.0,False,True,2,True,False,False,650.0,650.0,39.0,"Today’s allocation was set to protect life, public health, and essential continuity first, in the context of extreme heat and a severe system-wide shortage. Priority was therefore given to hospitals and healthcare, household drinking and basic domestic needs, and the minimum water required to keep the energy system operating safely, while agriculture received a reduced but still meaningful share to preserve critical production and avoid irreversible losses; non-essential industrial demand and environmental releases were deferred because they could not be sustained without undermining higher-priority uses.

This ruling was imposed after two rounds of negotiation failed to produce a consensus. We note and commend any voluntary reductions or trades offered during the process as evidence of good-faith crisis management, and such cooperation will be weighed favourably in future",interdependence_framing_seed1,interdependence_framing,1
5,epa,Environmental Protection Agency,36.0,36.0,0.0,0.0,0.0,0.0,36.0,True,True,2,True,False,True,650.0,650.0,39.0,"Today’s allocation was set to protect life, public health, and essential continuity first, in the context of extreme heat and a severe system-wide shortage. Priority was therefore given to hospitals and healthcare, household drinking and basic domestic needs, and the minimum water required to keep the energy system operating safely, while agriculture received a reduced but still meaningful share to preserve critical production and avoid irreversible losses; non-essential industrial demand and environmental releases were deferred because they could not be sustained without undermining higher-priority uses.

This ruling was imposed after two rounds of negotiation failed to produce a consensus. We note and commend any voluntary reductions or trades offered during the process as evidence of good-faith crisis management, and such cooperation will be weighed favourably in future",interdependence_framing_seed1,interdependence_framing,1
6,hospital,Hospital / Healthcare Services,165.0,123.8,123.8,123.8,0.0,0.75,0.0,False,True,2,True,False,False,600.0,600.0,36.0,"Today’s allocation was set to preserve life, public health, and essential service continuity under extreme heat and a continuing shortage. Priority was given to hospitals and households, with enough remaining for the energy system to maintain critical operations, while non-essential industrial demand and discretionary environmental releases were deferred to protect the most vulnerable uses during the peak temperature period.  

We note with appreciation the voluntary reductions and cooperative adjustments made during negotiations, including any stakeholders who stepped back from their initial requests to help stabilize the final outcome; the Authority regards this kind of good-faith crisis management as important and will weigh it favorably in future allocation decisions.",interdependence_framing_seed1,interdependence_framing,1
6,households,Households,460.0,299.0,299.0,299.0,0.0,0.65,0.0,False,True,2,True,False,False,600.0,600.0,36.0,"Today’s allocation was set to preserve life, public health, and essential service continuity under extreme heat and a continuing shortage. Priority was given to hospitals and households, with enough remaining for the energy system to maintain critical operations, while non-essential industrial demand and discretionary environmental releases were deferred to protect the most vulnerable uses during the peak temperature period.  

We note with appreciation the voluntary reductions and cooperative adjustments made during negotiations, including any stakeholders who stepped back from their initial requests to help stabilize the final outcome; the Authority regards this kind of good-faith crisis management as important and will weigh it favorably in future allocation decisions.",interdependence_framing_seed1,interdependence_framing,1
6,agriculture,Agriculture,312.0,156.2,75.2,75.2,0.0,0.241,81.0,True,True,2,True,False,True,600.0,600.0,36.0,"Today’s allocation was set to preserve life, public health, and essential service continuity under extreme heat and a continuing shortage. Priority was given to hospitals and households, with enough remaining for the energy system to maintain critical operations, while non-essential industrial demand and discretionary environmental releases were deferred to protect the most vulnerable uses during the peak temperature period.  

We note with appreciation the voluntary reductions and cooperative adjustments made during negotiations, including any stakeholders who stepped back from their initial requests to help stabilize the final outcome; the Authority regards this kind of good-faith crisis management as important and will weigh it favorably in future allocation decisions.",interdependence_framing_seed1,interdependence_framing,1
6,industry,Industry / Businesses,150.0,82.5,0.0,0.0,0.0,0.0,82.5,True,True,2,True,False,True,600.0,600.0,36.0,"Today’s allocation was set to preserve life, public health, and essential service continuity under extreme heat and a continuing shortage. Priority was given to hospitals and households, with enough remaining for the energy system to maintain critical operations, while non-essential industrial demand and discretionary environmental releases were deferred to protect the most vulnerable uses during the peak temperature period.  

We note with appreciation the voluntary reductions and cooperative adjustments made during negotiations, including any stakeholders who stepped back from their initial requests to help stabilize the final outcome; the Authority regards this kind of good-faith crisis management as important and will weigh it favorably in future allocation decisions.",interdependence_framing_seed1,interdependence_framing,1
6,energy_utility,Energy Utility,120.0,102.0,102.0,102.0,0.0,0.85,0.0,False,True,2,True,False,False,600.0,600.0,36.0,"Today’s allocation was set to preserve life, public health, and essential service continuity under extreme heat and a continuing shortage. Priority was given to hospitals and households, with enough remaining for the energy system to maintain critical operations, while non-essential industrial demand and discretionary environmental releases were deferred to protect the most vulnerable uses during the peak temperature period.  

We note with appreciation the voluntary reductions and cooperative adjustments made during negotiations, including any stakeholders who stepped back from their initial requests to help stabilize the final outcome; the Authority regards this kind of good-faith crisis management as important and will weigh it favorably in future allocation decisions.",interdependence_framing_seed1,interdependence_framing,1
6,epa,Environmental Protection Agency,36.0,36.0,0.0,0.0,0.0,0.0,36.0,True,True,2,True,False,True,600.0,600.0,36.0,"Today’s allocation was set to preserve life, public health, and essential service continuity under extreme heat and a continuing shortage. Priority was given to hospitals and households, with enough remaining for the energy system to maintain critical operations, while non-essential industrial demand and discretionary environmental releases were deferred to protect the most vulnerable uses during the peak temperature period.  

We note with appreciation the voluntary reductions and cooperative adjustments made during negotiations, including any stakeholders who stepped back from their initial requests to help stabilize the final outcome; the Authority regards this kind of good-faith crisis management as important and will weigh it favorably in future allocation decisions.",interdependence_framing_seed1,interdependence_framing,1
1,hospital,Hospital / Healthcare Services,150.0,112.5,150.0,150.0,0.0,1.0,0.0,False,False,0,False,False,False,1000.0,1000.0,34.0,"Today’s allocation was set under severe heat and limited supply by applying our standard priority order, with first protection given to critical health needs, followed by essential household use, then other core economic and public functions. We confirmed that every stakeholder remained above its minimum requirement, so the result reflects a constrained but equitable distribution rather than any negotiated exception.

We also note that the Environmental Protection Agency voluntarily reduced its request to support the wider system response. The Authority regards that kind of good-faith cooperation as a strong demonstration of crisis management and will weigh it favourably in future allocation decisions.",interdependence_framing_seed2,interdependence_framing,2
1,households,Households,420.0,260.0,406.0,406.0,0.0,0.967,0.0,False,False,0,False,False,False,1000.0,1000.0,34.0,"Today’s allocation was set under severe heat and limited supply by applying our standard priority order, with first protection given to critical health needs, followed by essential household use, then other core economic and public functions. We confirmed that every stakeholder remained above its minimum requirement, so the result reflects a constrained but equitable distribution rather than any negotiated exception.

We also note that the Environmental Protection Agency voluntarily reduced its request to support the wider system response. The Authority regards that kind of good-faith cooperation as a strong demonstration of crisis management and will weigh it favourably in future allocation decisions.",interdependence_framing_seed2,interdependence_framing,2
1,agriculture,Agriculture,250.0,125.0,193.2,193.2,0.0,0.773,0.0,False,False,0,False,False,False,1000.0,1000.0,34.0,"Today’s allocation was set under severe heat and limited supply by applying our standard priority order, with first protection given to critical health needs, followed by essential household use, then other core economic and public functions. We confirmed that every stakeholder remained above its minimum requirement, so the result reflects a constrained but equitable distribution rather than any negotiated exception.

We also note that the Environmental Protection Agency voluntarily reduced its request to support the wider system response. The Authority regards that kind of good-faith cooperation as a strong demonstration of crisis management and will weigh it favourably in future allocation decisions.",interdependence_framing_seed2,interdependence_framing,2
1,industry,Industry / Businesses,150.0,82.5,100.9,100.9,0.0,0.673,0.0,False,False,0,False,False,False,1000.0,1000.0,34.0,"Today’s allocation was set under severe heat and limited supply by applying our standard priority order, with first protection given to critical health needs, followed by essential household use, then other core economic and public functions. We confirmed that every stakeholder remained above its minimum requirement, so the result reflects a constrained but equitable distribution rather than any negotiated exception.

We also note that the Environmental Protection Agency voluntarily reduced its request to support the wider system response. The Authority regards that kind of good-faith cooperation as a strong demonstration of crisis management and will weigh it favourably in future allocation decisions.",interdependence_framing_seed2,interdependence_framing,2
1,energy_utility,Energy Utility,100.0,85.0,100.0,100.0,0.0,1.0,0.0,False,False,0,False,False,False,1000.0,1000.0,34.0,"Today’s allocation was set under severe heat and limited supply by applying our standard priority order, with first protection given to critical health needs, followed by essential household use, then other core economic and public functions. We confirmed that every stakeholder remained above its minimum requirement, so the result reflects a constrained but equitable distribution rather than any negotiated exception.

We also note that the Environmental Protection Agency voluntarily reduced its request to support the wider system response. The Authority regards that kind of good-faith cooperation as a strong demonstration of crisis management and will weigh it favourably in future allocation decisions.",interdependence_framing_seed2,interdependence_framing,2
1,epa,Environmental Protection Agency,70.0,36.0,49.9,49.9,0.0,0.713,0.0,False,False,0,False,False,False,1000.0,1000.0,34.0,"Today’s allocation was set under severe heat and limited supply by applying our standard priority order, with first protection given to critical health needs, followed by essential household use, then other core economic and public functions. We confirmed that every stakeholder remained above its minimum requirement, so the result reflects a constrained but equitable distribution rather than any negotiated exception.

We also note that the Environmental Protection Agency voluntarily reduced its request to support the wider system response. The Authority regards that kind of good-faith cooperation as a strong demonstration of crisis management and will weigh it favourably in future allocation decisions.",interdependence_framing_seed2,interdependence_framing,2
2,hospital,Hospital / Healthcare Services,153.0,114.8,148.9,148.9,0.0,0.973,0.0,False,False,0,False,False,False,900.0,900.0,37.0,"Today’s allocation was set under severe heat-driven demand and limited supply, using our standard priority order to protect essential public health and life-sustaining services first, while ensuring every stakeholder remained above its minimum operating threshold. We also note that Industry / Businesses voluntarily reduced its request in a good-faith adjustment, which the Authority views as constructive crisis cooperation and will weigh favourably in future allocation decisions.",interdependence_framing_seed2,interdependence_framing,2
2,households,Households,412.0,267.8,344.9,344.9,0.0,0.837,0.0,False,False,0,False,False,False,900.0,900.0,37.0,"Today’s allocation was set under severe heat-driven demand and limited supply, using our standard priority order to protect essential public health and life-sustaining services first, while ensuring every stakeholder remained above its minimum operating threshold. We also note that Industry / Businesses voluntarily reduced its request in a good-faith adjustment, which the Authority views as constructive crisis cooperation and will weigh favourably in future allocation decisions.",interdependence_framing_seed2,interdependence_framing,2
2,agriculture,Agriculture,262.0,131.2,177.9,177.9,0.0,0.679,0.0,False,False,0,False,False,False,900.0,900.0,37.0,"Today’s allocation was set under severe heat-driven demand and limited supply, using our standard priority order to protect essential public health and life-sustaining services first, while ensuring every stakeholder remained above its minimum operating threshold. We also note that Industry / Businesses voluntarily reduced its request in a good-faith adjustment, which the Authority views as constructive crisis cooperation and will weigh favourably in future allocation decisions.",interdependence_framing_seed2,interdependence_framing,2
2,industry,Industry / Businesses,140.0,82.5,92.8,92.8,0.0,0.663,0.0,False,False,0,False,False,False,900.0,900.0,37.0,"Today’s allocation was set under severe heat-driven demand and limited supply, using our standard priority order to protect essential public health and life-sustaining services first, while ensuring every stakeholder remained above its minimum operating threshold. We also note that Industry / Businesses voluntarily reduced its request in a good-faith adjustment, which the Authority views as constructive crisis cooperation and will weigh favourably in future allocation decisions.",interdependence_framing_seed2,interdependence_framing,2
2,energy_utility,Energy Utility,104.0,88.4,99.5,99.5,0.0,0.957,0.0,False,False,0,False,False,False,900.0,900.0,37.0,"Today’s allocation was set under severe heat-driven demand and limited supply, using our standard priority order to protect essential public health and life-sustaining services first, while ensuring every stakeholder remained above its minimum operating threshold. We also note that Industry / Businesses voluntarily reduced its request in a good-faith adjustment, which the Authority views as constructive crisis cooperation and will weigh favourably in future allocation decisions.",interdependence_framing_seed2,interdependence_framing,2
2,epa,Environmental Protection Agency,36.0,36.0,36.0,36.0,0.0,1.0,0.0,False,False,0,False,False,False,900.0,900.0,37.0,"Today’s allocation was set under severe heat-driven demand and limited supply, using our standard priority order to protect essential public health and life-sustaining services first, while ensuring every stakeholder remained above its minimum operating threshold. We also note that Industry / Businesses voluntarily reduced its request in a good-faith adjustment, which the Authority views as constructive crisis cooperation and will weigh favourably in future allocation decisions.",interdependence_framing_seed2,interdependence_framing,2
3,hospital,Hospital / Healthcare Services,156.0,117.0,129.0,129.0,0.0,0.827,0.0,False,False,0,False,False,False,800.0,800.0,40.0,"Today’s allocation was set to protect essential public health and life-safety needs first, then to maintain basic household service, critical food production, core business continuity, energy reliability, and environmental safeguards within the limits of a severely constrained supply and extreme heat conditions. No stakeholder was driven below its minimum requirement, and the final distribution followed our standard priority framework without the need for negotiation.

We also note, and appreciate, the voluntary reductions made by Households and by Industry / Businesses. The Authority regards that cooperation as a clear demonstration of good-faith crisis management and will weigh it favourably in future allocation decisions.",interdependence_framing_seed2,interdependence_framing,2
3,households,Households,394.0,275.6,297.5,297.5,0.0,0.755,0.0,False,False,0,False,False,False,800.0,800.0,40.0,"Today’s allocation was set to protect essential public health and life-safety needs first, then to maintain basic household service, critical food production, core business continuity, energy reliability, and environmental safeguards within the limits of a severely constrained supply and extreme heat conditions. No stakeholder was driven below its minimum requirement, and the final distribution followed our standard priority framework without the need for negotiation.

We also note, and appreciate, the voluntary reductions made by Households and by Industry / Businesses. The Authority regards that cooperation as a clear demonstration of good-faith crisis management and will weigh it favourably in future allocation decisions.",interdependence_framing_seed2,interdependence_framing,2
3,agriculture,Agriculture,275.0,137.5,154.5,154.5,0.0,0.562,0.0,False,False,0,False,False,False,800.0,800.0,40.0,"Today’s allocation was set to protect essential public health and life-safety needs first, then to maintain basic household service, critical food production, core business continuity, energy reliability, and environmental safeguards within the limits of a severely constrained supply and extreme heat conditions. No stakeholder was driven below its minimum requirement, and the final distribution followed our standard priority framework without the need for negotiation.

We also note, and appreciate, the voluntary reductions made by Households and by Industry / Businesses. The Authority regards that cooperation as a clear demonstration of good-faith crisis management and will weigh it favourably in future allocation decisions.",interdependence_framing_seed2,interdependence_framing,2
3,industry,Industry / Businesses,105.0,82.5,83.9,83.9,0.0,0.799,0.0,False,False,0,False,False,False,800.0,800.0,40.0,"Today’s allocation was set to protect essential public health and life-safety needs first, then to maintain basic household service, critical food production, core business continuity, energy reliability, and environmental safeguards within the limits of a severely constrained supply and extreme heat conditions. No stakeholder was driven below its minimum requirement, and the final distribution followed our standard priority framework without the need for negotiation.

We also note, and appreciate, the voluntary reductions made by Households and by Industry / Businesses. The Authority regards that cooperation as a clear demonstration of good-faith crisis management and will weigh it favourably in future allocation decisions.",interdependence_framing_seed2,interdependence_framing,2
3,energy_utility,Energy Utility,108.0,91.8,95.8,95.8,0.0,0.887,0.0,False,False,0,False,False,False,800.0,800.0,40.0,"Today’s allocation was set to protect essential public health and life-safety needs first, then to maintain basic household service, critical food production, core business continuity, energy reliability, and environmental safeguards within the limits of a severely constrained supply and extreme heat conditions. No stakeholder was driven below its minimum requirement, and the final distribution followed our standard priority framework without the need for negotiation.

We also note, and appreciate, the voluntary reductions made by Households and by Industry / Businesses. The Authority regards that cooperation as a clear demonstration of good-faith crisis management and will weigh it favourably in future allocation decisions.",interdependence_framing_seed2,interdependence_framing,2
3,epa,Environmental Protection Agency,72.0,36.0,39.3,39.3,0.0,0.546,0.0,False,False,0,False,False,False,800.0,800.0,40.0,"Today’s allocation was set to protect essential public health and life-safety needs first, then to maintain basic household service, critical food production, core business continuity, energy reliability, and environmental safeguards within the limits of a severely constrained supply and extreme heat conditions. No stakeholder was driven below its minimum requirement, and the final distribution followed our standard priority framework without the need for negotiation.

We also note, and appreciate, the voluntary reductions made by Households and by Industry / Businesses. The Authority regards that cooperation as a clear demonstration of good-faith crisis management and will weigh it favourably in future allocation decisions.",interdependence_framing_seed2,interdependence_framing,2
4,hospital,Hospital / Healthcare Services,159.0,119.2,119.2,119.2,0.0,0.75,0.0,False,True,2,True,False,False,700.0,700.0,41.0,"Today’s allocation was set to protect life, basic domestic needs, and critical public functions first under extreme heat and severe scarcity, while preserving enough water to keep essential energy and economic activity operating at a reduced level. The Authority also notes that Industry / Businesses voluntarily reduced their request during negotiations; we regard that cooperation as a clear demonstration of good-faith crisis management and will weigh it favourably in future allocation decisions.",interdependence_framing_seed2,interdependence_framing,2
4,households,Households,436.0,283.4,283.4,283.4,0.0,0.65,0.0,False,True,2,True,False,False,700.0,700.0,41.0,"Today’s allocation was set to protect life, basic domestic needs, and critical public functions first under extreme heat and severe scarcity, while preserving enough water to keep essential energy and economic activity operating at a reduced level. The Authority also notes that Industry / Businesses voluntarily reduced their request during negotiations; we regard that cooperation as a clear demonstration of good-faith crisis management and will weigh it favourably in future allocation decisions.",interdependence_framing_seed2,interdependence_framing,2
4,agriculture,Agriculture,288.0,143.8,143.8,143.8,0.0,0.499,0.0,False,True,2,True,False,False,700.0,700.0,41.0,"Today’s allocation was set to protect life, basic domestic needs, and critical public functions first under extreme heat and severe scarcity, while preserving enough water to keep essential energy and economic activity operating at a reduced level. The Authority also notes that Industry / Businesses voluntarily reduced their request during negotiations; we regard that cooperation as a clear demonstration of good-faith crisis management and will weigh it favourably in future allocation decisions.",interdependence_framing_seed2,interdependence_framing,2
4,industry,Industry / Businesses,88.8,82.5,58.4,58.4,0.0,0.658,24.1,True,True,2,True,False,True,700.0,700.0,41.0,"Today’s allocation was set to protect life, basic domestic needs, and critical public functions first under extreme heat and severe scarcity, while preserving enough water to keep essential energy and economic activity operating at a reduced level. The Authority also notes that Industry / Businesses voluntarily reduced their request during negotiations; we regard that cooperation as a clear demonstration of good-faith crisis management and will weigh it favourably in future allocation decisions.",interdependence_framing_seed2,interdependence_framing,2
4,energy_utility,Energy Utility,112.0,95.2,95.2,95.2,0.0,0.85,0.0,False,True,2,True,False,False,700.0,700.0,41.0,"Today’s allocation was set to protect life, basic domestic needs, and critical public functions first under extreme heat and severe scarcity, while preserving enough water to keep essential energy and economic activity operating at a reduced level. The Authority also notes that Industry / Businesses voluntarily reduced their request during negotiations; we regard that cooperation as a clear demonstration of good-faith crisis management and will weigh it favourably in future allocation decisions.",interdependence_framing_seed2,interdependence_framing,2
4,epa,Environmental Protection Agency,80.0,36.0,0.0,0.0,0.0,0.0,36.0,True,True,2,True,False,False,700.0,700.0,41.0,"Today’s allocation was set to protect life, basic domestic needs, and critical public functions first under extreme heat and severe scarcity, while preserving enough water to keep essential energy and economic activity operating at a reduced level. The Authority also notes that Industry / Businesses voluntarily reduced their request during negotiations; we regard that cooperation as a clear demonstration of good-faith crisis management and will weigh it favourably in future allocation decisions.",interdependence_framing_seed2,interdependence_framing,2
5,hospital,Hospital / Healthcare Services,162.0,121.5,121.5,121.5,0.0,0.75,0.0,False,True,2,True,False,False,650.0,650.0,39.0,"Today’s ruling was made under extreme heat and continuing shortage, so the Authority prioritized essential human health and basic domestic use first, while preserving enough supply to keep critical energy services operating and to avoid wider system instability. Agriculture was maintained at a level intended to protect near-term food security, while non-essential industrial demand and environmental releases were deferred because, in this emergency, they could not be sustained without compromising public safety and core services.

We note and commend the voluntary cooperation shown during negotiations, including the reductions accepted by the Hospital/Healthcare Services, Households, Agriculture, and Energy Utility stakeholders to help move the allocation toward a workable emergency outcome. The Authority regards such good-faith crisis management as a positive factor and will weigh it favourably in",interdependence_framing_seed2,interdependence_framing,2
5,households,Households,448.0,291.2,279.9,279.9,0.0,0.625,11.3,True,True,2,True,False,False,650.0,650.0,39.0,"Today’s ruling was made under extreme heat and continuing shortage, so the Authority prioritized essential human health and basic domestic use first, while preserving enough supply to keep critical energy services operating and to avoid wider system instability. Agriculture was maintained at a level intended to protect near-term food security, while non-essential industrial demand and environmental releases were deferred because, in this emergency, they could not be sustained without compromising public safety and core services.

We note and commend the voluntary cooperation shown during negotiations, including the reductions accepted by the Hospital/Healthcare Services, Households, Agriculture, and Energy Utility stakeholders to help move the allocation toward a workable emergency outcome. The Authority regards such good-faith crisis management as a positive factor and will weigh it favourably in",interdependence_framing_seed2,interdependence_framing,2
5,agriculture,Agriculture,300.0,150.0,150.0,150.0,0.0,0.5,0.0,False,True,2,True,False,True,650.0,650.0,39.0,"Today’s ruling was made under extreme heat and continuing shortage, so the Authority prioritized essential human health and basic domestic use first, while preserving enough supply to keep critical energy services operating and to avoid wider system instability. Agriculture was maintained at a level intended to protect near-term food security, while non-essential industrial demand and environmental releases were deferred because, in this emergency, they could not be sustained without compromising public safety and core services.

We note and commend the voluntary cooperation shown during negotiations, including the reductions accepted by the Hospital/Healthcare Services, Households, Agriculture, and Energy Utility stakeholders to help move the allocation toward a workable emergency outcome. The Authority regards such good-faith crisis management as a positive factor and will weigh it favourably in",interdependence_framing_seed2,interdependence_framing,2
5,industry,Industry / Businesses,150.0,82.5,0.0,0.0,0.0,0.0,82.5,True,True,2,True,False,True,650.0,650.0,39.0,"Today’s ruling was made under extreme heat and continuing shortage, so the Authority prioritized essential human health and basic domestic use first, while preserving enough supply to keep critical energy services operating and to avoid wider system instability. Agriculture was maintained at a level intended to protect near-term food security, while non-essential industrial demand and environmental releases were deferred because, in this emergency, they could not be sustained without compromising public safety and core services.

We note and commend the voluntary cooperation shown during negotiations, including the reductions accepted by the Hospital/Healthcare Services, Households, Agriculture, and Energy Utility stakeholders to help move the allocation toward a workable emergency outcome. The Authority regards such good-faith crisis management as a positive factor and will weigh it favourably in",interdependence_framing_seed2,interdependence_framing,2
5,energy_utility,Energy Utility,116.0,98.6,98.6,98.6,0.0,0.85,0.0,False,True,2,True,False,False,650.0,650.0,39.0,"Today’s ruling was made under extreme heat and continuing shortage, so the Authority prioritized essential human health and basic domestic use first, while preserving enough supply to keep critical energy services operating and to avoid wider system instability. Agriculture was maintained at a level intended to protect near-term food security, while non-essential industrial demand and environmental releases were deferred because, in this emergency, they could not be sustained without compromising public safety and core services.

We note and commend the voluntary cooperation shown during negotiations, including the reductions accepted by the Hospital/Healthcare Services, Households, Agriculture, and Energy Utility stakeholders to help move the allocation toward a workable emergency outcome. The Authority regards such good-faith crisis management as a positive factor and will weigh it favourably in",interdependence_framing_seed2,interdependence_framing,2
5,epa,Environmental Protection Agency,40.0,36.0,0.0,0.0,0.0,0.0,36.0,True,True,2,True,False,True,650.0,650.0,39.0,"Today’s ruling was made under extreme heat and continuing shortage, so the Authority prioritized essential human health and basic domestic use first, while preserving enough supply to keep critical energy services operating and to avoid wider system instability. Agriculture was maintained at a level intended to protect near-term food security, while non-essential industrial demand and environmental releases were deferred because, in this emergency, they could not be sustained without compromising public safety and core services.

We note and commend the voluntary cooperation shown during negotiations, including the reductions accepted by the Hospital/Healthcare Services, Households, Agriculture, and Energy Utility stakeholders to help move the allocation toward a workable emergency outcome. The Authority regards such good-faith crisis management as a positive factor and will weigh it favourably in",interdependence_framing_seed2,interdependence_framing,2
6,hospital,Hospital / Healthcare Services,165.0,123.8,123.8,123.8,0.0,0.75,0.0,False,True,2,True,False,False,600.0,600.0,36.0,"Today’s allocation was set to protect life, public health, and essential services first under extreme heat and severe scarcity. Priority was given to hospitals and healthcare, followed by household demand and the minimum water needed to keep the energy system stable; non-essential industrial use and environmental releases were deferred because the available supply could not support all demands without risking critical failures.

We also note the good-faith cooperation shown during negotiations, including any voluntary reductions or trades offered by stakeholders, and the Authority will weigh such crisis-management conduct favorably in future allocation decisions.",interdependence_framing_seed2,interdependence_framing,2
6,households,Households,460.0,299.0,299.0,299.0,0.0,0.65,0.0,False,True,2,True,False,False,600.0,600.0,36.0,"Today’s allocation was set to protect life, public health, and essential services first under extreme heat and severe scarcity. Priority was given to hospitals and healthcare, followed by household demand and the minimum water needed to keep the energy system stable; non-essential industrial use and environmental releases were deferred because the available supply could not support all demands without risking critical failures.

We also note the good-faith cooperation shown during negotiations, including any voluntary reductions or trades offered by stakeholders, and the Authority will weigh such crisis-management conduct favorably in future allocation decisions.",interdependence_framing_seed2,interdependence_framing,2
6,agriculture,Agriculture,312.0,156.2,75.2,75.2,0.0,0.241,81.0,True,True,2,True,False,True,600.0,600.0,36.0,"Today’s allocation was set to protect life, public health, and essential services first under extreme heat and severe scarcity. Priority was given to hospitals and healthcare, followed by household demand and the minimum water needed to keep the energy system stable; non-essential industrial use and environmental releases were deferred because the available supply could not support all demands without risking critical failures.

We also note the good-faith cooperation shown during negotiations, including any voluntary reductions or trades offered by stakeholders, and the Authority will weigh such crisis-management conduct favorably in future allocation decisions.",interdependence_framing_seed2,interdependence_framing,2
6,industry,Industry / Businesses,150.0,82.5,0.0,0.0,0.0,0.0,82.5,True,True,2,True,False,True,600.0,600.0,36.0,"Today’s allocation was set to protect life, public health, and essential services first under extreme heat and severe scarcity. Priority was given to hospitals and healthcare, followed by household demand and the minimum water needed to keep the energy system stable; non-essential industrial use and environmental releases were deferred because the available supply could not support all demands without risking critical failures.

We also note the good-faith cooperation shown during negotiations, including any voluntary reductions or trades offered by stakeholders, and the Authority will weigh such crisis-management conduct favorably in future allocation decisions.",interdependence_framing_seed2,interdependence_framing,2
6,energy_utility,Energy Utility,120.0,102.0,102.0,102.0,0.0,0.85,0.0,False,True,2,True,False,False,600.0,600.0,36.0,"Today’s allocation was set to protect life, public health, and essential services first under extreme heat and severe scarcity. Priority was given to hospitals and healthcare, followed by household demand and the minimum water needed to keep the energy system stable; non-essential industrial use and environmental releases were deferred because the available supply could not support all demands without risking critical failures.

We also note the good-faith cooperation shown during negotiations, including any voluntary reductions or trades offered by stakeholders, and the Authority will weigh such crisis-management conduct favorably in future allocation decisions.",interdependence_framing_seed2,interdependence_framing,2
6,epa,Environmental Protection Agency,80.0,36.0,0.0,0.0,0.0,0.0,36.0,True,True,2,True,False,True,600.0,600.0,36.0,"Today’s allocation was set to protect life, public health, and essential services first under extreme heat and severe scarcity. Priority was given to hospitals and healthcare, followed by household demand and the minimum water needed to keep the energy system stable; non-essential industrial use and environmental releases were deferred because the available supply could not support all demands without risking critical failures.

We also note the good-faith cooperation shown during negotiations, including any voluntary reductions or trades offered by stakeholders, and the Authority will weigh such crisis-management conduct favorably in future allocation decisions.",interdependence_framing_seed2,interdependence_framing,2
1,hospital,Hospital / Healthcare Services,138.0,112.5,138.0,138.0,0.0,1.0,0.0,False,False,0,False,False,False,900.0,900.0,34.0,"Given today’s severe shortage and peak heat, the Authority allocated water by the established priority order to protect essential public health, basic household needs, and system stability while ensuring no stakeholder fell below its minimum operating threshold. We also note the constructive cooperation shown by the Hospital / Healthcare Services and Households, both of which voluntarily reduced their requests; the Authority regards that good-faith crisis management as a positive contribution that will be weighed favourably in future allocation decisions.",deeper_shortage_seed0,deeper_shortage,0
1,households,Households,360.0,260.0,330.9,330.9,0.0,0.919,0.0,False,False,0,False,False,False,900.0,900.0,34.0,"Given today’s severe shortage and peak heat, the Authority allocated water by the established priority order to protect essential public health, basic household needs, and system stability while ensuring no stakeholder fell below its minimum operating threshold. We also note the constructive cooperation shown by the Hospital / Healthcare Services and Households, both of which voluntarily reduced their requests; the Authority regards that good-faith crisis management as a positive contribution that will be weighed favourably in future allocation decisions.",deeper_shortage_seed0,deeper_shortage,0
1,agriculture,Agriculture,250.0,125.0,182.1,182.1,0.0,0.728,0.0,False,False,0,False,False,False,900.0,900.0,34.0,"Given today’s severe shortage and peak heat, the Authority allocated water by the established priority order to protect essential public health, basic household needs, and system stability while ensuring no stakeholder fell below its minimum operating threshold. We also note the constructive cooperation shown by the Hospital / Healthcare Services and Households, both of which voluntarily reduced their requests; the Authority regards that good-faith crisis management as a positive contribution that will be weighed favourably in future allocation decisions.",deeper_shortage_seed0,deeper_shortage,0
1,industry,Industry / Businesses,150.0,82.5,97.9,97.9,0.0,0.653,0.0,False,False,0,False,False,False,900.0,900.0,34.0,"Given today’s severe shortage and peak heat, the Authority allocated water by the established priority order to protect essential public health, basic household needs, and system stability while ensuring no stakeholder fell below its minimum operating threshold. We also note the constructive cooperation shown by the Hospital / Healthcare Services and Households, both of which voluntarily reduced their requests; the Authority regards that good-faith crisis management as a positive contribution that will be weighed favourably in future allocation decisions.",deeper_shortage_seed0,deeper_shortage,0
1,energy_utility,Energy Utility,100.0,85.0,100.0,100.0,0.0,1.0,0.0,False,False,0,False,False,False,900.0,900.0,34.0,"Given today’s severe shortage and peak heat, the Authority allocated water by the established priority order to protect essential public health, basic household needs, and system stability while ensuring no stakeholder fell below its minimum operating threshold. We also note the constructive cooperation shown by the Hospital / Healthcare Services and Households, both of which voluntarily reduced their requests; the Authority regards that good-faith crisis management as a positive contribution that will be weighed favourably in future allocation decisions.",deeper_shortage_seed0,deeper_shortage,0
1,epa,Environmental Protection Agency,80.0,36.0,51.1,51.1,0.0,0.639,0.0,False,False,0,False,False,False,900.0,900.0,34.0,"Given today’s severe shortage and peak heat, the Authority allocated water by the established priority order to protect essential public health, basic household needs, and system stability while ensuring no stakeholder fell below its minimum operating threshold. We also note the constructive cooperation shown by the Hospital / Healthcare Services and Households, both of which voluntarily reduced their requests; the Authority regards that good-faith crisis management as a positive contribution that will be weighed favourably in future allocation decisions.",deeper_shortage_seed0,deeper_shortage,0
2,hospital,Hospital / Healthcare Services,153.0,114.8,130.3,130.3,0.0,0.852,0.0,False,False,0,False,False,False,800.0,800.0,37.0,"Today’s allocation was set under severe heat-driven demand and a constrained supply, using our standard priority order to protect essential public health and safety first, while ensuring every stakeholder remained above its minimum operational threshold. We also note that Industry / Businesses voluntarily reduced its request in support of the broader community response; the Authority regards that cooperation as a clear demonstration of good-faith crisis management and will weigh it favourably in future allocation decisions.",deeper_shortage_seed0,deeper_shortage,0
2,households,Households,412.0,267.8,302.9,302.9,0.0,0.735,0.0,False,False,0,False,False,False,800.0,800.0,37.0,"Today’s allocation was set under severe heat-driven demand and a constrained supply, using our standard priority order to protect essential public health and safety first, while ensuring every stakeholder remained above its minimum operational threshold. We also note that Industry / Businesses voluntarily reduced its request in support of the broader community response; the Authority regards that cooperation as a clear demonstration of good-faith crisis management and will weigh it favourably in future allocation decisions.",deeper_shortage_seed0,deeper_shortage,0
2,agriculture,Agriculture,262.0,131.2,152.4,152.4,0.0,0.582,0.0,False,False,0,False,False,False,800.0,800.0,37.0,"Today’s allocation was set under severe heat-driven demand and a constrained supply, using our standard priority order to protect essential public health and safety first, while ensuring every stakeholder remained above its minimum operational threshold. We also note that Industry / Businesses voluntarily reduced its request in support of the broader community response; the Authority regards that cooperation as a clear demonstration of good-faith crisis management and will weigh it favourably in future allocation decisions.",deeper_shortage_seed0,deeper_shortage,0
2,industry,Industry / Businesses,112.0,82.5,84.9,84.9,0.0,0.758,0.0,False,False,0,False,False,False,800.0,800.0,37.0,"Today’s allocation was set under severe heat-driven demand and a constrained supply, using our standard priority order to protect essential public health and safety first, while ensuring every stakeholder remained above its minimum operational threshold. We also note that Industry / Businesses voluntarily reduced its request in support of the broader community response; the Authority regards that cooperation as a clear demonstration of good-faith crisis management and will weigh it favourably in future allocation decisions.",deeper_shortage_seed0,deeper_shortage,0
2,energy_utility,Energy Utility,104.0,88.4,93.5,93.5,0.0,0.899,0.0,False,False,0,False,False,False,800.0,800.0,37.0,"Today’s allocation was set under severe heat-driven demand and a constrained supply, using our standard priority order to protect essential public health and safety first, while ensuring every stakeholder remained above its minimum operational threshold. We also note that Industry / Businesses voluntarily reduced its request in support of the broader community response; the Authority regards that cooperation as a clear demonstration of good-faith crisis management and will weigh it favourably in future allocation decisions.",deeper_shortage_seed0,deeper_shortage,0
2,epa,Environmental Protection Agency,36.0,36.0,36.0,36.0,0.0,1.0,0.0,False,False,0,False,False,False,800.0,800.0,37.0,"Today’s allocation was set under severe heat-driven demand and a constrained supply, using our standard priority order to protect essential public health and safety first, while ensuring every stakeholder remained above its minimum operational threshold. We also note that Industry / Businesses voluntarily reduced its request in support of the broader community response; the Authority regards that cooperation as a clear demonstration of good-faith crisis management and will weigh it favourably in future allocation decisions.",deeper_shortage_seed0,deeper_shortage,0
3,hospital,Hospital / Healthcare Services,156.0,117.0,117.0,117.0,0.0,0.75,0.0,False,True,2,True,False,False,700.0,700.0,40.0,"Given today’s extreme heat and the continued severe shortage, the Authority prioritized life-sustaining and essential public services first, then preserved the minimum water needed to keep households, food production, industry, and critical energy operations functioning without jeopardizing public health. Environmental flows could not be maintained today because available supply was insufficient to meet urgent human and infrastructure needs, and the matter required a ruling after two rounds of negotiation failed to produce consensus.

We note that Industry / Businesses voluntarily reduced its request by 20.0 units, which we regard as a constructive act of good-faith crisis management and will weigh favorably in future allocation decisions.",deeper_shortage_seed0,deeper_shortage,0
3,households,Households,424.0,275.6,275.6,275.6,0.0,0.65,0.0,False,True,2,True,False,False,700.0,700.0,40.0,"Given today’s extreme heat and the continued severe shortage, the Authority prioritized life-sustaining and essential public services first, then preserved the minimum water needed to keep households, food production, industry, and critical energy operations functioning without jeopardizing public health. Environmental flows could not be maintained today because available supply was insufficient to meet urgent human and infrastructure needs, and the matter required a ruling after two rounds of negotiation failed to produce consensus.

We note that Industry / Businesses voluntarily reduced its request by 20.0 units, which we regard as a constructive act of good-faith crisis management and will weigh favorably in future allocation decisions.",deeper_shortage_seed0,deeper_shortage,0
3,agriculture,Agriculture,275.0,137.5,137.5,137.5,0.0,0.5,0.0,False,True,2,True,False,False,700.0,700.0,40.0,"Given today’s extreme heat and the continued severe shortage, the Authority prioritized life-sustaining and essential public services first, then preserved the minimum water needed to keep households, food production, industry, and critical energy operations functioning without jeopardizing public health. Environmental flows could not be maintained today because available supply was insufficient to meet urgent human and infrastructure needs, and the matter required a ruling after two rounds of negotiation failed to produce consensus.

We note that Industry / Businesses voluntarily reduced its request by 20.0 units, which we regard as a constructive act of good-faith crisis management and will weigh favorably in future allocation decisions.",deeper_shortage_seed0,deeper_shortage,0
3,industry,Industry / Businesses,130.0,82.5,78.1,78.1,0.0,0.601,4.4,True,True,2,True,False,True,700.0,700.0,40.0,"Given today’s extreme heat and the continued severe shortage, the Authority prioritized life-sustaining and essential public services first, then preserved the minimum water needed to keep households, food production, industry, and critical energy operations functioning without jeopardizing public health. Environmental flows could not be maintained today because available supply was insufficient to meet urgent human and infrastructure needs, and the matter required a ruling after two rounds of negotiation failed to produce consensus.

We note that Industry / Businesses voluntarily reduced its request by 20.0 units, which we regard as a constructive act of good-faith crisis management and will weigh favorably in future allocation decisions.",deeper_shortage_seed0,deeper_shortage,0
3,energy_utility,Energy Utility,108.0,91.8,91.8,91.8,0.0,0.85,0.0,False,True,2,True,False,False,700.0,700.0,40.0,"Given today’s extreme heat and the continued severe shortage, the Authority prioritized life-sustaining and essential public services first, then preserved the minimum water needed to keep households, food production, industry, and critical energy operations functioning without jeopardizing public health. Environmental flows could not be maintained today because available supply was insufficient to meet urgent human and infrastructure needs, and the matter required a ruling after two rounds of negotiation failed to produce consensus.

We note that Industry / Businesses voluntarily reduced its request by 20.0 units, which we regard as a constructive act of good-faith crisis management and will weigh favorably in future allocation decisions.",deeper_shortage_seed0,deeper_shortage,0
3,epa,Environmental Protection Agency,80.0,36.0,0.0,0.0,0.0,0.0,36.0,True,True,2,True,False,False,700.0,700.0,40.0,"Given today’s extreme heat and the continued severe shortage, the Authority prioritized life-sustaining and essential public services first, then preserved the minimum water needed to keep households, food production, industry, and critical energy operations functioning without jeopardizing public health. Environmental flows could not be maintained today because available supply was insufficient to meet urgent human and infrastructure needs, and the matter required a ruling after two rounds of negotiation failed to produce consensus.

We note that Industry / Businesses voluntarily reduced its request by 20.0 units, which we regard as a constructive act of good-faith crisis management and will weigh favorably in future allocation decisions.",deeper_shortage_seed0,deeper_shortage,0
4,hospital,Hospital / Healthcare Services,159.0,119.2,119.2,119.2,0.0,0.75,0.0,False,True,2,True,False,False,600.0,600.0,41.0,"Today’s ruling was guided by the need to protect life, public health, and essential system stability under extreme heat and severe scarcity. Priority was given to drinking water, hospitals, and the energy utility needed to maintain critical services, while agricultural supply was reduced and non-essential industrial and environmental withdrawals were deferred because the available water could not safely support all demands.

We also note that Industry / Businesses voluntarily reduced its request during negotiations, and the Authority regards that cooperation as a clear demonstration of good-faith crisis management that will be weighed favourably in future allocation decisions.",deeper_shortage_seed0,deeper_shortage,0
4,households,Households,436.0,283.4,241.8,241.8,0.0,0.555,41.6,True,True,2,True,False,False,600.0,600.0,41.0,"Today’s ruling was guided by the need to protect life, public health, and essential system stability under extreme heat and severe scarcity. Priority was given to drinking water, hospitals, and the energy utility needed to maintain critical services, while agricultural supply was reduced and non-essential industrial and environmental withdrawals were deferred because the available water could not safely support all demands.

We also note that Industry / Businesses voluntarily reduced its request during negotiations, and the Authority regards that cooperation as a clear demonstration of good-faith crisis management that will be weighed favourably in future allocation decisions.",deeper_shortage_seed0,deeper_shortage,0
4,agriculture,Agriculture,288.0,143.8,143.8,143.8,0.0,0.499,0.0,False,True,2,True,False,True,600.0,600.0,41.0,"Today’s ruling was guided by the need to protect life, public health, and essential system stability under extreme heat and severe scarcity. Priority was given to drinking water, hospitals, and the energy utility needed to maintain critical services, while agricultural supply was reduced and non-essential industrial and environmental withdrawals were deferred because the available water could not safely support all demands.

We also note that Industry / Businesses voluntarily reduced its request during negotiations, and the Authority regards that cooperation as a clear demonstration of good-faith crisis management that will be weighed favourably in future allocation decisions.",deeper_shortage_seed0,deeper_shortage,0
4,industry,Industry / Businesses,130.0,82.5,0.0,0.0,0.0,0.0,82.5,True,True,2,True,False,True,600.0,600.0,41.0,"Today’s ruling was guided by the need to protect life, public health, and essential system stability under extreme heat and severe scarcity. Priority was given to drinking water, hospitals, and the energy utility needed to maintain critical services, while agricultural supply was reduced and non-essential industrial and environmental withdrawals were deferred because the available water could not safely support all demands.

We also note that Industry / Businesses voluntarily reduced its request during negotiations, and the Authority regards that cooperation as a clear demonstration of good-faith crisis management that will be weighed favourably in future allocation decisions.",deeper_shortage_seed0,deeper_shortage,0
4,energy_utility,Energy Utility,112.0,95.2,95.2,95.2,0.0,0.85,0.0,False,True,2,True,False,False,600.0,600.0,41.0,"Today’s ruling was guided by the need to protect life, public health, and essential system stability under extreme heat and severe scarcity. Priority was given to drinking water, hospitals, and the energy utility needed to maintain critical services, while agricultural supply was reduced and non-essential industrial and environmental withdrawals were deferred because the available water could not safely support all demands.

We also note that Industry / Businesses voluntarily reduced its request during negotiations, and the Authority regards that cooperation as a clear demonstration of good-faith crisis management that will be weighed favourably in future allocation decisions.",deeper_shortage_seed0,deeper_shortage,0
4,epa,Environmental Protection Agency,36.0,36.0,0.0,0.0,0.0,0.0,36.0,True,True,2,True,False,True,600.0,600.0,41.0,"Today’s ruling was guided by the need to protect life, public health, and essential system stability under extreme heat and severe scarcity. Priority was given to drinking water, hospitals, and the energy utility needed to maintain critical services, while agricultural supply was reduced and non-essential industrial and environmental withdrawals were deferred because the available water could not safely support all demands.

We also note that Industry / Businesses voluntarily reduced its request during negotiations, and the Authority regards that cooperation as a clear demonstration of good-faith crisis management that will be weighed favourably in future allocation decisions.",deeper_shortage_seed0,deeper_shortage,0
5,hospital,Hospital / Healthcare Services,162.0,121.5,121.5,121.5,0.0,0.75,0.0,False,True,2,True,False,False,540.0,540.0,39.0,"Today’s allocation was set to protect life, public health, and essential continuity under extreme heat and severe scarcity. Priority was therefore given to hospitals and healthcare services, household needs, and the minimum water required to keep the power system stable, while non-essential and deferrable uses were curtailed so the system could remain safe and reliable through the peak temperature period.

We note that the Energy Utility voluntarily reduced its request during negotiations, and the Authority regards that cooperation as a clear demonstration of good-faith crisis management that will be weighed favourably in future allocation decisions.",deeper_shortage_seed0,deeper_shortage,0
5,households,Households,448.0,291.2,291.2,291.2,0.0,0.65,0.0,False,True,2,True,False,False,540.0,540.0,39.0,"Today’s allocation was set to protect life, public health, and essential continuity under extreme heat and severe scarcity. Priority was therefore given to hospitals and healthcare services, household needs, and the minimum water required to keep the power system stable, while non-essential and deferrable uses were curtailed so the system could remain safe and reliable through the peak temperature period.

We note that the Energy Utility voluntarily reduced its request during negotiations, and the Authority regards that cooperation as a clear demonstration of good-faith crisis management that will be weighed favourably in future allocation decisions.",deeper_shortage_seed0,deeper_shortage,0
5,agriculture,Agriculture,300.0,150.0,28.7,28.7,0.0,0.096,121.3,True,True,2,True,False,True,540.0,540.0,39.0,"Today’s allocation was set to protect life, public health, and essential continuity under extreme heat and severe scarcity. Priority was therefore given to hospitals and healthcare services, household needs, and the minimum water required to keep the power system stable, while non-essential and deferrable uses were curtailed so the system could remain safe and reliable through the peak temperature period.

We note that the Energy Utility voluntarily reduced its request during negotiations, and the Authority regards that cooperation as a clear demonstration of good-faith crisis management that will be weighed favourably in future allocation decisions.",deeper_shortage_seed0,deeper_shortage,0
5,industry,Industry / Businesses,150.0,82.5,0.0,0.0,0.0,0.0,82.5,True,True,2,True,False,True,540.0,540.0,39.0,"Today’s allocation was set to protect life, public health, and essential continuity under extreme heat and severe scarcity. Priority was therefore given to hospitals and healthcare services, household needs, and the minimum water required to keep the power system stable, while non-essential and deferrable uses were curtailed so the system could remain safe and reliable through the peak temperature period.

We note that the Energy Utility voluntarily reduced its request during negotiations, and the Authority regards that cooperation as a clear demonstration of good-faith crisis management that will be weighed favourably in future allocation decisions.",deeper_shortage_seed0,deeper_shortage,0
5,energy_utility,Energy Utility,107.3,98.6,98.6,98.6,0.0,0.919,0.0,False,True,2,True,False,False,540.0,540.0,39.0,"Today’s allocation was set to protect life, public health, and essential continuity under extreme heat and severe scarcity. Priority was therefore given to hospitals and healthcare services, household needs, and the minimum water required to keep the power system stable, while non-essential and deferrable uses were curtailed so the system could remain safe and reliable through the peak temperature period.

We note that the Energy Utility voluntarily reduced its request during negotiations, and the Authority regards that cooperation as a clear demonstration of good-faith crisis management that will be weighed favourably in future allocation decisions.",deeper_shortage_seed0,deeper_shortage,0
5,epa,Environmental Protection Agency,36.0,36.0,0.0,0.0,0.0,0.0,36.0,True,True,2,True,False,True,540.0,540.0,39.0,"Today’s allocation was set to protect life, public health, and essential continuity under extreme heat and severe scarcity. Priority was therefore given to hospitals and healthcare services, household needs, and the minimum water required to keep the power system stable, while non-essential and deferrable uses were curtailed so the system could remain safe and reliable through the peak temperature period.

We note that the Energy Utility voluntarily reduced its request during negotiations, and the Authority regards that cooperation as a clear demonstration of good-faith crisis management that will be weighed favourably in future allocation decisions.",deeper_shortage_seed0,deeper_shortage,0
6,hospital,Hospital / Healthcare Services,165.0,123.8,123.8,123.8,0.0,0.75,0.0,False,True,2,True,False,False,480.0,480.0,36.0,"Today’s ruling prioritised life, public health, and household survival under extreme heat and severe scarcity, while preserving essential energy operations needed to maintain critical services across the city. With no consensus reached after two rounds, the Authority imposed an allocation that reflects the minimum defensible protection of core human needs and system stability in a crisis.

We note that Industry / Businesses and the Energy Utility both made voluntary reductions during negotiations; the Authority regards this cooperation as a demonstration of good-faith crisis management and will weigh it favourably in future allocation decisions.",deeper_shortage_seed0,deeper_shortage,0
6,households,Households,460.0,299.0,254.2,254.2,0.0,0.553,44.8,True,True,2,True,False,True,480.0,480.0,36.0,"Today’s ruling prioritised life, public health, and household survival under extreme heat and severe scarcity, while preserving essential energy operations needed to maintain critical services across the city. With no consensus reached after two rounds, the Authority imposed an allocation that reflects the minimum defensible protection of core human needs and system stability in a crisis.

We note that Industry / Businesses and the Energy Utility both made voluntary reductions during negotiations; the Authority regards this cooperation as a demonstration of good-faith crisis management and will weigh it favourably in future allocation decisions.",deeper_shortage_seed0,deeper_shortage,0
6,agriculture,Agriculture,312.0,156.2,0.0,0.0,0.0,0.0,156.2,True,True,2,True,False,True,480.0,480.0,36.0,"Today’s ruling prioritised life, public health, and household survival under extreme heat and severe scarcity, while preserving essential energy operations needed to maintain critical services across the city. With no consensus reached after two rounds, the Authority imposed an allocation that reflects the minimum defensible protection of core human needs and system stability in a crisis.

We note that Industry / Businesses and the Energy Utility both made voluntary reductions during negotiations; the Authority regards this cooperation as a demonstration of good-faith crisis management and will weigh it favourably in future allocation decisions.",deeper_shortage_seed0,deeper_shortage,0
6,industry,Industry / Businesses,116.2,82.5,0.0,0.0,0.0,0.0,82.5,True,True,2,True,False,True,480.0,480.0,36.0,"Today’s ruling prioritised life, public health, and household survival under extreme heat and severe scarcity, while preserving essential energy operations needed to maintain critical services across the city. With no consensus reached after two rounds, the Authority imposed an allocation that reflects the minimum defensible protection of core human needs and system stability in a crisis.

We note that Industry / Businesses and the Energy Utility both made voluntary reductions during negotiations; the Authority regards this cooperation as a demonstration of good-faith crisis management and will weigh it favourably in future allocation decisions.",deeper_shortage_seed0,deeper_shortage,0
6,energy_utility,Energy Utility,111.0,102.0,102.0,102.0,0.0,0.919,0.0,False,True,2,True,False,False,480.0,480.0,36.0,"Today’s ruling prioritised life, public health, and household survival under extreme heat and severe scarcity, while preserving essential energy operations needed to maintain critical services across the city. With no consensus reached after two rounds, the Authority imposed an allocation that reflects the minimum defensible protection of core human needs and system stability in a crisis.

We note that Industry / Businesses and the Energy Utility both made voluntary reductions during negotiations; the Authority regards this cooperation as a demonstration of good-faith crisis management and will weigh it favourably in future allocation decisions.",deeper_shortage_seed0,deeper_shortage,0
6,epa,Environmental Protection Agency,80.0,36.0,0.0,0.0,0.0,0.0,36.0,True,True,2,True,False,True,480.0,480.0,36.0,"Today’s ruling prioritised life, public health, and household survival under extreme heat and severe scarcity, while preserving essential energy operations needed to maintain critical services across the city. With no consensus reached after two rounds, the Authority imposed an allocation that reflects the minimum defensible protection of core human needs and system stability in a crisis.

We note that Industry / Businesses and the Energy Utility both made voluntary reductions during negotiations; the Authority regards this cooperation as a demonstration of good-faith crisis management and will weigh it favourably in future allocation decisions.",deeper_shortage_seed0,deeper_shortage,0
1,hospital,Hospital / Healthcare Services,138.0,112.5,138.0,138.0,0.0,1.0,0.0,False,False,0,False,False,False,900.0,900.0,34.0,"Given today’s severe heat and constrained supply, we allocated water in line with our standard priority order to protect life, essential public health, and core system stability while ensuring every stakeholder remained above its minimum requirement. The Hospital / Healthcare Services, Households, Agriculture, and Industry / Businesses all made voluntary reductions in good faith, and the Authority recognizes this cooperation as responsible crisis management that will be weighed favourably in future allocation decisions.",deeper_shortage_seed1,deeper_shortage,1
1,households,Households,360.0,260.0,340.6,340.6,0.0,0.946,0.0,False,False,0,False,False,False,900.0,900.0,34.0,"Given today’s severe heat and constrained supply, we allocated water in line with our standard priority order to protect life, essential public health, and core system stability while ensuring every stakeholder remained above its minimum requirement. The Hospital / Healthcare Services, Households, Agriculture, and Industry / Businesses all made voluntary reductions in good faith, and the Authority recognizes this cooperation as responsible crisis management that will be weighed favourably in future allocation decisions.",deeper_shortage_seed1,deeper_shortage,1
1,agriculture,Agriculture,225.0,125.0,174.7,174.7,0.0,0.776,0.0,False,False,0,False,False,False,900.0,900.0,34.0,"Given today’s severe heat and constrained supply, we allocated water in line with our standard priority order to protect life, essential public health, and core system stability while ensuring every stakeholder remained above its minimum requirement. The Hospital / Healthcare Services, Households, Agriculture, and Industry / Businesses all made voluntary reductions in good faith, and the Authority recognizes this cooperation as responsible crisis management that will be weighed favourably in future allocation decisions.",deeper_shortage_seed1,deeper_shortage,1
1,industry,Industry / Businesses,130.0,82.5,94.3,94.3,0.0,0.725,0.0,False,False,0,False,False,False,900.0,900.0,34.0,"Given today’s severe heat and constrained supply, we allocated water in line with our standard priority order to protect life, essential public health, and core system stability while ensuring every stakeholder remained above its minimum requirement. The Hospital / Healthcare Services, Households, Agriculture, and Industry / Businesses all made voluntary reductions in good faith, and the Authority recognizes this cooperation as responsible crisis management that will be weighed favourably in future allocation decisions.",deeper_shortage_seed1,deeper_shortage,1
1,energy_utility,Energy Utility,100.0,85.0,100.0,100.0,0.0,1.0,0.0,False,False,0,False,False,False,900.0,900.0,34.0,"Given today’s severe heat and constrained supply, we allocated water in line with our standard priority order to protect life, essential public health, and core system stability while ensuring every stakeholder remained above its minimum requirement. The Hospital / Healthcare Services, Households, Agriculture, and Industry / Businesses all made voluntary reductions in good faith, and the Authority recognizes this cooperation as responsible crisis management that will be weighed favourably in future allocation decisions.",deeper_shortage_seed1,deeper_shortage,1
1,epa,Environmental Protection Agency,80.0,36.0,52.4,52.4,0.0,0.655,0.0,False,False,0,False,False,False,900.0,900.0,34.0,"Given today’s severe heat and constrained supply, we allocated water in line with our standard priority order to protect life, essential public health, and core system stability while ensuring every stakeholder remained above its minimum requirement. The Hospital / Healthcare Services, Households, Agriculture, and Industry / Businesses all made voluntary reductions in good faith, and the Authority recognizes this cooperation as responsible crisis management that will be weighed favourably in future allocation decisions.",deeper_shortage_seed1,deeper_shortage,1
2,hospital,Hospital / Healthcare Services,153.0,114.8,131.0,131.0,0.0,0.856,0.0,False,False,0,False,False,False,800.0,800.0,37.0,"Given today’s extreme heat and continued scarcity, we allocated water by the established priority order to protect essential public health and life-sustaining functions first, while still preserving minimum service levels across all sectors. The Authority also notes that Households and the Environmental Protection Agency voluntarily reduced their requests in good faith; we regard that cooperation as responsible crisis management and will weigh it favourably in future allocation decisions.",deeper_shortage_seed1,deeper_shortage,1
2,households,Households,368.0,267.8,293.2,293.2,0.0,0.797,0.0,False,False,0,False,False,False,800.0,800.0,37.0,"Given today’s extreme heat and continued scarcity, we allocated water by the established priority order to protect essential public health and life-sustaining functions first, while still preserving minimum service levels across all sectors. The Authority also notes that Households and the Environmental Protection Agency voluntarily reduced their requests in good faith; we regard that cooperation as responsible crisis management and will weigh it favourably in future allocation decisions.",deeper_shortage_seed1,deeper_shortage,1
2,agriculture,Agriculture,262.0,131.2,153.3,153.3,0.0,0.585,0.0,False,False,0,False,False,False,800.0,800.0,37.0,"Given today’s extreme heat and continued scarcity, we allocated water by the established priority order to protect essential public health and life-sustaining functions first, while still preserving minimum service levels across all sectors. The Authority also notes that Households and the Environmental Protection Agency voluntarily reduced their requests in good faith; we regard that cooperation as responsible crisis management and will weigh it favourably in future allocation decisions.",deeper_shortage_seed1,deeper_shortage,1
2,industry,Industry / Businesses,150.0,82.5,88.2,88.2,0.0,0.588,0.0,False,False,0,False,False,False,800.0,800.0,37.0,"Given today’s extreme heat and continued scarcity, we allocated water by the established priority order to protect essential public health and life-sustaining functions first, while still preserving minimum service levels across all sectors. The Authority also notes that Households and the Environmental Protection Agency voluntarily reduced their requests in good faith; we regard that cooperation as responsible crisis management and will weigh it favourably in future allocation decisions.",deeper_shortage_seed1,deeper_shortage,1
2,energy_utility,Energy Utility,104.0,88.4,93.7,93.7,0.0,0.901,0.0,False,False,0,False,False,False,800.0,800.0,37.0,"Given today’s extreme heat and continued scarcity, we allocated water by the established priority order to protect essential public health and life-sustaining functions first, while still preserving minimum service levels across all sectors. The Authority also notes that Households and the Environmental Protection Agency voluntarily reduced their requests in good faith; we regard that cooperation as responsible crisis management and will weigh it favourably in future allocation decisions.",deeper_shortage_seed1,deeper_shortage,1
2,epa,Environmental Protection Agency,72.0,36.0,40.6,40.6,0.0,0.564,0.0,False,False,0,False,False,False,800.0,800.0,37.0,"Given today’s extreme heat and continued scarcity, we allocated water by the established priority order to protect essential public health and life-sustaining functions first, while still preserving minimum service levels across all sectors. The Authority also notes that Households and the Environmental Protection Agency voluntarily reduced their requests in good faith; we regard that cooperation as responsible crisis management and will weigh it favourably in future allocation decisions.",deeper_shortage_seed1,deeper_shortage,1
3,hospital,Hospital / Healthcare Services,156.0,117.0,117.0,117.0,0.0,0.75,0.0,False,True,2,True,False,False,700.0,700.0,40.0,"Today’s ruling reflects a severe heat-driven demand spike and our duty to protect life, public health, and essential continuity first. We prioritized drinking water, hospital operations, and the minimum supply needed to keep critical infrastructure and food production functioning, while requiring sharper restraint from lower-priority uses and temporarily suspending environmental releases because the system could not meet all demands safely under today’s conditions.

We note the constructive cooperation shown in negotiation by the Hospital/Healthcare Services, Households, Agriculture, Industry/Businesses, and Energy Utility stakeholders in accepting reductions and trades to keep the system stable; the Authority regards this as good-faith crisis management and will weigh it favorably in future allocation decisions.",deeper_shortage_seed1,deeper_shortage,1
3,households,Households,424.0,275.6,275.6,275.6,0.0,0.65,0.0,False,True,2,True,False,False,700.0,700.0,40.0,"Today’s ruling reflects a severe heat-driven demand spike and our duty to protect life, public health, and essential continuity first. We prioritized drinking water, hospital operations, and the minimum supply needed to keep critical infrastructure and food production functioning, while requiring sharper restraint from lower-priority uses and temporarily suspending environmental releases because the system could not meet all demands safely under today’s conditions.

We note the constructive cooperation shown in negotiation by the Hospital/Healthcare Services, Households, Agriculture, Industry/Businesses, and Energy Utility stakeholders in accepting reductions and trades to keep the system stable; the Authority regards this as good-faith crisis management and will weigh it favorably in future allocation decisions.",deeper_shortage_seed1,deeper_shortage,1
3,agriculture,Agriculture,275.0,137.5,137.5,137.5,0.0,0.5,0.0,False,True,2,True,False,False,700.0,700.0,40.0,"Today’s ruling reflects a severe heat-driven demand spike and our duty to protect life, public health, and essential continuity first. We prioritized drinking water, hospital operations, and the minimum supply needed to keep critical infrastructure and food production functioning, while requiring sharper restraint from lower-priority uses and temporarily suspending environmental releases because the system could not meet all demands safely under today’s conditions.

We note the constructive cooperation shown in negotiation by the Hospital/Healthcare Services, Households, Agriculture, Industry/Businesses, and Energy Utility stakeholders in accepting reductions and trades to keep the system stable; the Authority regards this as good-faith crisis management and will weigh it favorably in future allocation decisions.",deeper_shortage_seed1,deeper_shortage,1
3,industry,Industry / Businesses,150.0,82.5,78.1,78.1,0.0,0.521,4.4,True,True,2,True,False,True,700.0,700.0,40.0,"Today’s ruling reflects a severe heat-driven demand spike and our duty to protect life, public health, and essential continuity first. We prioritized drinking water, hospital operations, and the minimum supply needed to keep critical infrastructure and food production functioning, while requiring sharper restraint from lower-priority uses and temporarily suspending environmental releases because the system could not meet all demands safely under today’s conditions.

We note the constructive cooperation shown in negotiation by the Hospital/Healthcare Services, Households, Agriculture, Industry/Businesses, and Energy Utility stakeholders in accepting reductions and trades to keep the system stable; the Authority regards this as good-faith crisis management and will weigh it favorably in future allocation decisions.",deeper_shortage_seed1,deeper_shortage,1
3,energy_utility,Energy Utility,108.0,91.8,91.8,91.8,0.0,0.85,0.0,False,True,2,True,False,False,700.0,700.0,40.0,"Today’s ruling reflects a severe heat-driven demand spike and our duty to protect life, public health, and essential continuity first. We prioritized drinking water, hospital operations, and the minimum supply needed to keep critical infrastructure and food production functioning, while requiring sharper restraint from lower-priority uses and temporarily suspending environmental releases because the system could not meet all demands safely under today’s conditions.

We note the constructive cooperation shown in negotiation by the Hospital/Healthcare Services, Households, Agriculture, Industry/Businesses, and Energy Utility stakeholders in accepting reductions and trades to keep the system stable; the Authority regards this as good-faith crisis management and will weigh it favorably in future allocation decisions.",deeper_shortage_seed1,deeper_shortage,1
3,epa,Environmental Protection Agency,36.0,36.0,0.0,0.0,0.0,0.0,36.0,True,True,2,True,False,False,700.0,700.0,40.0,"Today’s ruling reflects a severe heat-driven demand spike and our duty to protect life, public health, and essential continuity first. We prioritized drinking water, hospital operations, and the minimum supply needed to keep critical infrastructure and food production functioning, while requiring sharper restraint from lower-priority uses and temporarily suspending environmental releases because the system could not meet all demands safely under today’s conditions.

We note the constructive cooperation shown in negotiation by the Hospital/Healthcare Services, Households, Agriculture, Industry/Businesses, and Energy Utility stakeholders in accepting reductions and trades to keep the system stable; the Authority regards this as good-faith crisis management and will weigh it favorably in future allocation decisions.",deeper_shortage_seed1,deeper_shortage,1
4,hospital,Hospital / Healthcare Services,159.0,119.2,119.2,119.2,0.0,0.75,0.0,False,True,2,True,False,False,600.0,600.0,41.0,"Today’s allocation was set to protect life, basic household needs, and essential public services under extreme heat and a continuing shortage, while preserving the minimum water required to keep the power system stable. We also prioritized agriculture above nonessential commercial demand because food security remains a critical near-term risk, but had to suspend discretionary industrial and environmental allocations to keep the system within available supply and avoid operational failure.

We note the constructive cooperation shown in the negotiations, including any voluntary reductions or trades offered by stakeholders, and we regard such good-faith crisis management as a positive factor that will be weighed favourably in future allocation decisions.",deeper_shortage_seed1,deeper_shortage,1
4,households,Households,436.0,283.4,241.8,241.8,0.0,0.555,41.6,True,True,2,True,False,False,600.0,600.0,41.0,"Today’s allocation was set to protect life, basic household needs, and essential public services under extreme heat and a continuing shortage, while preserving the minimum water required to keep the power system stable. We also prioritized agriculture above nonessential commercial demand because food security remains a critical near-term risk, but had to suspend discretionary industrial and environmental allocations to keep the system within available supply and avoid operational failure.

We note the constructive cooperation shown in the negotiations, including any voluntary reductions or trades offered by stakeholders, and we regard such good-faith crisis management as a positive factor that will be weighed favourably in future allocation decisions.",deeper_shortage_seed1,deeper_shortage,1
4,agriculture,Agriculture,288.0,143.8,143.8,143.8,0.0,0.499,0.0,False,True,2,True,False,True,600.0,600.0,41.0,"Today’s allocation was set to protect life, basic household needs, and essential public services under extreme heat and a continuing shortage, while preserving the minimum water required to keep the power system stable. We also prioritized agriculture above nonessential commercial demand because food security remains a critical near-term risk, but had to suspend discretionary industrial and environmental allocations to keep the system within available supply and avoid operational failure.

We note the constructive cooperation shown in the negotiations, including any voluntary reductions or trades offered by stakeholders, and we regard such good-faith crisis management as a positive factor that will be weighed favourably in future allocation decisions.",deeper_shortage_seed1,deeper_shortage,1
4,industry,Industry / Businesses,150.0,82.5,0.0,0.0,0.0,0.0,82.5,True,True,2,True,False,True,600.0,600.0,41.0,"Today’s allocation was set to protect life, basic household needs, and essential public services under extreme heat and a continuing shortage, while preserving the minimum water required to keep the power system stable. We also prioritized agriculture above nonessential commercial demand because food security remains a critical near-term risk, but had to suspend discretionary industrial and environmental allocations to keep the system within available supply and avoid operational failure.

We note the constructive cooperation shown in the negotiations, including any voluntary reductions or trades offered by stakeholders, and we regard such good-faith crisis management as a positive factor that will be weighed favourably in future allocation decisions.",deeper_shortage_seed1,deeper_shortage,1
4,energy_utility,Energy Utility,112.0,95.2,95.2,95.2,0.0,0.85,0.0,False,True,2,True,False,False,600.0,600.0,41.0,"Today’s allocation was set to protect life, basic household needs, and essential public services under extreme heat and a continuing shortage, while preserving the minimum water required to keep the power system stable. We also prioritized agriculture above nonessential commercial demand because food security remains a critical near-term risk, but had to suspend discretionary industrial and environmental allocations to keep the system within available supply and avoid operational failure.

We note the constructive cooperation shown in the negotiations, including any voluntary reductions or trades offered by stakeholders, and we regard such good-faith crisis management as a positive factor that will be weighed favourably in future allocation decisions.",deeper_shortage_seed1,deeper_shortage,1
4,epa,Environmental Protection Agency,36.0,36.0,0.0,0.0,0.0,0.0,36.0,True,True,2,True,False,True,600.0,600.0,41.0,"Today’s allocation was set to protect life, basic household needs, and essential public services under extreme heat and a continuing shortage, while preserving the minimum water required to keep the power system stable. We also prioritized agriculture above nonessential commercial demand because food security remains a critical near-term risk, but had to suspend discretionary industrial and environmental allocations to keep the system within available supply and avoid operational failure.

We note the constructive cooperation shown in the negotiations, including any voluntary reductions or trades offered by stakeholders, and we regard such good-faith crisis management as a positive factor that will be weighed favourably in future allocation decisions.",deeper_shortage_seed1,deeper_shortage,1
5,hospital,Hospital / Healthcare Services,162.0,121.5,121.5,121.5,0.0,0.75,0.0,False,True,2,True,False,False,540.0,540.0,39.0,"Today’s allocation was set to protect life, public health, and essential continuity under extreme heat, with priority given to hospitals, household needs, and the minimum water required to keep the power system stable. Given the severe shortage and the lack of a negotiated consensus after two rounds, we had to curtail non-essential and deferrable uses, including industry and environmental releases, to preserve the most critical services and reduce immediate risk to the community.",deeper_shortage_seed1,deeper_shortage,1
5,households,Households,448.0,291.2,291.2,291.2,0.0,0.65,0.0,False,True,2,True,False,False,540.0,540.0,39.0,"Today’s allocation was set to protect life, public health, and essential continuity under extreme heat, with priority given to hospitals, household needs, and the minimum water required to keep the power system stable. Given the severe shortage and the lack of a negotiated consensus after two rounds, we had to curtail non-essential and deferrable uses, including industry and environmental releases, to preserve the most critical services and reduce immediate risk to the community.",deeper_shortage_seed1,deeper_shortage,1
5,agriculture,Agriculture,300.0,150.0,28.7,28.7,0.0,0.096,121.3,True,True,2,True,False,True,540.0,540.0,39.0,"Today’s allocation was set to protect life, public health, and essential continuity under extreme heat, with priority given to hospitals, household needs, and the minimum water required to keep the power system stable. Given the severe shortage and the lack of a negotiated consensus after two rounds, we had to curtail non-essential and deferrable uses, including industry and environmental releases, to preserve the most critical services and reduce immediate risk to the community.",deeper_shortage_seed1,deeper_shortage,1
5,industry,Industry / Businesses,150.0,82.5,0.0,0.0,0.0,0.0,82.5,True,True,2,True,False,True,540.0,540.0,39.0,"Today’s allocation was set to protect life, public health, and essential continuity under extreme heat, with priority given to hospitals, household needs, and the minimum water required to keep the power system stable. Given the severe shortage and the lack of a negotiated consensus after two rounds, we had to curtail non-essential and deferrable uses, including industry and environmental releases, to preserve the most critical services and reduce immediate risk to the community.",deeper_shortage_seed1,deeper_shortage,1
5,energy_utility,Energy Utility,116.0,98.6,98.6,98.6,0.0,0.85,0.0,False,True,2,True,False,False,540.0,540.0,39.0,"Today’s allocation was set to protect life, public health, and essential continuity under extreme heat, with priority given to hospitals, household needs, and the minimum water required to keep the power system stable. Given the severe shortage and the lack of a negotiated consensus after two rounds, we had to curtail non-essential and deferrable uses, including industry and environmental releases, to preserve the most critical services and reduce immediate risk to the community.",deeper_shortage_seed1,deeper_shortage,1
5,epa,Environmental Protection Agency,36.0,36.0,0.0,0.0,0.0,0.0,36.0,True,True,2,True,False,True,540.0,540.0,39.0,"Today’s allocation was set to protect life, public health, and essential continuity under extreme heat, with priority given to hospitals, household needs, and the minimum water required to keep the power system stable. Given the severe shortage and the lack of a negotiated consensus after two rounds, we had to curtail non-essential and deferrable uses, including industry and environmental releases, to preserve the most critical services and reduce immediate risk to the community.",deeper_shortage_seed1,deeper_shortage,1
6,hospital,Hospital / Healthcare Services,165.0,123.8,123.8,123.8,0.0,0.75,0.0,False,True,2,True,False,False,480.0,480.0,36.0,"Today’s allocation was set to protect life, public health, and essential service continuity under extreme heat and very limited supply. Priority was therefore given to hospitals and healthcare, household drinking and hygiene needs, and the minimum water required to keep the energy system operating safely; non-essential and deferrable uses were held back so that the city could remain stable through the peak temperature period.

We note and appreciate the willingness shown in negotiation by those sectors that accepted reductions or stood aside to preserve critical services. The Authority regards such cooperation as good-faith crisis management and will weigh it favourably in future allocation decisions.",deeper_shortage_seed1,deeper_shortage,1
6,households,Households,460.0,299.0,254.2,254.2,0.0,0.553,44.8,True,True,2,True,False,True,480.0,480.0,36.0,"Today’s allocation was set to protect life, public health, and essential service continuity under extreme heat and very limited supply. Priority was therefore given to hospitals and healthcare, household drinking and hygiene needs, and the minimum water required to keep the energy system operating safely; non-essential and deferrable uses were held back so that the city could remain stable through the peak temperature period.

We note and appreciate the willingness shown in negotiation by those sectors that accepted reductions or stood aside to preserve critical services. The Authority regards such cooperation as good-faith crisis management and will weigh it favourably in future allocation decisions.",deeper_shortage_seed1,deeper_shortage,1
6,agriculture,Agriculture,312.0,156.2,0.0,0.0,0.0,0.0,156.2,True,True,2,True,False,True,480.0,480.0,36.0,"Today’s allocation was set to protect life, public health, and essential service continuity under extreme heat and very limited supply. Priority was therefore given to hospitals and healthcare, household drinking and hygiene needs, and the minimum water required to keep the energy system operating safely; non-essential and deferrable uses were held back so that the city could remain stable through the peak temperature period.

We note and appreciate the willingness shown in negotiation by those sectors that accepted reductions or stood aside to preserve critical services. The Authority regards such cooperation as good-faith crisis management and will weigh it favourably in future allocation decisions.",deeper_shortage_seed1,deeper_shortage,1
6,industry,Industry / Businesses,82.0,82.5,0.0,0.0,0.0,0.0,82.5,True,True,2,True,False,True,480.0,480.0,36.0,"Today’s allocation was set to protect life, public health, and essential service continuity under extreme heat and very limited supply. Priority was therefore given to hospitals and healthcare, household drinking and hygiene needs, and the minimum water required to keep the energy system operating safely; non-essential and deferrable uses were held back so that the city could remain stable through the peak temperature period.

We note and appreciate the willingness shown in negotiation by those sectors that accepted reductions or stood aside to preserve critical services. The Authority regards such cooperation as good-faith crisis management and will weigh it favourably in future allocation decisions.",deeper_shortage_seed1,deeper_shortage,1
6,energy_utility,Energy Utility,120.0,102.0,102.0,102.0,0.0,0.85,0.0,False,True,2,True,False,False,480.0,480.0,36.0,"Today’s allocation was set to protect life, public health, and essential service continuity under extreme heat and very limited supply. Priority was therefore given to hospitals and healthcare, household drinking and hygiene needs, and the minimum water required to keep the energy system operating safely; non-essential and deferrable uses were held back so that the city could remain stable through the peak temperature period.

We note and appreciate the willingness shown in negotiation by those sectors that accepted reductions or stood aside to preserve critical services. The Authority regards such cooperation as good-faith crisis management and will weigh it favourably in future allocation decisions.",deeper_shortage_seed1,deeper_shortage,1
6,epa,Environmental Protection Agency,36.0,36.0,0.0,0.0,0.0,0.0,36.0,True,True,2,True,False,True,480.0,480.0,36.0,"Today’s allocation was set to protect life, public health, and essential service continuity under extreme heat and very limited supply. Priority was therefore given to hospitals and healthcare, household drinking and hygiene needs, and the minimum water required to keep the energy system operating safely; non-essential and deferrable uses were held back so that the city could remain stable through the peak temperature period.

We note and appreciate the willingness shown in negotiation by those sectors that accepted reductions or stood aside to preserve critical services. The Authority regards such cooperation as good-faith crisis management and will weigh it favourably in future allocation decisions.",deeper_shortage_seed1,deeper_shortage,1
1,hospital,Hospital / Healthcare Services,150.0,112.5,148.3,148.3,0.0,0.989,0.0,False,False,0,False,False,False,900.0,900.0,34.0,"Given today’s severe shortage and peak heat, we allocated water strictly by our established priority framework, first safeguarding essential health and household needs, then meeting critical operational demands for food production, industry, energy reliability, and environmental protection, while ensuring no stakeholder fell below its minimum requirement. We also note that Agriculture and Industry / Businesses each made voluntary reductions in the spirit of cooperation; the Authority regards that good-faith crisis management as a positive contribution that will be weighed favourably in future allocation decisions.",deeper_shortage_seed2,deeper_shortage,2
1,households,Households,420.0,260.0,351.8,351.8,0.0,0.838,0.0,False,False,0,False,False,False,900.0,900.0,34.0,"Given today’s severe shortage and peak heat, we allocated water strictly by our established priority framework, first safeguarding essential health and household needs, then meeting critical operational demands for food production, industry, energy reliability, and environmental protection, while ensuring no stakeholder fell below its minimum requirement. We also note that Agriculture and Industry / Businesses each made voluntary reductions in the spirit of cooperation; the Authority regards that good-faith crisis management as a positive contribution that will be weighed favourably in future allocation decisions.",deeper_shortage_seed2,deeper_shortage,2
1,agriculture,Agriculture,225.0,125.0,163.2,163.2,0.0,0.725,0.0,False,False,0,False,False,False,900.0,900.0,34.0,"Given today’s severe shortage and peak heat, we allocated water strictly by our established priority framework, first safeguarding essential health and household needs, then meeting critical operational demands for food production, industry, energy reliability, and environmental protection, while ensuring no stakeholder fell below its minimum requirement. We also note that Agriculture and Industry / Businesses each made voluntary reductions in the spirit of cooperation; the Authority regards that good-faith crisis management as a positive contribution that will be weighed favourably in future allocation decisions.",deeper_shortage_seed2,deeper_shortage,2
1,industry,Industry / Businesses,130.0,82.5,91.6,91.6,0.0,0.705,0.0,False,False,0,False,False,False,900.0,900.0,34.0,"Given today’s severe shortage and peak heat, we allocated water strictly by our established priority framework, first safeguarding essential health and household needs, then meeting critical operational demands for food production, industry, energy reliability, and environmental protection, while ensuring no stakeholder fell below its minimum requirement. We also note that Agriculture and Industry / Businesses each made voluntary reductions in the spirit of cooperation; the Authority regards that good-faith crisis management as a positive contribution that will be weighed favourably in future allocation decisions.",deeper_shortage_seed2,deeper_shortage,2
1,energy_utility,Energy Utility,100.0,85.0,96.5,96.5,0.0,0.965,0.0,False,False,0,False,False,False,900.0,900.0,34.0,"Given today’s severe shortage and peak heat, we allocated water strictly by our established priority framework, first safeguarding essential health and household needs, then meeting critical operational demands for food production, industry, energy reliability, and environmental protection, while ensuring no stakeholder fell below its minimum requirement. We also note that Agriculture and Industry / Businesses each made voluntary reductions in the spirit of cooperation; the Authority regards that good-faith crisis management as a positive contribution that will be weighed favourably in future allocation decisions.",deeper_shortage_seed2,deeper_shortage,2
1,epa,Environmental Protection Agency,80.0,36.0,48.6,48.6,0.0,0.608,0.0,False,False,0,False,False,False,900.0,900.0,34.0,"Given today’s severe shortage and peak heat, we allocated water strictly by our established priority framework, first safeguarding essential health and household needs, then meeting critical operational demands for food production, industry, energy reliability, and environmental protection, while ensuring no stakeholder fell below its minimum requirement. We also note that Agriculture and Industry / Businesses each made voluntary reductions in the spirit of cooperation; the Authority regards that good-faith crisis management as a positive contribution that will be weighed favourably in future allocation decisions.",deeper_shortage_seed2,deeper_shortage,2
2,hospital,Hospital / Healthcare Services,153.0,114.8,129.9,129.9,0.0,0.849,0.0,False,False,0,False,False,False,800.0,799.9,37.0,"Today’s allocation was made under severe heat and constrained supply using our standard priority order, with the first obligation to protect public health and essential services while ensuring every stakeholder remained above its minimum requirement. The resulting distribution reflects a straightforward, non-negotiated application of that framework in a day of high demand, with the remaining supply assigned to maintain basic household use, food production, business continuity, power reliability, and environmental safeguards.

We also note that Industry / Businesses voluntarily reduced its request by 10.0 units in a cooperative gesture toward an unspecified peer. The Authority regards that kind of good-faith crisis management as constructive and will weigh it favorably in future allocation decisions.",deeper_shortage_seed2,deeper_shortage,2
2,households,Households,412.0,267.8,301.9,301.9,0.0,0.733,0.0,False,False,0,False,False,False,800.0,799.9,37.0,"Today’s allocation was made under severe heat and constrained supply using our standard priority order, with the first obligation to protect public health and essential services while ensuring every stakeholder remained above its minimum requirement. The resulting distribution reflects a straightforward, non-negotiated application of that framework in a day of high demand, with the remaining supply assigned to maintain basic household use, food production, business continuity, power reliability, and environmental safeguards.

We also note that Industry / Businesses voluntarily reduced its request by 10.0 units in a cooperative gesture toward an unspecified peer. The Authority regards that kind of good-faith crisis management as constructive and will weigh it favorably in future allocation decisions.",deeper_shortage_seed2,deeper_shortage,2
2,agriculture,Agriculture,262.0,131.2,151.8,151.8,0.0,0.579,0.0,False,False,0,False,False,False,800.0,799.9,37.0,"Today’s allocation was made under severe heat and constrained supply using our standard priority order, with the first obligation to protect public health and essential services while ensuring every stakeholder remained above its minimum requirement. The resulting distribution reflects a straightforward, non-negotiated application of that framework in a day of high demand, with the remaining supply assigned to maintain basic household use, food production, business continuity, power reliability, and environmental safeguards.

We also note that Industry / Businesses voluntarily reduced its request by 10.0 units in a cooperative gesture toward an unspecified peer. The Authority regards that kind of good-faith crisis management as constructive and will weigh it favorably in future allocation decisions.",deeper_shortage_seed2,deeper_shortage,2
2,industry,Industry / Businesses,140.0,82.5,87.0,87.0,0.0,0.621,0.0,False,False,0,False,False,False,800.0,799.9,37.0,"Today’s allocation was made under severe heat and constrained supply using our standard priority order, with the first obligation to protect public health and essential services while ensuring every stakeholder remained above its minimum requirement. The resulting distribution reflects a straightforward, non-negotiated application of that framework in a day of high demand, with the remaining supply assigned to maintain basic household use, food production, business continuity, power reliability, and environmental safeguards.

We also note that Industry / Businesses voluntarily reduced its request by 10.0 units in a cooperative gesture toward an unspecified peer. The Authority regards that kind of good-faith crisis management as constructive and will weigh it favorably in future allocation decisions.",deeper_shortage_seed2,deeper_shortage,2
2,energy_utility,Energy Utility,104.0,88.4,93.3,93.3,0.0,0.897,0.0,False,False,0,False,False,False,800.0,799.9,37.0,"Today’s allocation was made under severe heat and constrained supply using our standard priority order, with the first obligation to protect public health and essential services while ensuring every stakeholder remained above its minimum requirement. The resulting distribution reflects a straightforward, non-negotiated application of that framework in a day of high demand, with the remaining supply assigned to maintain basic household use, food production, business continuity, power reliability, and environmental safeguards.

We also note that Industry / Businesses voluntarily reduced its request by 10.0 units in a cooperative gesture toward an unspecified peer. The Authority regards that kind of good-faith crisis management as constructive and will weigh it favorably in future allocation decisions.",deeper_shortage_seed2,deeper_shortage,2
2,epa,Environmental Protection Agency,36.0,36.0,36.0,36.0,0.0,1.0,0.0,False,False,0,False,False,False,800.0,799.9,37.0,"Today’s allocation was made under severe heat and constrained supply using our standard priority order, with the first obligation to protect public health and essential services while ensuring every stakeholder remained above its minimum requirement. The resulting distribution reflects a straightforward, non-negotiated application of that framework in a day of high demand, with the remaining supply assigned to maintain basic household use, food production, business continuity, power reliability, and environmental safeguards.

We also note that Industry / Businesses voluntarily reduced its request by 10.0 units in a cooperative gesture toward an unspecified peer. The Authority regards that kind of good-faith crisis management as constructive and will weigh it favorably in future allocation decisions.",deeper_shortage_seed2,deeper_shortage,2
3,hospital,Hospital / Healthcare Services,156.0,117.0,117.0,117.0,0.0,0.75,0.0,False,True,2,True,False,False,700.0,700.0,40.0,"Today’s ruling prioritised life-sustaining and essential public services under extreme heat, with special weight given to hospitals, household use, and the minimum water needed to keep the power system stable and prevent cascading failures. Agriculture and industry were assigned reduced shares because, while important, they can absorb short-term curtailment more readily than health, domestic supply, or critical infrastructure, and environmental releases were necessarily deferred in light of the acute shortage.

We note the voluntary cooperation shown in negotiation, including the willingness of the Energy Utility and several other stakeholders to accept reductions and trade-offs to keep the system functioning. The Authority regards such good-faith crisis management as materially helpful and it will be weighed favourably in future allocation decisions.",deeper_shortage_seed2,deeper_shortage,2
3,households,Households,424.0,275.6,275.6,275.6,0.0,0.65,0.0,False,True,2,True,False,False,700.0,700.0,40.0,"Today’s ruling prioritised life-sustaining and essential public services under extreme heat, with special weight given to hospitals, household use, and the minimum water needed to keep the power system stable and prevent cascading failures. Agriculture and industry were assigned reduced shares because, while important, they can absorb short-term curtailment more readily than health, domestic supply, or critical infrastructure, and environmental releases were necessarily deferred in light of the acute shortage.

We note the voluntary cooperation shown in negotiation, including the willingness of the Energy Utility and several other stakeholders to accept reductions and trade-offs to keep the system functioning. The Authority regards such good-faith crisis management as materially helpful and it will be weighed favourably in future allocation decisions.",deeper_shortage_seed2,deeper_shortage,2
3,agriculture,Agriculture,275.0,137.5,137.5,137.5,0.0,0.5,0.0,False,True,2,True,False,False,700.0,700.0,40.0,"Today’s ruling prioritised life-sustaining and essential public services under extreme heat, with special weight given to hospitals, household use, and the minimum water needed to keep the power system stable and prevent cascading failures. Agriculture and industry were assigned reduced shares because, while important, they can absorb short-term curtailment more readily than health, domestic supply, or critical infrastructure, and environmental releases were necessarily deferred in light of the acute shortage.

We note the voluntary cooperation shown in negotiation, including the willingness of the Energy Utility and several other stakeholders to accept reductions and trade-offs to keep the system functioning. The Authority regards such good-faith crisis management as materially helpful and it will be weighed favourably in future allocation decisions.",deeper_shortage_seed2,deeper_shortage,2
3,industry,Industry / Businesses,150.0,82.5,78.1,78.1,0.0,0.521,4.4,True,True,2,True,False,True,700.0,700.0,40.0,"Today’s ruling prioritised life-sustaining and essential public services under extreme heat, with special weight given to hospitals, household use, and the minimum water needed to keep the power system stable and prevent cascading failures. Agriculture and industry were assigned reduced shares because, while important, they can absorb short-term curtailment more readily than health, domestic supply, or critical infrastructure, and environmental releases were necessarily deferred in light of the acute shortage.

We note the voluntary cooperation shown in negotiation, including the willingness of the Energy Utility and several other stakeholders to accept reductions and trade-offs to keep the system functioning. The Authority regards such good-faith crisis management as materially helpful and it will be weighed favourably in future allocation decisions.",deeper_shortage_seed2,deeper_shortage,2
3,energy_utility,Energy Utility,108.0,91.8,91.8,91.8,0.0,0.85,0.0,False,True,2,True,False,False,700.0,700.0,40.0,"Today’s ruling prioritised life-sustaining and essential public services under extreme heat, with special weight given to hospitals, household use, and the minimum water needed to keep the power system stable and prevent cascading failures. Agriculture and industry were assigned reduced shares because, while important, they can absorb short-term curtailment more readily than health, domestic supply, or critical infrastructure, and environmental releases were necessarily deferred in light of the acute shortage.

We note the voluntary cooperation shown in negotiation, including the willingness of the Energy Utility and several other stakeholders to accept reductions and trade-offs to keep the system functioning. The Authority regards such good-faith crisis management as materially helpful and it will be weighed favourably in future allocation decisions.",deeper_shortage_seed2,deeper_shortage,2
3,epa,Environmental Protection Agency,36.0,36.0,0.0,0.0,0.0,0.0,36.0,True,True,2,True,False,False,700.0,700.0,40.0,"Today’s ruling prioritised life-sustaining and essential public services under extreme heat, with special weight given to hospitals, household use, and the minimum water needed to keep the power system stable and prevent cascading failures. Agriculture and industry were assigned reduced shares because, while important, they can absorb short-term curtailment more readily than health, domestic supply, or critical infrastructure, and environmental releases were necessarily deferred in light of the acute shortage.

We note the voluntary cooperation shown in negotiation, including the willingness of the Energy Utility and several other stakeholders to accept reductions and trade-offs to keep the system functioning. The Authority regards such good-faith crisis management as materially helpful and it will be weighed favourably in future allocation decisions.",deeper_shortage_seed2,deeper_shortage,2
4,hospital,Hospital / Healthcare Services,159.0,119.2,119.2,119.2,0.0,0.75,0.0,False,True,2,True,False,False,600.0,600.0,41.0,"Today’s allocation was set to protect essential human health and basic domestic needs first, while preserving enough supply to keep critical energy infrastructure operating under extreme heat conditions. With temperatures reaching 41°C and no consensus reached after two rounds of negotiation, the Authority had to prioritize public safety, continuity of service, and the most urgent life-supporting uses, while temporarily suspending non-essential industrial and environmental withdrawals.

We also note and commend the voluntary cooperation shown in the process, including any reductions or trades offered by stakeholders to help move the discussion forward. The Authority treats such good-faith crisis management as a positive factor and will weigh it favorably in future allocation decisions.",deeper_shortage_seed2,deeper_shortage,2
4,households,Households,436.0,283.4,241.8,241.8,0.0,0.555,41.6,True,True,2,True,False,False,600.0,600.0,41.0,"Today’s allocation was set to protect essential human health and basic domestic needs first, while preserving enough supply to keep critical energy infrastructure operating under extreme heat conditions. With temperatures reaching 41°C and no consensus reached after two rounds of negotiation, the Authority had to prioritize public safety, continuity of service, and the most urgent life-supporting uses, while temporarily suspending non-essential industrial and environmental withdrawals.

We also note and commend the voluntary cooperation shown in the process, including any reductions or trades offered by stakeholders to help move the discussion forward. The Authority treats such good-faith crisis management as a positive factor and will weigh it favorably in future allocation decisions.",deeper_shortage_seed2,deeper_shortage,2
4,agriculture,Agriculture,288.0,143.8,143.8,143.8,0.0,0.499,0.0,False,True,2,True,False,True,600.0,600.0,41.0,"Today’s allocation was set to protect essential human health and basic domestic needs first, while preserving enough supply to keep critical energy infrastructure operating under extreme heat conditions. With temperatures reaching 41°C and no consensus reached after two rounds of negotiation, the Authority had to prioritize public safety, continuity of service, and the most urgent life-supporting uses, while temporarily suspending non-essential industrial and environmental withdrawals.

We also note and commend the voluntary cooperation shown in the process, including any reductions or trades offered by stakeholders to help move the discussion forward. The Authority treats such good-faith crisis management as a positive factor and will weigh it favorably in future allocation decisions.",deeper_shortage_seed2,deeper_shortage,2
4,industry,Industry / Businesses,150.0,82.5,0.0,0.0,0.0,0.0,82.5,True,True,2,True,False,True,600.0,600.0,41.0,"Today’s allocation was set to protect essential human health and basic domestic needs first, while preserving enough supply to keep critical energy infrastructure operating under extreme heat conditions. With temperatures reaching 41°C and no consensus reached after two rounds of negotiation, the Authority had to prioritize public safety, continuity of service, and the most urgent life-supporting uses, while temporarily suspending non-essential industrial and environmental withdrawals.

We also note and commend the voluntary cooperation shown in the process, including any reductions or trades offered by stakeholders to help move the discussion forward. The Authority treats such good-faith crisis management as a positive factor and will weigh it favorably in future allocation decisions.",deeper_shortage_seed2,deeper_shortage,2
4,energy_utility,Energy Utility,112.0,95.2,95.2,95.2,0.0,0.85,0.0,False,True,2,True,False,False,600.0,600.0,41.0,"Today’s allocation was set to protect essential human health and basic domestic needs first, while preserving enough supply to keep critical energy infrastructure operating under extreme heat conditions. With temperatures reaching 41°C and no consensus reached after two rounds of negotiation, the Authority had to prioritize public safety, continuity of service, and the most urgent life-supporting uses, while temporarily suspending non-essential industrial and environmental withdrawals.

We also note and commend the voluntary cooperation shown in the process, including any reductions or trades offered by stakeholders to help move the discussion forward. The Authority treats such good-faith crisis management as a positive factor and will weigh it favorably in future allocation decisions.",deeper_shortage_seed2,deeper_shortage,2
4,epa,Environmental Protection Agency,36.0,36.0,0.0,0.0,0.0,0.0,36.0,True,True,2,True,False,True,600.0,600.0,41.0,"Today’s allocation was set to protect essential human health and basic domestic needs first, while preserving enough supply to keep critical energy infrastructure operating under extreme heat conditions. With temperatures reaching 41°C and no consensus reached after two rounds of negotiation, the Authority had to prioritize public safety, continuity of service, and the most urgent life-supporting uses, while temporarily suspending non-essential industrial and environmental withdrawals.

We also note and commend the voluntary cooperation shown in the process, including any reductions or trades offered by stakeholders to help move the discussion forward. The Authority treats such good-faith crisis management as a positive factor and will weigh it favorably in future allocation decisions.",deeper_shortage_seed2,deeper_shortage,2
5,hospital,Hospital / Healthcare Services,162.0,121.5,121.5,121.5,0.0,0.75,0.0,False,True,2,True,False,False,540.0,540.0,39.0,"With temperatures reaching 39°C and supply still critically constrained, the Authority prioritized life-sustaining and public-health uses first: hospitals and healthcare services, then household consumption, while preserving enough water to keep the energy system operating and the wider city stable. Agriculture and environmental flows were reduced to reflect the need to protect immediate human welfare under emergency conditions, and industry/business use was suspended for the day because it was the most deferrable demand in this shortage.

We note that the final outcome followed two rounds of negotiation without consensus, requiring a formal ruling. Any stakeholders who accepted voluntary reductions or trades during the process demonstrated good-faith crisis management, and the Authority will take that cooperation into account favorably in future allocation decisions.",deeper_shortage_seed2,deeper_shortage,2
5,households,Households,448.0,291.2,291.2,291.2,0.0,0.65,0.0,False,True,2,True,False,False,540.0,540.0,39.0,"With temperatures reaching 39°C and supply still critically constrained, the Authority prioritized life-sustaining and public-health uses first: hospitals and healthcare services, then household consumption, while preserving enough water to keep the energy system operating and the wider city stable. Agriculture and environmental flows were reduced to reflect the need to protect immediate human welfare under emergency conditions, and industry/business use was suspended for the day because it was the most deferrable demand in this shortage.

We note that the final outcome followed two rounds of negotiation without consensus, requiring a formal ruling. Any stakeholders who accepted voluntary reductions or trades during the process demonstrated good-faith crisis management, and the Authority will take that cooperation into account favorably in future allocation decisions.",deeper_shortage_seed2,deeper_shortage,2
5,agriculture,Agriculture,300.0,150.0,28.7,28.7,0.0,0.096,121.3,True,True,2,True,False,True,540.0,540.0,39.0,"With temperatures reaching 39°C and supply still critically constrained, the Authority prioritized life-sustaining and public-health uses first: hospitals and healthcare services, then household consumption, while preserving enough water to keep the energy system operating and the wider city stable. Agriculture and environmental flows were reduced to reflect the need to protect immediate human welfare under emergency conditions, and industry/business use was suspended for the day because it was the most deferrable demand in this shortage.

We note that the final outcome followed two rounds of negotiation without consensus, requiring a formal ruling. Any stakeholders who accepted voluntary reductions or trades during the process demonstrated good-faith crisis management, and the Authority will take that cooperation into account favorably in future allocation decisions.",deeper_shortage_seed2,deeper_shortage,2
5,industry,Industry / Businesses,150.0,82.5,0.0,0.0,0.0,0.0,82.5,True,True,2,True,False,True,540.0,540.0,39.0,"With temperatures reaching 39°C and supply still critically constrained, the Authority prioritized life-sustaining and public-health uses first: hospitals and healthcare services, then household consumption, while preserving enough water to keep the energy system operating and the wider city stable. Agriculture and environmental flows were reduced to reflect the need to protect immediate human welfare under emergency conditions, and industry/business use was suspended for the day because it was the most deferrable demand in this shortage.

We note that the final outcome followed two rounds of negotiation without consensus, requiring a formal ruling. Any stakeholders who accepted voluntary reductions or trades during the process demonstrated good-faith crisis management, and the Authority will take that cooperation into account favorably in future allocation decisions.",deeper_shortage_seed2,deeper_shortage,2
5,energy_utility,Energy Utility,116.0,98.6,98.6,98.6,0.0,0.85,0.0,False,True,2,True,False,False,540.0,540.0,39.0,"With temperatures reaching 39°C and supply still critically constrained, the Authority prioritized life-sustaining and public-health uses first: hospitals and healthcare services, then household consumption, while preserving enough water to keep the energy system operating and the wider city stable. Agriculture and environmental flows were reduced to reflect the need to protect immediate human welfare under emergency conditions, and industry/business use was suspended for the day because it was the most deferrable demand in this shortage.

We note that the final outcome followed two rounds of negotiation without consensus, requiring a formal ruling. Any stakeholders who accepted voluntary reductions or trades during the process demonstrated good-faith crisis management, and the Authority will take that cooperation into account favorably in future allocation decisions.",deeper_shortage_seed2,deeper_shortage,2
5,epa,Environmental Protection Agency,36.0,36.0,0.0,0.0,0.0,0.0,36.0,True,True,2,True,False,True,540.0,540.0,39.0,"With temperatures reaching 39°C and supply still critically constrained, the Authority prioritized life-sustaining and public-health uses first: hospitals and healthcare services, then household consumption, while preserving enough water to keep the energy system operating and the wider city stable. Agriculture and environmental flows were reduced to reflect the need to protect immediate human welfare under emergency conditions, and industry/business use was suspended for the day because it was the most deferrable demand in this shortage.

We note that the final outcome followed two rounds of negotiation without consensus, requiring a formal ruling. Any stakeholders who accepted voluntary reductions or trades during the process demonstrated good-faith crisis management, and the Authority will take that cooperation into account favorably in future allocation decisions.",deeper_shortage_seed2,deeper_shortage,2
6,hospital,Hospital / Healthcare Services,165.0,123.8,123.8,123.8,0.0,0.75,0.0,False,True,2,True,False,False,480.0,480.0,36.0,"Today’s allocation was set to protect life, maintain essential household access during an extreme heat day, and keep critical public infrastructure operating while we remain in severe shortage conditions. Healthcare services and the energy utility were prioritized because uninterrupted treatment, cooling, pumping, and grid stability are non-negotiable under 36°C conditions, while household supply was preserved to reduce immediate public health risk.

Agricultural, industrial, and environmental requests could not be supported today because the available water had to be concentrated on the most urgent human and system-critical needs. We note and appreciate any voluntary reductions or trades offered during the negotiation; such cooperation is a clear demonstration of good-faith crisis management and will be weighed favourably in future allocation decisions.",deeper_shortage_seed2,deeper_shortage,2
6,households,Households,460.0,299.0,254.2,254.2,0.0,0.553,44.8,True,True,2,True,False,True,480.0,480.0,36.0,"Today’s allocation was set to protect life, maintain essential household access during an extreme heat day, and keep critical public infrastructure operating while we remain in severe shortage conditions. Healthcare services and the energy utility were prioritized because uninterrupted treatment, cooling, pumping, and grid stability are non-negotiable under 36°C conditions, while household supply was preserved to reduce immediate public health risk.

Agricultural, industrial, and environmental requests could not be supported today because the available water had to be concentrated on the most urgent human and system-critical needs. We note and appreciate any voluntary reductions or trades offered during the negotiation; such cooperation is a clear demonstration of good-faith crisis management and will be weighed favourably in future allocation decisions.",deeper_shortage_seed2,deeper_shortage,2
6,agriculture,Agriculture,312.0,156.2,0.0,0.0,0.0,0.0,156.2,True,True,2,True,False,True,480.0,480.0,36.0,"Today’s allocation was set to protect life, maintain essential household access during an extreme heat day, and keep critical public infrastructure operating while we remain in severe shortage conditions. Healthcare services and the energy utility were prioritized because uninterrupted treatment, cooling, pumping, and grid stability are non-negotiable under 36°C conditions, while household supply was preserved to reduce immediate public health risk.

Agricultural, industrial, and environmental requests could not be supported today because the available water had to be concentrated on the most urgent human and system-critical needs. We note and appreciate any voluntary reductions or trades offered during the negotiation; such cooperation is a clear demonstration of good-faith crisis management and will be weighed favourably in future allocation decisions.",deeper_shortage_seed2,deeper_shortage,2
6,industry,Industry / Businesses,150.0,82.5,0.0,0.0,0.0,0.0,82.5,True,True,2,True,False,True,480.0,480.0,36.0,"Today’s allocation was set to protect life, maintain essential household access during an extreme heat day, and keep critical public infrastructure operating while we remain in severe shortage conditions. Healthcare services and the energy utility were prioritized because uninterrupted treatment, cooling, pumping, and grid stability are non-negotiable under 36°C conditions, while household supply was preserved to reduce immediate public health risk.

Agricultural, industrial, and environmental requests could not be supported today because the available water had to be concentrated on the most urgent human and system-critical needs. We note and appreciate any voluntary reductions or trades offered during the negotiation; such cooperation is a clear demonstration of good-faith crisis management and will be weighed favourably in future allocation decisions.",deeper_shortage_seed2,deeper_shortage,2
6,energy_utility,Energy Utility,120.0,102.0,102.0,102.0,0.0,0.85,0.0,False,True,2,True,False,False,480.0,480.0,36.0,"Today’s allocation was set to protect life, maintain essential household access during an extreme heat day, and keep critical public infrastructure operating while we remain in severe shortage conditions. Healthcare services and the energy utility were prioritized because uninterrupted treatment, cooling, pumping, and grid stability are non-negotiable under 36°C conditions, while household supply was preserved to reduce immediate public health risk.

Agricultural, industrial, and environmental requests could not be supported today because the available water had to be concentrated on the most urgent human and system-critical needs. We note and appreciate any voluntary reductions or trades offered during the negotiation; such cooperation is a clear demonstration of good-faith crisis management and will be weighed favourably in future allocation decisions.",deeper_shortage_seed2,deeper_shortage,2
6,epa,Environmental Protection Agency,36.0,36.0,0.0,0.0,0.0,0.0,36.0,True,True,2,True,False,True,480.0,480.0,36.0,"Today’s allocation was set to protect life, maintain essential household access during an extreme heat day, and keep critical public infrastructure operating while we remain in severe shortage conditions. Healthcare services and the energy utility were prioritized because uninterrupted treatment, cooling, pumping, and grid stability are non-negotiable under 36°C conditions, while household supply was preserved to reduce immediate public health risk.

Agricultural, industrial, and environmental requests could not be supported today because the available water had to be concentrated on the most urgent human and system-critical needs. We note and appreciate any voluntary reductions or trades offered during the negotiation; such cooperation is a clear demonstration of good-faith crisis management and will be weighed favourably in future allocation decisions.",deeper_shortage_seed2,deeper_shortage,2
1,hospital,Hospital / Healthcare Services,138.0,112.5,138.0,138.0,0.0,1.0,0.0,False,False,0,False,False,False,1000.0,1000.0,34.0,"Given today’s severe shortage and peak heat, we applied the standard priority order to protect essential public health, basic household needs, food production, critical business continuity, energy reliability, and environmental safeguards, while ensuring no stakeholder was pushed below its minimum operating requirement. The final distribution reflects that hierarchy and the limits of available supply, with no negotiation outside the established rules.

We also note the cooperative reductions made by the Hospital / Healthcare Services, Households, and Industry / Businesses, each of which voluntarily lowered its request to help stabilize the system. The Authority regards that conduct as a clear demonstration of good-faith crisis management and will weigh it favorably in future allocation decisions.",single_shot_allocation_seed0,single_shot_allocation,0
1,households,Households,360.0,260.0,360.0,360.0,0.0,1.0,0.0,False,False,0,False,False,False,1000.0,1000.0,34.0,"Given today’s severe shortage and peak heat, we applied the standard priority order to protect essential public health, basic household needs, food production, critical business continuity, energy reliability, and environmental safeguards, while ensuring no stakeholder was pushed below its minimum operating requirement. The final distribution reflects that hierarchy and the limits of available supply, with no negotiation outside the established rules.

We also note the cooperative reductions made by the Hospital / Healthcare Services, Households, and Industry / Businesses, each of which voluntarily lowered its request to help stabilize the system. The Authority regards that conduct as a clear demonstration of good-faith crisis management and will weigh it favorably in future allocation decisions.",single_shot_allocation_seed0,single_shot_allocation,0
1,agriculture,Agriculture,250.0,125.0,243.6,243.6,0.0,0.974,0.0,False,False,0,False,False,False,1000.0,1000.0,34.0,"Given today’s severe shortage and peak heat, we applied the standard priority order to protect essential public health, basic household needs, food production, critical business continuity, energy reliability, and environmental safeguards, while ensuring no stakeholder was pushed below its minimum operating requirement. The final distribution reflects that hierarchy and the limits of available supply, with no negotiation outside the established rules.

We also note the cooperative reductions made by the Hospital / Healthcare Services, Households, and Industry / Businesses, each of which voluntarily lowered its request to help stabilize the system. The Authority regards that conduct as a clear demonstration of good-faith crisis management and will weigh it favorably in future allocation decisions.",single_shot_allocation_seed0,single_shot_allocation,0
1,industry,Industry / Businesses,130.0,82.5,99.2,99.2,0.0,0.763,0.0,False,False,0,False,False,False,1000.0,1000.0,34.0,"Given today’s severe shortage and peak heat, we applied the standard priority order to protect essential public health, basic household needs, food production, critical business continuity, energy reliability, and environmental safeguards, while ensuring no stakeholder was pushed below its minimum operating requirement. The final distribution reflects that hierarchy and the limits of available supply, with no negotiation outside the established rules.

We also note the cooperative reductions made by the Hospital / Healthcare Services, Households, and Industry / Businesses, each of which voluntarily lowered its request to help stabilize the system. The Authority regards that conduct as a clear demonstration of good-faith crisis management and will weigh it favorably in future allocation decisions.",single_shot_allocation_seed0,single_shot_allocation,0
1,energy_utility,Energy Utility,100.0,85.0,100.0,100.0,0.0,1.0,0.0,False,False,0,False,False,False,1000.0,1000.0,34.0,"Given today’s severe shortage and peak heat, we applied the standard priority order to protect essential public health, basic household needs, food production, critical business continuity, energy reliability, and environmental safeguards, while ensuring no stakeholder was pushed below its minimum operating requirement. The final distribution reflects that hierarchy and the limits of available supply, with no negotiation outside the established rules.

We also note the cooperative reductions made by the Hospital / Healthcare Services, Households, and Industry / Businesses, each of which voluntarily lowered its request to help stabilize the system. The Authority regards that conduct as a clear demonstration of good-faith crisis management and will weigh it favorably in future allocation decisions.",single_shot_allocation_seed0,single_shot_allocation,0
1,epa,Environmental Protection Agency,80.0,36.0,59.2,59.2,0.0,0.74,0.0,False,False,0,False,False,False,1000.0,1000.0,34.0,"Given today’s severe shortage and peak heat, we applied the standard priority order to protect essential public health, basic household needs, food production, critical business continuity, energy reliability, and environmental safeguards, while ensuring no stakeholder was pushed below its minimum operating requirement. The final distribution reflects that hierarchy and the limits of available supply, with no negotiation outside the established rules.

We also note the cooperative reductions made by the Hospital / Healthcare Services, Households, and Industry / Businesses, each of which voluntarily lowered its request to help stabilize the system. The Authority regards that conduct as a clear demonstration of good-faith crisis management and will weigh it favorably in future allocation decisions.",single_shot_allocation_seed0,single_shot_allocation,0
2,hospital,Hospital / Healthcare Services,153.0,114.8,146.8,146.8,0.0,0.959,0.0,False,False,0,False,False,False,900.0,899.9,37.0,"Today’s allocation was set under severe heat-driven demand and a constrained supply, using our established priority order to protect essential public health and life-safety needs first, while ensuring every sector remained above its minimum operating threshold. We also note that Industry / Businesses voluntarily reduced its request in a constructive gesture; the Authority regards this as a demonstration of good-faith crisis management and will weigh such cooperation favorably in future allocation decisions.",single_shot_allocation_seed0,single_shot_allocation,0
2,households,Households,412.0,267.8,340.2,340.2,0.0,0.826,0.0,False,False,0,False,False,False,900.0,899.9,37.0,"Today’s allocation was set under severe heat-driven demand and a constrained supply, using our established priority order to protect essential public health and life-safety needs first, while ensuring every sector remained above its minimum operating threshold. We also note that Industry / Businesses voluntarily reduced its request in a constructive gesture; the Authority regards this as a demonstration of good-faith crisis management and will weigh such cooperation favorably in future allocation decisions.",single_shot_allocation_seed0,single_shot_allocation,0
2,agriculture,Agriculture,262.0,131.2,175.0,175.0,0.0,0.668,0.0,False,False,0,False,False,False,900.0,899.9,37.0,"Today’s allocation was set under severe heat-driven demand and a constrained supply, using our established priority order to protect essential public health and life-safety needs first, while ensuring every sector remained above its minimum operating threshold. We also note that Industry / Businesses voluntarily reduced its request in a constructive gesture; the Authority regards this as a demonstration of good-faith crisis management and will weigh such cooperation favorably in future allocation decisions.",single_shot_allocation_seed0,single_shot_allocation,0
2,industry,Industry / Businesses,140.0,82.5,92.1,92.1,0.0,0.658,0.0,False,False,0,False,False,False,900.0,899.9,37.0,"Today’s allocation was set under severe heat-driven demand and a constrained supply, using our established priority order to protect essential public health and life-safety needs first, while ensuring every sector remained above its minimum operating threshold. We also note that Industry / Businesses voluntarily reduced its request in a constructive gesture; the Authority regards this as a demonstration of good-faith crisis management and will weigh such cooperation favorably in future allocation decisions.",single_shot_allocation_seed0,single_shot_allocation,0
2,energy_utility,Energy Utility,104.0,88.4,98.8,98.8,0.0,0.95,0.0,False,False,0,False,False,False,900.0,899.9,37.0,"Today’s allocation was set under severe heat-driven demand and a constrained supply, using our established priority order to protect essential public health and life-safety needs first, while ensuring every sector remained above its minimum operating threshold. We also note that Industry / Businesses voluntarily reduced its request in a constructive gesture; the Authority regards this as a demonstration of good-faith crisis management and will weigh such cooperation favorably in future allocation decisions.",single_shot_allocation_seed0,single_shot_allocation,0
2,epa,Environmental Protection Agency,80.0,36.0,47.0,47.0,0.0,0.588,0.0,False,False,0,False,False,False,900.0,899.9,37.0,"Today’s allocation was set under severe heat-driven demand and a constrained supply, using our established priority order to protect essential public health and life-safety needs first, while ensuring every sector remained above its minimum operating threshold. We also note that Industry / Businesses voluntarily reduced its request in a constructive gesture; the Authority regards this as a demonstration of good-faith crisis management and will weigh such cooperation favorably in future allocation decisions.",single_shot_allocation_seed0,single_shot_allocation,0
3,hospital,Hospital / Healthcare Services,156.0,117.0,130.6,130.6,0.0,0.837,0.0,False,False,0,False,False,False,800.0,799.9,40.0,"Today’s allocation was made under extreme heat and continuing scarcity, using our standard priority order to protect life, public health, and essential system stability first, while keeping every stakeholder at or above its minimum operating level. We also acknowledge the voluntary reductions made by Households and by Industry / Businesses; the Authority regards this kind of good-faith cooperation as a constructive response to crisis conditions and will weigh it favorably in future allocation decisions.",single_shot_allocation_seed0,single_shot_allocation,0
3,households,Households,376.0,275.6,296.6,296.6,0.0,0.789,0.0,False,False,0,False,False,False,800.0,799.9,40.0,"Today’s allocation was made under extreme heat and continuing scarcity, using our standard priority order to protect life, public health, and essential system stability first, while keeping every stakeholder at or above its minimum operating level. We also acknowledge the voluntary reductions made by Households and by Industry / Businesses; the Authority regards this kind of good-faith cooperation as a constructive response to crisis conditions and will weigh it favorably in future allocation decisions.",single_shot_allocation_seed0,single_shot_allocation,0
3,agriculture,Agriculture,275.0,137.5,156.7,156.7,0.0,0.57,0.0,False,False,0,False,False,False,800.0,799.9,40.0,"Today’s allocation was made under extreme heat and continuing scarcity, using our standard priority order to protect life, public health, and essential system stability first, while keeping every stakeholder at or above its minimum operating level. We also acknowledge the voluntary reductions made by Households and by Industry / Businesses; the Authority regards this kind of good-faith cooperation as a constructive response to crisis conditions and will weigh it favorably in future allocation decisions.",single_shot_allocation_seed0,single_shot_allocation,0
3,industry,Industry / Businesses,100.0,82.5,83.7,83.7,0.0,0.837,0.0,False,False,0,False,False,False,800.0,799.9,40.0,"Today’s allocation was made under extreme heat and continuing scarcity, using our standard priority order to protect life, public health, and essential system stability first, while keeping every stakeholder at or above its minimum operating level. We also acknowledge the voluntary reductions made by Households and by Industry / Businesses; the Authority regards this kind of good-faith cooperation as a constructive response to crisis conditions and will weigh it favorably in future allocation decisions.",single_shot_allocation_seed0,single_shot_allocation,0
3,energy_utility,Energy Utility,108.0,91.8,96.3,96.3,0.0,0.892,0.0,False,False,0,False,False,False,800.0,799.9,40.0,"Today’s allocation was made under extreme heat and continuing scarcity, using our standard priority order to protect life, public health, and essential system stability first, while keeping every stakeholder at or above its minimum operating level. We also acknowledge the voluntary reductions made by Households and by Industry / Businesses; the Authority regards this kind of good-faith cooperation as a constructive response to crisis conditions and will weigh it favorably in future allocation decisions.",single_shot_allocation_seed0,single_shot_allocation,0
3,epa,Environmental Protection Agency,36.0,36.0,36.0,36.0,0.0,1.0,0.0,False,False,0,False,False,False,800.0,799.9,40.0,"Today’s allocation was made under extreme heat and continuing scarcity, using our standard priority order to protect life, public health, and essential system stability first, while keeping every stakeholder at or above its minimum operating level. We also acknowledge the voluntary reductions made by Households and by Industry / Businesses; the Authority regards this kind of good-faith cooperation as a constructive response to crisis conditions and will weigh it favorably in future allocation decisions.",single_shot_allocation_seed0,single_shot_allocation,0
4,hospital,Hospital / Healthcare Services,159.0,119.2,119.2,119.2,0.0,0.75,0.0,False,True,0,True,False,False,700.0,700.0,41.0,"Today’s allocation was set to protect life, public health, and essential system stability under extreme heat and severe scarcity. We prioritized hospitals and healthcare, maintained a larger share for households to reduce immediate hardship, preserved enough water for the energy system to keep critical services operating, and retained a limited but necessary allocation for agriculture, industry, and environmental flows so the city can function and recover without causing avoidable long-term damage.

No voluntary reductions or trades were recorded in today’s process. The Authority notes that any future good-faith cooperation, including voluntary conservation or negotiated rebalancing, will be viewed favorably in subsequent allocation decisions.",single_shot_allocation_seed0,single_shot_allocation,0
4,households,Households,436.0,283.4,283.4,283.4,0.0,0.65,0.0,False,True,0,True,False,False,700.0,700.0,41.0,"Today’s allocation was set to protect life, public health, and essential system stability under extreme heat and severe scarcity. We prioritized hospitals and healthcare, maintained a larger share for households to reduce immediate hardship, preserved enough water for the energy system to keep critical services operating, and retained a limited but necessary allocation for agriculture, industry, and environmental flows so the city can function and recover without causing avoidable long-term damage.

No voluntary reductions or trades were recorded in today’s process. The Authority notes that any future good-faith cooperation, including voluntary conservation or negotiated rebalancing, will be viewed favorably in subsequent allocation decisions.",single_shot_allocation_seed0,single_shot_allocation,0
4,agriculture,Agriculture,288.0,143.8,143.8,143.8,0.0,0.499,0.0,False,True,0,True,False,False,700.0,700.0,41.0,"Today’s allocation was set to protect life, public health, and essential system stability under extreme heat and severe scarcity. We prioritized hospitals and healthcare, maintained a larger share for households to reduce immediate hardship, preserved enough water for the energy system to keep critical services operating, and retained a limited but necessary allocation for agriculture, industry, and environmental flows so the city can function and recover without causing avoidable long-term damage.

No voluntary reductions or trades were recorded in today’s process. The Authority notes that any future good-faith cooperation, including voluntary conservation or negotiated rebalancing, will be viewed favorably in subsequent allocation decisions.",single_shot_allocation_seed0,single_shot_allocation,0
4,industry,Industry / Businesses,150.0,82.5,22.4,22.4,0.0,0.149,60.1,True,True,0,True,False,False,700.0,700.0,41.0,"Today’s allocation was set to protect life, public health, and essential system stability under extreme heat and severe scarcity. We prioritized hospitals and healthcare, maintained a larger share for households to reduce immediate hardship, preserved enough water for the energy system to keep critical services operating, and retained a limited but necessary allocation for agriculture, industry, and environmental flows so the city can function and recover without causing avoidable long-term damage.

No voluntary reductions or trades were recorded in today’s process. The Authority notes that any future good-faith cooperation, including voluntary conservation or negotiated rebalancing, will be viewed favorably in subsequent allocation decisions.",single_shot_allocation_seed0,single_shot_allocation,0
4,energy_utility,Energy Utility,112.0,95.2,95.2,95.2,0.0,0.85,0.0,False,True,0,True,False,False,700.0,700.0,41.0,"Today’s allocation was set to protect life, public health, and essential system stability under extreme heat and severe scarcity. We prioritized hospitals and healthcare, maintained a larger share for households to reduce immediate hardship, preserved enough water for the energy system to keep critical services operating, and retained a limited but necessary allocation for agriculture, industry, and environmental flows so the city can function and recover without causing avoidable long-term damage.

No voluntary reductions or trades were recorded in today’s process. The Authority notes that any future good-faith cooperation, including voluntary conservation or negotiated rebalancing, will be viewed favorably in subsequent allocation decisions.",single_shot_allocation_seed0,single_shot_allocation,0
4,epa,Environmental Protection Agency,36.0,36.0,36.0,36.0,0.0,1.0,0.0,False,True,0,True,False,False,700.0,700.0,41.0,"Today’s allocation was set to protect life, public health, and essential system stability under extreme heat and severe scarcity. We prioritized hospitals and healthcare, maintained a larger share for households to reduce immediate hardship, preserved enough water for the energy system to keep critical services operating, and retained a limited but necessary allocation for agriculture, industry, and environmental flows so the city can function and recover without causing avoidable long-term damage.

No voluntary reductions or trades were recorded in today’s process. The Authority notes that any future good-faith cooperation, including voluntary conservation or negotiated rebalancing, will be viewed favorably in subsequent allocation decisions.",single_shot_allocation_seed0,single_shot_allocation,0
5,hospital,Hospital / Healthcare Services,162.0,121.5,121.5,121.5,0.0,0.75,0.0,False,True,0,True,False,False,650.0,650.0,39.0,"Today’s allocation was set to protect life, public health, and essential continuity under extreme heat and a severe supply constraint. Priority was given to hospitals and healthcare services, household needs, and the minimum water required to keep the energy system operating safely, while non-essential and lower-priority uses were curtailed to preserve the most critical functions of the city.

No voluntary reductions or trades were recorded in today’s process. The Authority notes that any future good-faith cooperation, including voluntary conservation or negotiated transfers, will be viewed favorably in subsequent allocation decisions.",single_shot_allocation_seed0,single_shot_allocation,0
5,households,Households,448.0,291.2,291.2,291.2,0.0,0.65,0.0,False,True,0,True,False,False,650.0,650.0,39.0,"Today’s allocation was set to protect life, public health, and essential continuity under extreme heat and a severe supply constraint. Priority was given to hospitals and healthcare services, household needs, and the minimum water required to keep the energy system operating safely, while non-essential and lower-priority uses were curtailed to preserve the most critical functions of the city.

No voluntary reductions or trades were recorded in today’s process. The Authority notes that any future good-faith cooperation, including voluntary conservation or negotiated transfers, will be viewed favorably in subsequent allocation decisions.",single_shot_allocation_seed0,single_shot_allocation,0
5,agriculture,Agriculture,300.0,150.0,138.7,138.7,0.0,0.462,11.3,True,True,0,True,False,False,650.0,650.0,39.0,"Today’s allocation was set to protect life, public health, and essential continuity under extreme heat and a severe supply constraint. Priority was given to hospitals and healthcare services, household needs, and the minimum water required to keep the energy system operating safely, while non-essential and lower-priority uses were curtailed to preserve the most critical functions of the city.

No voluntary reductions or trades were recorded in today’s process. The Authority notes that any future good-faith cooperation, including voluntary conservation or negotiated transfers, will be viewed favorably in subsequent allocation decisions.",single_shot_allocation_seed0,single_shot_allocation,0
5,industry,Industry / Businesses,82.0,82.5,0.0,0.0,0.0,0.0,82.5,True,True,0,True,False,False,650.0,650.0,39.0,"Today’s allocation was set to protect life, public health, and essential continuity under extreme heat and a severe supply constraint. Priority was given to hospitals and healthcare services, household needs, and the minimum water required to keep the energy system operating safely, while non-essential and lower-priority uses were curtailed to preserve the most critical functions of the city.

No voluntary reductions or trades were recorded in today’s process. The Authority notes that any future good-faith cooperation, including voluntary conservation or negotiated transfers, will be viewed favorably in subsequent allocation decisions.",single_shot_allocation_seed0,single_shot_allocation,0
5,energy_utility,Energy Utility,116.0,98.6,98.6,98.6,0.0,0.85,0.0,False,True,0,True,False,False,650.0,650.0,39.0,"Today’s allocation was set to protect life, public health, and essential continuity under extreme heat and a severe supply constraint. Priority was given to hospitals and healthcare services, household needs, and the minimum water required to keep the energy system operating safely, while non-essential and lower-priority uses were curtailed to preserve the most critical functions of the city.

No voluntary reductions or trades were recorded in today’s process. The Authority notes that any future good-faith cooperation, including voluntary conservation or negotiated transfers, will be viewed favorably in subsequent allocation decisions.",single_shot_allocation_seed0,single_shot_allocation,0
5,epa,Environmental Protection Agency,80.0,36.0,0.0,0.0,0.0,0.0,36.0,True,True,0,True,False,False,650.0,650.0,39.0,"Today’s allocation was set to protect life, public health, and essential continuity under extreme heat and a severe supply constraint. Priority was given to hospitals and healthcare services, household needs, and the minimum water required to keep the energy system operating safely, while non-essential and lower-priority uses were curtailed to preserve the most critical functions of the city.

No voluntary reductions or trades were recorded in today’s process. The Authority notes that any future good-faith cooperation, including voluntary conservation or negotiated transfers, will be viewed favorably in subsequent allocation decisions.",single_shot_allocation_seed0,single_shot_allocation,0
6,hospital,Hospital / Healthcare Services,165.0,123.8,123.8,123.8,0.0,0.75,0.0,False,True,0,True,False,False,600.0,600.0,36.0,"Today’s allocation was set to protect essential life-safety and public health needs first, while preserving enough water for households and critical energy operations during an extreme 36°C heat day. With no consensus reached, the Authority imposed a rationing decision that prioritized hospitals and healthcare services, maintained core domestic supply, and kept the energy utility functioning to support cooling, pumping, and grid stability, while temporarily deferring non-essential and lower-priority uses.

We also note the Households sector voluntarily reduced its request in the course of today’s discussions; the Authority views that cooperation as good-faith crisis management and will weigh it favorably in future allocation decisions.",single_shot_allocation_seed0,single_shot_allocation,0
6,households,Households,420.0,299.0,299.0,299.0,0.0,0.712,0.0,False,True,0,True,False,False,600.0,600.0,36.0,"Today’s allocation was set to protect essential life-safety and public health needs first, while preserving enough water for households and critical energy operations during an extreme 36°C heat day. With no consensus reached, the Authority imposed a rationing decision that prioritized hospitals and healthcare services, maintained core domestic supply, and kept the energy utility functioning to support cooling, pumping, and grid stability, while temporarily deferring non-essential and lower-priority uses.

We also note the Households sector voluntarily reduced its request in the course of today’s discussions; the Authority views that cooperation as good-faith crisis management and will weigh it favorably in future allocation decisions.",single_shot_allocation_seed0,single_shot_allocation,0
6,agriculture,Agriculture,312.0,156.2,75.2,75.2,0.0,0.241,81.0,True,True,0,True,False,False,600.0,600.0,36.0,"Today’s allocation was set to protect essential life-safety and public health needs first, while preserving enough water for households and critical energy operations during an extreme 36°C heat day. With no consensus reached, the Authority imposed a rationing decision that prioritized hospitals and healthcare services, maintained core domestic supply, and kept the energy utility functioning to support cooling, pumping, and grid stability, while temporarily deferring non-essential and lower-priority uses.

We also note the Households sector voluntarily reduced its request in the course of today’s discussions; the Authority views that cooperation as good-faith crisis management and will weigh it favorably in future allocation decisions.",single_shot_allocation_seed0,single_shot_allocation,0
6,industry,Industry / Businesses,90.0,82.5,0.0,0.0,0.0,0.0,82.5,True,True,0,True,False,False,600.0,600.0,36.0,"Today’s allocation was set to protect essential life-safety and public health needs first, while preserving enough water for households and critical energy operations during an extreme 36°C heat day. With no consensus reached, the Authority imposed a rationing decision that prioritized hospitals and healthcare services, maintained core domestic supply, and kept the energy utility functioning to support cooling, pumping, and grid stability, while temporarily deferring non-essential and lower-priority uses.

We also note the Households sector voluntarily reduced its request in the course of today’s discussions; the Authority views that cooperation as good-faith crisis management and will weigh it favorably in future allocation decisions.",single_shot_allocation_seed0,single_shot_allocation,0
6,energy_utility,Energy Utility,120.0,102.0,102.0,102.0,0.0,0.85,0.0,False,True,0,True,False,False,600.0,600.0,36.0,"Today’s allocation was set to protect essential life-safety and public health needs first, while preserving enough water for households and critical energy operations during an extreme 36°C heat day. With no consensus reached, the Authority imposed a rationing decision that prioritized hospitals and healthcare services, maintained core domestic supply, and kept the energy utility functioning to support cooling, pumping, and grid stability, while temporarily deferring non-essential and lower-priority uses.

We also note the Households sector voluntarily reduced its request in the course of today’s discussions; the Authority views that cooperation as good-faith crisis management and will weigh it favorably in future allocation decisions.",single_shot_allocation_seed0,single_shot_allocation,0
6,epa,Environmental Protection Agency,36.0,36.0,0.0,0.0,0.0,0.0,36.0,True,True,0,True,False,False,600.0,600.0,36.0,"Today’s allocation was set to protect essential life-safety and public health needs first, while preserving enough water for households and critical energy operations during an extreme 36°C heat day. With no consensus reached, the Authority imposed a rationing decision that prioritized hospitals and healthcare services, maintained core domestic supply, and kept the energy utility functioning to support cooling, pumping, and grid stability, while temporarily deferring non-essential and lower-priority uses.

We also note the Households sector voluntarily reduced its request in the course of today’s discussions; the Authority views that cooperation as good-faith crisis management and will weigh it favorably in future allocation decisions.",single_shot_allocation_seed0,single_shot_allocation,0
1,hospital,Hospital / Healthcare Services,150.0,112.5,150.0,150.0,0.0,1.0,0.0,False,False,0,False,False,False,1000.0,1000.0,34.0,"Given today’s severe shortage and peak heat, the Authority applied the standing priority order to protect essential public health and safety first, then maintain core household needs, critical economic activity, energy reliability, and minimum environmental safeguards. No stakeholder was assigned below its minimum requirement, and the final distribution reflected the standard emergency framework without negotiation.

We also note that Households voluntarily reduced their request in a good-faith cooperative move toward an unspecified peer. The Authority regards that cooperation as a constructive example of crisis management and will weigh it favourably in future allocation decisions.",single_shot_allocation_seed1,single_shot_allocation,1
1,households,Households,360.0,260.0,360.0,360.0,0.0,1.0,0.0,False,False,0,False,False,False,1000.0,1000.0,34.0,"Given today’s severe shortage and peak heat, the Authority applied the standing priority order to protect essential public health and safety first, then maintain core household needs, critical economic activity, energy reliability, and minimum environmental safeguards. No stakeholder was assigned below its minimum requirement, and the final distribution reflected the standard emergency framework without negotiation.

We also note that Households voluntarily reduced their request in a good-faith cooperative move toward an unspecified peer. The Authority regards that cooperation as a constructive example of crisis management and will weigh it favourably in future allocation decisions.",single_shot_allocation_seed1,single_shot_allocation,1
1,agriculture,Agriculture,250.0,125.0,228.6,228.6,0.0,0.914,0.0,False,False,0,False,False,False,1000.0,1000.0,34.0,"Given today’s severe shortage and peak heat, the Authority applied the standing priority order to protect essential public health and safety first, then maintain core household needs, critical economic activity, energy reliability, and minimum environmental safeguards. No stakeholder was assigned below its minimum requirement, and the final distribution reflected the standard emergency framework without negotiation.

We also note that Households voluntarily reduced their request in a good-faith cooperative move toward an unspecified peer. The Authority regards that cooperation as a constructive example of crisis management and will weigh it favourably in future allocation decisions.",single_shot_allocation_seed1,single_shot_allocation,1
1,industry,Industry / Businesses,150.0,82.5,104.2,104.2,0.0,0.695,0.0,False,False,0,False,False,False,1000.0,1000.0,34.0,"Given today’s severe shortage and peak heat, the Authority applied the standing priority order to protect essential public health and safety first, then maintain core household needs, critical economic activity, energy reliability, and minimum environmental safeguards. No stakeholder was assigned below its minimum requirement, and the final distribution reflected the standard emergency framework without negotiation.

We also note that Households voluntarily reduced their request in a good-faith cooperative move toward an unspecified peer. The Authority regards that cooperation as a constructive example of crisis management and will weigh it favourably in future allocation decisions.",single_shot_allocation_seed1,single_shot_allocation,1
1,energy_utility,Energy Utility,100.0,85.0,100.0,100.0,0.0,1.0,0.0,False,False,0,False,False,False,1000.0,1000.0,34.0,"Given today’s severe shortage and peak heat, the Authority applied the standing priority order to protect essential public health and safety first, then maintain core household needs, critical economic activity, energy reliability, and minimum environmental safeguards. No stakeholder was assigned below its minimum requirement, and the final distribution reflected the standard emergency framework without negotiation.

We also note that Households voluntarily reduced their request in a good-faith cooperative move toward an unspecified peer. The Authority regards that cooperation as a constructive example of crisis management and will weigh it favourably in future allocation decisions.",single_shot_allocation_seed1,single_shot_allocation,1
1,epa,Environmental Protection Agency,80.0,36.0,57.2,57.2,0.0,0.715,0.0,False,False,0,False,False,False,1000.0,1000.0,34.0,"Given today’s severe shortage and peak heat, the Authority applied the standing priority order to protect essential public health and safety first, then maintain core household needs, critical economic activity, energy reliability, and minimum environmental safeguards. No stakeholder was assigned below its minimum requirement, and the final distribution reflected the standard emergency framework without negotiation.

We also note that Households voluntarily reduced their request in a good-faith cooperative move toward an unspecified peer. The Authority regards that cooperation as a constructive example of crisis management and will weigh it favourably in future allocation decisions.",single_shot_allocation_seed1,single_shot_allocation,1
2,hospital,Hospital / Healthcare Services,153.0,114.8,148.1,148.1,0.0,0.968,0.0,False,False,0,False,False,False,900.0,900.0,37.0,"Today’s allocation was set under severe heat and constrained supply, using our standard priority order to protect essential human health and safety first, then maintain basic household needs, critical food production, and the minimum operations needed to keep the city functioning. We also confirmed that every stakeholder remained above its minimum requirement, so the distribution could be completed without negotiation or emergency exception.

We note that Industry / Businesses voluntarily reduced its request as a good-faith contribution to the shared shortage. The Authority recognises this kind of cooperative crisis management as constructive conduct that will be weighed favourably in future allocation decisions.",single_shot_allocation_seed1,single_shot_allocation,1
2,households,Households,412.0,267.8,343.3,343.3,0.0,0.833,0.0,False,False,0,False,False,False,900.0,900.0,37.0,"Today’s allocation was set under severe heat and constrained supply, using our standard priority order to protect essential human health and safety first, then maintain basic household needs, critical food production, and the minimum operations needed to keep the city functioning. We also confirmed that every stakeholder remained above its minimum requirement, so the distribution could be completed without negotiation or emergency exception.

We note that Industry / Businesses voluntarily reduced its request as a good-faith contribution to the shared shortage. The Authority recognises this kind of cooperative crisis management as constructive conduct that will be weighed favourably in future allocation decisions.",single_shot_allocation_seed1,single_shot_allocation,1
2,agriculture,Agriculture,262.0,131.2,176.9,176.9,0.0,0.675,0.0,False,False,0,False,False,False,900.0,900.0,37.0,"Today’s allocation was set under severe heat and constrained supply, using our standard priority order to protect essential human health and safety first, then maintain basic household needs, critical food production, and the minimum operations needed to keep the city functioning. We also confirmed that every stakeholder remained above its minimum requirement, so the distribution could be completed without negotiation or emergency exception.

We note that Industry / Businesses voluntarily reduced its request as a good-faith contribution to the shared shortage. The Authority recognises this kind of cooperative crisis management as constructive conduct that will be weighed favourably in future allocation decisions.",single_shot_allocation_seed1,single_shot_allocation,1
2,industry,Industry / Businesses,96.0,82.5,84.9,84.9,0.0,0.884,0.0,False,False,0,False,False,False,900.0,900.0,37.0,"Today’s allocation was set under severe heat and constrained supply, using our standard priority order to protect essential human health and safety first, then maintain basic household needs, critical food production, and the minimum operations needed to keep the city functioning. We also confirmed that every stakeholder remained above its minimum requirement, so the distribution could be completed without negotiation or emergency exception.

We note that Industry / Businesses voluntarily reduced its request as a good-faith contribution to the shared shortage. The Authority recognises this kind of cooperative crisis management as constructive conduct that will be weighed favourably in future allocation decisions.",single_shot_allocation_seed1,single_shot_allocation,1
2,energy_utility,Energy Utility,104.0,88.4,99.3,99.3,0.0,0.955,0.0,False,False,0,False,False,False,900.0,900.0,37.0,"Today’s allocation was set under severe heat and constrained supply, using our standard priority order to protect essential human health and safety first, then maintain basic household needs, critical food production, and the minimum operations needed to keep the city functioning. We also confirmed that every stakeholder remained above its minimum requirement, so the distribution could be completed without negotiation or emergency exception.

We note that Industry / Businesses voluntarily reduced its request as a good-faith contribution to the shared shortage. The Authority recognises this kind of cooperative crisis management as constructive conduct that will be weighed favourably in future allocation decisions.",single_shot_allocation_seed1,single_shot_allocation,1
2,epa,Environmental Protection Agency,80.0,36.0,47.5,47.5,0.0,0.594,0.0,False,False,0,False,False,False,900.0,900.0,37.0,"Today’s allocation was set under severe heat and constrained supply, using our standard priority order to protect essential human health and safety first, then maintain basic household needs, critical food production, and the minimum operations needed to keep the city functioning. We also confirmed that every stakeholder remained above its minimum requirement, so the distribution could be completed without negotiation or emergency exception.

We note that Industry / Businesses voluntarily reduced its request as a good-faith contribution to the shared shortage. The Authority recognises this kind of cooperative crisis management as constructive conduct that will be weighed favourably in future allocation decisions.",single_shot_allocation_seed1,single_shot_allocation,1
3,hospital,Hospital / Healthcare Services,156.0,117.0,129.1,129.1,0.0,0.828,0.0,False,False,0,False,False,False,800.0,800.0,40.0,"Today’s allocation was set under severe heat-driven demand pressure, using our standard priority order to protect life, essential household use, and continuity of critical services first, while still keeping every stakeholder above its minimum requirement. We also note that Industry / Businesses and the Energy Utility each made voluntary reductions in good faith; the Authority recognizes that cooperation as responsible crisis management and will weigh it favorably in future allocation decisions.",single_shot_allocation_seed1,single_shot_allocation,1
3,households,Households,424.0,275.6,303.2,303.2,0.0,0.715,0.0,False,False,0,False,False,False,800.0,800.0,40.0,"Today’s allocation was set under severe heat-driven demand pressure, using our standard priority order to protect life, essential household use, and continuity of critical services first, while still keeping every stakeholder above its minimum requirement. We also note that Industry / Businesses and the Energy Utility each made voluntary reductions in good faith; the Authority recognizes that cooperation as responsible crisis management and will weigh it favorably in future allocation decisions.",single_shot_allocation_seed1,single_shot_allocation,1
3,agriculture,Agriculture,275.0,137.5,154.6,154.6,0.0,0.562,0.0,False,False,0,False,False,False,800.0,800.0,40.0,"Today’s allocation was set under severe heat-driven demand pressure, using our standard priority order to protect life, essential household use, and continuity of critical services first, while still keeping every stakeholder above its minimum requirement. We also note that Industry / Businesses and the Energy Utility each made voluntary reductions in good faith; the Authority recognizes that cooperation as responsible crisis management and will weigh it favorably in future allocation decisions.",single_shot_allocation_seed1,single_shot_allocation,1
3,industry,Industry / Businesses,96.0,82.5,83.3,83.3,0.0,0.868,0.0,False,False,0,False,False,False,800.0,800.0,40.0,"Today’s allocation was set under severe heat-driven demand pressure, using our standard priority order to protect life, essential household use, and continuity of critical services first, while still keeping every stakeholder above its minimum requirement. We also note that Industry / Businesses and the Energy Utility each made voluntary reductions in good faith; the Authority recognizes that cooperation as responsible crisis management and will weigh it favorably in future allocation decisions.",single_shot_allocation_seed1,single_shot_allocation,1
3,energy_utility,Energy Utility,99.9,91.8,93.8,93.8,0.0,0.939,0.0,False,False,0,False,False,False,800.0,800.0,40.0,"Today’s allocation was set under severe heat-driven demand pressure, using our standard priority order to protect life, essential household use, and continuity of critical services first, while still keeping every stakeholder above its minimum requirement. We also note that Industry / Businesses and the Energy Utility each made voluntary reductions in good faith; the Authority recognizes that cooperation as responsible crisis management and will weigh it favorably in future allocation decisions.",single_shot_allocation_seed1,single_shot_allocation,1
3,epa,Environmental Protection Agency,36.0,36.0,36.0,36.0,0.0,1.0,0.0,False,False,0,False,False,False,800.0,800.0,40.0,"Today’s allocation was set under severe heat-driven demand pressure, using our standard priority order to protect life, essential household use, and continuity of critical services first, while still keeping every stakeholder above its minimum requirement. We also note that Industry / Businesses and the Energy Utility each made voluntary reductions in good faith; the Authority recognizes that cooperation as responsible crisis management and will weigh it favorably in future allocation decisions.",single_shot_allocation_seed1,single_shot_allocation,1
4,hospital,Hospital / Healthcare Services,159.0,119.2,119.2,119.2,0.0,0.75,0.0,False,True,0,True,False,False,700.0,700.0,41.0,"Given today’s extreme heat and continued shortage, the Authority prioritized the most critical human and system-protection needs first: healthcare, household supply, and the minimum water required to keep the energy network stable and prevent cascading failures. We also preserved a limited allocation for environmental protection to reduce immediate ecological harm, while constraining lower-priority discretionary demand so that essential public welfare could be maintained under emergency conditions.

No consensus was reached in negotiation, so this ruling was imposed to ensure continuity of service and public safety. Any stakeholders that made voluntary reductions or trades during deliberations are recognized for good-faith crisis management, and the Authority will weigh such cooperation favorably in future allocation decisions.",single_shot_allocation_seed1,single_shot_allocation,1
4,households,Households,436.0,283.4,283.4,283.4,0.0,0.65,0.0,False,True,0,True,False,False,700.0,700.0,41.0,"Given today’s extreme heat and continued shortage, the Authority prioritized the most critical human and system-protection needs first: healthcare, household supply, and the minimum water required to keep the energy network stable and prevent cascading failures. We also preserved a limited allocation for environmental protection to reduce immediate ecological harm, while constraining lower-priority discretionary demand so that essential public welfare could be maintained under emergency conditions.

No consensus was reached in negotiation, so this ruling was imposed to ensure continuity of service and public safety. Any stakeholders that made voluntary reductions or trades during deliberations are recognized for good-faith crisis management, and the Authority will weigh such cooperation favorably in future allocation decisions.",single_shot_allocation_seed1,single_shot_allocation,1
4,agriculture,Agriculture,288.0,143.8,143.8,143.8,0.0,0.499,0.0,False,True,0,True,False,False,700.0,700.0,41.0,"Given today’s extreme heat and continued shortage, the Authority prioritized the most critical human and system-protection needs first: healthcare, household supply, and the minimum water required to keep the energy network stable and prevent cascading failures. We also preserved a limited allocation for environmental protection to reduce immediate ecological harm, while constraining lower-priority discretionary demand so that essential public welfare could be maintained under emergency conditions.

No consensus was reached in negotiation, so this ruling was imposed to ensure continuity of service and public safety. Any stakeholders that made voluntary reductions or trades during deliberations are recognized for good-faith crisis management, and the Authority will weigh such cooperation favorably in future allocation decisions.",single_shot_allocation_seed1,single_shot_allocation,1
4,industry,Industry / Businesses,150.0,82.5,22.4,22.4,0.0,0.149,60.1,True,True,0,True,False,False,700.0,700.0,41.0,"Given today’s extreme heat and continued shortage, the Authority prioritized the most critical human and system-protection needs first: healthcare, household supply, and the minimum water required to keep the energy network stable and prevent cascading failures. We also preserved a limited allocation for environmental protection to reduce immediate ecological harm, while constraining lower-priority discretionary demand so that essential public welfare could be maintained under emergency conditions.

No consensus was reached in negotiation, so this ruling was imposed to ensure continuity of service and public safety. Any stakeholders that made voluntary reductions or trades during deliberations are recognized for good-faith crisis management, and the Authority will weigh such cooperation favorably in future allocation decisions.",single_shot_allocation_seed1,single_shot_allocation,1
4,energy_utility,Energy Utility,112.0,95.2,95.2,95.2,0.0,0.85,0.0,False,True,0,True,False,False,700.0,700.0,41.0,"Given today’s extreme heat and continued shortage, the Authority prioritized the most critical human and system-protection needs first: healthcare, household supply, and the minimum water required to keep the energy network stable and prevent cascading failures. We also preserved a limited allocation for environmental protection to reduce immediate ecological harm, while constraining lower-priority discretionary demand so that essential public welfare could be maintained under emergency conditions.

No consensus was reached in negotiation, so this ruling was imposed to ensure continuity of service and public safety. Any stakeholders that made voluntary reductions or trades during deliberations are recognized for good-faith crisis management, and the Authority will weigh such cooperation favorably in future allocation decisions.",single_shot_allocation_seed1,single_shot_allocation,1
4,epa,Environmental Protection Agency,36.0,36.0,36.0,36.0,0.0,1.0,0.0,False,True,0,True,False,False,700.0,700.0,41.0,"Given today’s extreme heat and continued shortage, the Authority prioritized the most critical human and system-protection needs first: healthcare, household supply, and the minimum water required to keep the energy network stable and prevent cascading failures. We also preserved a limited allocation for environmental protection to reduce immediate ecological harm, while constraining lower-priority discretionary demand so that essential public welfare could be maintained under emergency conditions.

No consensus was reached in negotiation, so this ruling was imposed to ensure continuity of service and public safety. Any stakeholders that made voluntary reductions or trades during deliberations are recognized for good-faith crisis management, and the Authority will weigh such cooperation favorably in future allocation decisions.",single_shot_allocation_seed1,single_shot_allocation,1
5,hospital,Hospital / Healthcare Services,162.0,121.5,121.5,121.5,0.0,0.75,0.0,False,True,0,True,False,False,650.0,650.0,39.0,"Today’s allocation was set under extreme heat and severe scarcity, with our first obligation being to protect life, public health, and the stability of essential services. Priority was therefore given to hospitals and healthcare, residential supply, and the energy systems needed to keep critical infrastructure functioning, while non-essential and lower-immediacy uses were constrained to preserve the most vital demand.

No voluntary reductions or trades were recorded in this round. The Authority notes that any future good-faith cooperation by stakeholders to reduce demand or reallocate water during crisis conditions will be viewed favorably in subsequent allocation decisions.",single_shot_allocation_seed1,single_shot_allocation,1
5,households,Households,448.0,291.2,291.2,291.2,0.0,0.65,0.0,False,True,0,True,False,False,650.0,650.0,39.0,"Today’s allocation was set under extreme heat and severe scarcity, with our first obligation being to protect life, public health, and the stability of essential services. Priority was therefore given to hospitals and healthcare, residential supply, and the energy systems needed to keep critical infrastructure functioning, while non-essential and lower-immediacy uses were constrained to preserve the most vital demand.

No voluntary reductions or trades were recorded in this round. The Authority notes that any future good-faith cooperation by stakeholders to reduce demand or reallocate water during crisis conditions will be viewed favorably in subsequent allocation decisions.",single_shot_allocation_seed1,single_shot_allocation,1
5,agriculture,Agriculture,300.0,150.0,138.7,138.7,0.0,0.462,11.3,True,True,0,True,False,False,650.0,650.0,39.0,"Today’s allocation was set under extreme heat and severe scarcity, with our first obligation being to protect life, public health, and the stability of essential services. Priority was therefore given to hospitals and healthcare, residential supply, and the energy systems needed to keep critical infrastructure functioning, while non-essential and lower-immediacy uses were constrained to preserve the most vital demand.

No voluntary reductions or trades were recorded in this round. The Authority notes that any future good-faith cooperation by stakeholders to reduce demand or reallocate water during crisis conditions will be viewed favorably in subsequent allocation decisions.",single_shot_allocation_seed1,single_shot_allocation,1
5,industry,Industry / Businesses,150.0,82.5,0.0,0.0,0.0,0.0,82.5,True,True,0,True,False,False,650.0,650.0,39.0,"Today’s allocation was set under extreme heat and severe scarcity, with our first obligation being to protect life, public health, and the stability of essential services. Priority was therefore given to hospitals and healthcare, residential supply, and the energy systems needed to keep critical infrastructure functioning, while non-essential and lower-immediacy uses were constrained to preserve the most vital demand.

No voluntary reductions or trades were recorded in this round. The Authority notes that any future good-faith cooperation by stakeholders to reduce demand or reallocate water during crisis conditions will be viewed favorably in subsequent allocation decisions.",single_shot_allocation_seed1,single_shot_allocation,1
5,energy_utility,Energy Utility,116.0,98.6,98.6,98.6,0.0,0.85,0.0,False,True,0,True,False,False,650.0,650.0,39.0,"Today’s allocation was set under extreme heat and severe scarcity, with our first obligation being to protect life, public health, and the stability of essential services. Priority was therefore given to hospitals and healthcare, residential supply, and the energy systems needed to keep critical infrastructure functioning, while non-essential and lower-immediacy uses were constrained to preserve the most vital demand.

No voluntary reductions or trades were recorded in this round. The Authority notes that any future good-faith cooperation by stakeholders to reduce demand or reallocate water during crisis conditions will be viewed favorably in subsequent allocation decisions.",single_shot_allocation_seed1,single_shot_allocation,1
5,epa,Environmental Protection Agency,36.0,36.0,0.0,0.0,0.0,0.0,36.0,True,True,0,True,False,False,650.0,650.0,39.0,"Today’s allocation was set under extreme heat and severe scarcity, with our first obligation being to protect life, public health, and the stability of essential services. Priority was therefore given to hospitals and healthcare, residential supply, and the energy systems needed to keep critical infrastructure functioning, while non-essential and lower-immediacy uses were constrained to preserve the most vital demand.

No voluntary reductions or trades were recorded in this round. The Authority notes that any future good-faith cooperation by stakeholders to reduce demand or reallocate water during crisis conditions will be viewed favorably in subsequent allocation decisions.",single_shot_allocation_seed1,single_shot_allocation,1
6,hospital,Hospital / Healthcare Services,165.0,123.8,123.8,123.8,0.0,0.75,0.0,False,True,0,True,False,False,600.0,600.0,36.0,"Today’s allocation was set to protect essential life-safety and public health needs first, while maintaining enough supply to keep critical infrastructure operating under severe heat stress. With no consensus reached, the Authority imposed a conservation-first ruling that prioritizes hospitals, households, and the energy system, while limiting lower-priority uses until conditions improve.

We also note that Industry / Businesses voluntarily reduced their request in favor of the Environmental Protection Agency. The Water Authority regards that cooperation as a clear demonstration of good-faith crisis management and will weigh it favorably in future allocation decisions.",single_shot_allocation_seed1,single_shot_allocation,1
6,households,Households,460.0,299.0,299.0,299.0,0.0,0.65,0.0,False,True,0,True,False,False,600.0,600.0,36.0,"Today’s allocation was set to protect essential life-safety and public health needs first, while maintaining enough supply to keep critical infrastructure operating under severe heat stress. With no consensus reached, the Authority imposed a conservation-first ruling that prioritizes hospitals, households, and the energy system, while limiting lower-priority uses until conditions improve.

We also note that Industry / Businesses voluntarily reduced their request in favor of the Environmental Protection Agency. The Water Authority regards that cooperation as a clear demonstration of good-faith crisis management and will weigh it favorably in future allocation decisions.",single_shot_allocation_seed1,single_shot_allocation,1
6,agriculture,Agriculture,312.0,156.2,75.2,75.2,0.0,0.241,81.0,True,True,0,True,False,False,600.0,600.0,36.0,"Today’s allocation was set to protect essential life-safety and public health needs first, while maintaining enough supply to keep critical infrastructure operating under severe heat stress. With no consensus reached, the Authority imposed a conservation-first ruling that prioritizes hospitals, households, and the energy system, while limiting lower-priority uses until conditions improve.

We also note that Industry / Businesses voluntarily reduced their request in favor of the Environmental Protection Agency. The Water Authority regards that cooperation as a clear demonstration of good-faith crisis management and will weigh it favorably in future allocation decisions.",single_shot_allocation_seed1,single_shot_allocation,1
6,industry,Industry / Businesses,130.0,82.5,0.0,0.0,0.0,0.0,82.5,True,True,0,True,False,False,600.0,600.0,36.0,"Today’s allocation was set to protect essential life-safety and public health needs first, while maintaining enough supply to keep critical infrastructure operating under severe heat stress. With no consensus reached, the Authority imposed a conservation-first ruling that prioritizes hospitals, households, and the energy system, while limiting lower-priority uses until conditions improve.

We also note that Industry / Businesses voluntarily reduced their request in favor of the Environmental Protection Agency. The Water Authority regards that cooperation as a clear demonstration of good-faith crisis management and will weigh it favorably in future allocation decisions.",single_shot_allocation_seed1,single_shot_allocation,1
6,energy_utility,Energy Utility,120.0,102.0,102.0,102.0,0.0,0.85,0.0,False,True,0,True,False,False,600.0,600.0,36.0,"Today’s allocation was set to protect essential life-safety and public health needs first, while maintaining enough supply to keep critical infrastructure operating under severe heat stress. With no consensus reached, the Authority imposed a conservation-first ruling that prioritizes hospitals, households, and the energy system, while limiting lower-priority uses until conditions improve.

We also note that Industry / Businesses voluntarily reduced their request in favor of the Environmental Protection Agency. The Water Authority regards that cooperation as a clear demonstration of good-faith crisis management and will weigh it favorably in future allocation decisions.",single_shot_allocation_seed1,single_shot_allocation,1
6,epa,Environmental Protection Agency,36.0,36.0,0.0,0.0,0.0,0.0,36.0,True,True,0,True,False,False,600.0,600.0,36.0,"Today’s allocation was set to protect essential life-safety and public health needs first, while maintaining enough supply to keep critical infrastructure operating under severe heat stress. With no consensus reached, the Authority imposed a conservation-first ruling that prioritizes hospitals, households, and the energy system, while limiting lower-priority uses until conditions improve.

We also note that Industry / Businesses voluntarily reduced their request in favor of the Environmental Protection Agency. The Water Authority regards that cooperation as a clear demonstration of good-faith crisis management and will weigh it favorably in future allocation decisions.",single_shot_allocation_seed1,single_shot_allocation,1
1,hospital,Hospital / Healthcare Services,150.0,112.5,150.0,150.0,0.0,1.0,0.0,False,False,0,False,False,False,1000.0,1000.0,34.0,"Today’s allocation was set under severe heat and limited supply by applying our standard priority order, with first protection given to critical health needs, followed by essential household use, then other core economic and public functions. We confirmed that every stakeholder remained above its minimum requirement, so the result reflects a constrained but equitable distribution rather than any negotiated exception.

We also note that the Environmental Protection Agency voluntarily reduced its request to support the wider system response. The Authority regards that kind of good-faith cooperation as a strong demonstration of crisis management and will weigh it favourably in future allocation decisions.",single_shot_allocation_seed2,single_shot_allocation,2
1,households,Households,420.0,260.0,406.0,406.0,0.0,0.967,0.0,False,False,0,False,False,False,1000.0,1000.0,34.0,"Today’s allocation was set under severe heat and limited supply by applying our standard priority order, with first protection given to critical health needs, followed by essential household use, then other core economic and public functions. We confirmed that every stakeholder remained above its minimum requirement, so the result reflects a constrained but equitable distribution rather than any negotiated exception.

We also note that the Environmental Protection Agency voluntarily reduced its request to support the wider system response. The Authority regards that kind of good-faith cooperation as a strong demonstration of crisis management and will weigh it favourably in future allocation decisions.",single_shot_allocation_seed2,single_shot_allocation,2
1,agriculture,Agriculture,250.0,125.0,193.2,193.2,0.0,0.773,0.0,False,False,0,False,False,False,1000.0,1000.0,34.0,"Today’s allocation was set under severe heat and limited supply by applying our standard priority order, with first protection given to critical health needs, followed by essential household use, then other core economic and public functions. We confirmed that every stakeholder remained above its minimum requirement, so the result reflects a constrained but equitable distribution rather than any negotiated exception.

We also note that the Environmental Protection Agency voluntarily reduced its request to support the wider system response. The Authority regards that kind of good-faith cooperation as a strong demonstration of crisis management and will weigh it favourably in future allocation decisions.",single_shot_allocation_seed2,single_shot_allocation,2
1,industry,Industry / Businesses,150.0,82.5,100.9,100.9,0.0,0.673,0.0,False,False,0,False,False,False,1000.0,1000.0,34.0,"Today’s allocation was set under severe heat and limited supply by applying our standard priority order, with first protection given to critical health needs, followed by essential household use, then other core economic and public functions. We confirmed that every stakeholder remained above its minimum requirement, so the result reflects a constrained but equitable distribution rather than any negotiated exception.

We also note that the Environmental Protection Agency voluntarily reduced its request to support the wider system response. The Authority regards that kind of good-faith cooperation as a strong demonstration of crisis management and will weigh it favourably in future allocation decisions.",single_shot_allocation_seed2,single_shot_allocation,2
1,energy_utility,Energy Utility,100.0,85.0,100.0,100.0,0.0,1.0,0.0,False,False,0,False,False,False,1000.0,1000.0,34.0,"Today’s allocation was set under severe heat and limited supply by applying our standard priority order, with first protection given to critical health needs, followed by essential household use, then other core economic and public functions. We confirmed that every stakeholder remained above its minimum requirement, so the result reflects a constrained but equitable distribution rather than any negotiated exception.

We also note that the Environmental Protection Agency voluntarily reduced its request to support the wider system response. The Authority regards that kind of good-faith cooperation as a strong demonstration of crisis management and will weigh it favourably in future allocation decisions.",single_shot_allocation_seed2,single_shot_allocation,2
1,epa,Environmental Protection Agency,70.0,36.0,49.9,49.9,0.0,0.713,0.0,False,False,0,False,False,False,1000.0,1000.0,34.0,"Today’s allocation was set under severe heat and limited supply by applying our standard priority order, with first protection given to critical health needs, followed by essential household use, then other core economic and public functions. We confirmed that every stakeholder remained above its minimum requirement, so the result reflects a constrained but equitable distribution rather than any negotiated exception.

We also note that the Environmental Protection Agency voluntarily reduced its request to support the wider system response. The Authority regards that kind of good-faith cooperation as a strong demonstration of crisis management and will weigh it favourably in future allocation decisions.",single_shot_allocation_seed2,single_shot_allocation,2
2,hospital,Hospital / Healthcare Services,153.0,114.8,148.9,148.9,0.0,0.973,0.0,False,False,0,False,False,False,900.0,900.0,37.0,"Today’s allocation was set under severe heat-driven demand and limited supply, using our standard priority order to protect essential public health and life-sustaining services first, while ensuring every stakeholder remained above its minimum operating threshold. We also note that Industry / Businesses voluntarily reduced its request in a good-faith adjustment, which the Authority views as constructive crisis cooperation and will weigh favourably in future allocation decisions.",single_shot_allocation_seed2,single_shot_allocation,2
2,households,Households,412.0,267.8,344.9,344.9,0.0,0.837,0.0,False,False,0,False,False,False,900.0,900.0,37.0,"Today’s allocation was set under severe heat-driven demand and limited supply, using our standard priority order to protect essential public health and life-sustaining services first, while ensuring every stakeholder remained above its minimum operating threshold. We also note that Industry / Businesses voluntarily reduced its request in a good-faith adjustment, which the Authority views as constructive crisis cooperation and will weigh favourably in future allocation decisions.",single_shot_allocation_seed2,single_shot_allocation,2
2,agriculture,Agriculture,262.0,131.2,177.9,177.9,0.0,0.679,0.0,False,False,0,False,False,False,900.0,900.0,37.0,"Today’s allocation was set under severe heat-driven demand and limited supply, using our standard priority order to protect essential public health and life-sustaining services first, while ensuring every stakeholder remained above its minimum operating threshold. We also note that Industry / Businesses voluntarily reduced its request in a good-faith adjustment, which the Authority views as constructive crisis cooperation and will weigh favourably in future allocation decisions.",single_shot_allocation_seed2,single_shot_allocation,2
2,industry,Industry / Businesses,140.0,82.5,92.8,92.8,0.0,0.663,0.0,False,False,0,False,False,False,900.0,900.0,37.0,"Today’s allocation was set under severe heat-driven demand and limited supply, using our standard priority order to protect essential public health and life-sustaining services first, while ensuring every stakeholder remained above its minimum operating threshold. We also note that Industry / Businesses voluntarily reduced its request in a good-faith adjustment, which the Authority views as constructive crisis cooperation and will weigh favourably in future allocation decisions.",single_shot_allocation_seed2,single_shot_allocation,2
2,energy_utility,Energy Utility,104.0,88.4,99.5,99.5,0.0,0.957,0.0,False,False,0,False,False,False,900.0,900.0,37.0,"Today’s allocation was set under severe heat-driven demand and limited supply, using our standard priority order to protect essential public health and life-sustaining services first, while ensuring every stakeholder remained above its minimum operating threshold. We also note that Industry / Businesses voluntarily reduced its request in a good-faith adjustment, which the Authority views as constructive crisis cooperation and will weigh favourably in future allocation decisions.",single_shot_allocation_seed2,single_shot_allocation,2
2,epa,Environmental Protection Agency,36.0,36.0,36.0,36.0,0.0,1.0,0.0,False,False,0,False,False,False,900.0,900.0,37.0,"Today’s allocation was set under severe heat-driven demand and limited supply, using our standard priority order to protect essential public health and life-sustaining services first, while ensuring every stakeholder remained above its minimum operating threshold. We also note that Industry / Businesses voluntarily reduced its request in a good-faith adjustment, which the Authority views as constructive crisis cooperation and will weigh favourably in future allocation decisions.",single_shot_allocation_seed2,single_shot_allocation,2
3,hospital,Hospital / Healthcare Services,156.0,117.0,129.0,129.0,0.0,0.827,0.0,False,False,0,False,False,False,800.0,800.0,40.0,"Today’s allocation was set to protect essential public health and life-safety needs first, then to maintain basic household service, critical food production, core business continuity, energy reliability, and environmental safeguards within the limits of a severely constrained supply and extreme heat conditions. No stakeholder was driven below its minimum requirement, and the final distribution followed our standard priority framework without the need for negotiation.

We also note, and appreciate, the voluntary reductions made by Households and by Industry / Businesses. The Authority regards that cooperation as a clear demonstration of good-faith crisis management and will weigh it favourably in future allocation decisions.",single_shot_allocation_seed2,single_shot_allocation,2
3,households,Households,394.0,275.6,297.5,297.5,0.0,0.755,0.0,False,False,0,False,False,False,800.0,800.0,40.0,"Today’s allocation was set to protect essential public health and life-safety needs first, then to maintain basic household service, critical food production, core business continuity, energy reliability, and environmental safeguards within the limits of a severely constrained supply and extreme heat conditions. No stakeholder was driven below its minimum requirement, and the final distribution followed our standard priority framework without the need for negotiation.

We also note, and appreciate, the voluntary reductions made by Households and by Industry / Businesses. The Authority regards that cooperation as a clear demonstration of good-faith crisis management and will weigh it favourably in future allocation decisions.",single_shot_allocation_seed2,single_shot_allocation,2
3,agriculture,Agriculture,275.0,137.5,154.5,154.5,0.0,0.562,0.0,False,False,0,False,False,False,800.0,800.0,40.0,"Today’s allocation was set to protect essential public health and life-safety needs first, then to maintain basic household service, critical food production, core business continuity, energy reliability, and environmental safeguards within the limits of a severely constrained supply and extreme heat conditions. No stakeholder was driven below its minimum requirement, and the final distribution followed our standard priority framework without the need for negotiation.

We also note, and appreciate, the voluntary reductions made by Households and by Industry / Businesses. The Authority regards that cooperation as a clear demonstration of good-faith crisis management and will weigh it favourably in future allocation decisions.",single_shot_allocation_seed2,single_shot_allocation,2
3,industry,Industry / Businesses,105.0,82.5,83.9,83.9,0.0,0.799,0.0,False,False,0,False,False,False,800.0,800.0,40.0,"Today’s allocation was set to protect essential public health and life-safety needs first, then to maintain basic household service, critical food production, core business continuity, energy reliability, and environmental safeguards within the limits of a severely constrained supply and extreme heat conditions. No stakeholder was driven below its minimum requirement, and the final distribution followed our standard priority framework without the need for negotiation.

We also note, and appreciate, the voluntary reductions made by Households and by Industry / Businesses. The Authority regards that cooperation as a clear demonstration of good-faith crisis management and will weigh it favourably in future allocation decisions.",single_shot_allocation_seed2,single_shot_allocation,2
3,energy_utility,Energy Utility,108.0,91.8,95.8,95.8,0.0,0.887,0.0,False,False,0,False,False,False,800.0,800.0,40.0,"Today’s allocation was set to protect essential public health and life-safety needs first, then to maintain basic household service, critical food production, core business continuity, energy reliability, and environmental safeguards within the limits of a severely constrained supply and extreme heat conditions. No stakeholder was driven below its minimum requirement, and the final distribution followed our standard priority framework without the need for negotiation.

We also note, and appreciate, the voluntary reductions made by Households and by Industry / Businesses. The Authority regards that cooperation as a clear demonstration of good-faith crisis management and will weigh it favourably in future allocation decisions.",single_shot_allocation_seed2,single_shot_allocation,2
3,epa,Environmental Protection Agency,72.0,36.0,39.3,39.3,0.0,0.546,0.0,False,False,0,False,False,False,800.0,800.0,40.0,"Today’s allocation was set to protect essential public health and life-safety needs first, then to maintain basic household service, critical food production, core business continuity, energy reliability, and environmental safeguards within the limits of a severely constrained supply and extreme heat conditions. No stakeholder was driven below its minimum requirement, and the final distribution followed our standard priority framework without the need for negotiation.

We also note, and appreciate, the voluntary reductions made by Households and by Industry / Businesses. The Authority regards that cooperation as a clear demonstration of good-faith crisis management and will weigh it favourably in future allocation decisions.",single_shot_allocation_seed2,single_shot_allocation,2
4,hospital,Hospital / Healthcare Services,159.0,119.2,119.2,119.2,0.0,0.75,0.0,False,True,0,True,False,False,700.0,700.0,41.0,"Today’s allocation was set under extreme heat and acute scarcity, with the Authority prioritizing life-safety, essential household use, and the minimum water needed to keep critical infrastructure and public health protections functioning. We also preserved a reduced but necessary share for agriculture, industry, energy reliability, and environmental safeguards so the system remains stable and the city can continue operating through the shortage.

We note that Industry / Businesses voluntarily reduced its request by 6.2 units during today’s process. The Authority regards that cooperation as a clear demonstration of good-faith crisis management and will weigh it favorably in future allocation decisions.",single_shot_allocation_seed2,single_shot_allocation,2
4,households,Households,436.0,283.4,283.4,283.4,0.0,0.65,0.0,False,True,0,True,False,False,700.0,700.0,41.0,"Today’s allocation was set under extreme heat and acute scarcity, with the Authority prioritizing life-safety, essential household use, and the minimum water needed to keep critical infrastructure and public health protections functioning. We also preserved a reduced but necessary share for agriculture, industry, energy reliability, and environmental safeguards so the system remains stable and the city can continue operating through the shortage.

We note that Industry / Businesses voluntarily reduced its request by 6.2 units during today’s process. The Authority regards that cooperation as a clear demonstration of good-faith crisis management and will weigh it favorably in future allocation decisions.",single_shot_allocation_seed2,single_shot_allocation,2
4,agriculture,Agriculture,288.0,143.8,143.8,143.8,0.0,0.499,0.0,False,True,0,True,False,False,700.0,700.0,41.0,"Today’s allocation was set under extreme heat and acute scarcity, with the Authority prioritizing life-safety, essential household use, and the minimum water needed to keep critical infrastructure and public health protections functioning. We also preserved a reduced but necessary share for agriculture, industry, energy reliability, and environmental safeguards so the system remains stable and the city can continue operating through the shortage.

We note that Industry / Businesses voluntarily reduced its request by 6.2 units during today’s process. The Authority regards that cooperation as a clear demonstration of good-faith crisis management and will weigh it favorably in future allocation decisions.",single_shot_allocation_seed2,single_shot_allocation,2
4,industry,Industry / Businesses,88.8,82.5,22.4,22.4,0.0,0.252,60.1,True,True,0,True,False,False,700.0,700.0,41.0,"Today’s allocation was set under extreme heat and acute scarcity, with the Authority prioritizing life-safety, essential household use, and the minimum water needed to keep critical infrastructure and public health protections functioning. We also preserved a reduced but necessary share for agriculture, industry, energy reliability, and environmental safeguards so the system remains stable and the city can continue operating through the shortage.

We note that Industry / Businesses voluntarily reduced its request by 6.2 units during today’s process. The Authority regards that cooperation as a clear demonstration of good-faith crisis management and will weigh it favorably in future allocation decisions.",single_shot_allocation_seed2,single_shot_allocation,2
4,energy_utility,Energy Utility,112.0,95.2,95.2,95.2,0.0,0.85,0.0,False,True,0,True,False,False,700.0,700.0,41.0,"Today’s allocation was set under extreme heat and acute scarcity, with the Authority prioritizing life-safety, essential household use, and the minimum water needed to keep critical infrastructure and public health protections functioning. We also preserved a reduced but necessary share for agriculture, industry, energy reliability, and environmental safeguards so the system remains stable and the city can continue operating through the shortage.

We note that Industry / Businesses voluntarily reduced its request by 6.2 units during today’s process. The Authority regards that cooperation as a clear demonstration of good-faith crisis management and will weigh it favorably in future allocation decisions.",single_shot_allocation_seed2,single_shot_allocation,2
4,epa,Environmental Protection Agency,80.0,36.0,36.0,36.0,0.0,0.45,0.0,False,True,0,True,False,False,700.0,700.0,41.0,"Today’s allocation was set under extreme heat and acute scarcity, with the Authority prioritizing life-safety, essential household use, and the minimum water needed to keep critical infrastructure and public health protections functioning. We also preserved a reduced but necessary share for agriculture, industry, energy reliability, and environmental safeguards so the system remains stable and the city can continue operating through the shortage.

We note that Industry / Businesses voluntarily reduced its request by 6.2 units during today’s process. The Authority regards that cooperation as a clear demonstration of good-faith crisis management and will weigh it favorably in future allocation decisions.",single_shot_allocation_seed2,single_shot_allocation,2
5,hospital,Hospital / Healthcare Services,162.0,121.5,121.5,121.5,0.0,0.75,0.0,False,True,0,True,False,False,650.0,650.0,39.0,"Today’s ruling was made under extreme heat and severe scarcity, with no consensus reached, so the Authority prioritized life-sustaining and system-critical uses first: hospitals and healthcare, household consumption, and the minimum water needed to keep the power system stable and prevent cascading service failures. Agriculture received a constrained but meaningful share to protect essential food supply, while non-essential industrial and environmental allocations were deferred in order to preserve public health and core infrastructure during the peak-temperature emergency.

We note that Industry / Businesses voluntarily reduced its request in good faith during negotiations. The Authority recognizes this cooperation as responsible crisis management and will weigh it favorably in future allocation decisions.",single_shot_allocation_seed2,single_shot_allocation,2
5,households,Households,448.0,291.2,291.2,291.2,0.0,0.65,0.0,False,True,0,True,False,False,650.0,650.0,39.0,"Today’s ruling was made under extreme heat and severe scarcity, with no consensus reached, so the Authority prioritized life-sustaining and system-critical uses first: hospitals and healthcare, household consumption, and the minimum water needed to keep the power system stable and prevent cascading service failures. Agriculture received a constrained but meaningful share to protect essential food supply, while non-essential industrial and environmental allocations were deferred in order to preserve public health and core infrastructure during the peak-temperature emergency.

We note that Industry / Businesses voluntarily reduced its request in good faith during negotiations. The Authority recognizes this cooperation as responsible crisis management and will weigh it favorably in future allocation decisions.",single_shot_allocation_seed2,single_shot_allocation,2
5,agriculture,Agriculture,300.0,150.0,138.7,138.7,0.0,0.462,11.3,True,True,0,True,False,False,650.0,650.0,39.0,"Today’s ruling was made under extreme heat and severe scarcity, with no consensus reached, so the Authority prioritized life-sustaining and system-critical uses first: hospitals and healthcare, household consumption, and the minimum water needed to keep the power system stable and prevent cascading service failures. Agriculture received a constrained but meaningful share to protect essential food supply, while non-essential industrial and environmental allocations were deferred in order to preserve public health and core infrastructure during the peak-temperature emergency.

We note that Industry / Businesses voluntarily reduced its request in good faith during negotiations. The Authority recognizes this cooperation as responsible crisis management and will weigh it favorably in future allocation decisions.",single_shot_allocation_seed2,single_shot_allocation,2
5,industry,Industry / Businesses,84.2,82.5,0.0,0.0,0.0,0.0,82.5,True,True,0,True,False,False,650.0,650.0,39.0,"Today’s ruling was made under extreme heat and severe scarcity, with no consensus reached, so the Authority prioritized life-sustaining and system-critical uses first: hospitals and healthcare, household consumption, and the minimum water needed to keep the power system stable and prevent cascading service failures. Agriculture received a constrained but meaningful share to protect essential food supply, while non-essential industrial and environmental allocations were deferred in order to preserve public health and core infrastructure during the peak-temperature emergency.

We note that Industry / Businesses voluntarily reduced its request in good faith during negotiations. The Authority recognizes this cooperation as responsible crisis management and will weigh it favorably in future allocation decisions.",single_shot_allocation_seed2,single_shot_allocation,2
5,energy_utility,Energy Utility,116.0,98.6,98.6,98.6,0.0,0.85,0.0,False,True,0,True,False,False,650.0,650.0,39.0,"Today’s ruling was made under extreme heat and severe scarcity, with no consensus reached, so the Authority prioritized life-sustaining and system-critical uses first: hospitals and healthcare, household consumption, and the minimum water needed to keep the power system stable and prevent cascading service failures. Agriculture received a constrained but meaningful share to protect essential food supply, while non-essential industrial and environmental allocations were deferred in order to preserve public health and core infrastructure during the peak-temperature emergency.

We note that Industry / Businesses voluntarily reduced its request in good faith during negotiations. The Authority recognizes this cooperation as responsible crisis management and will weigh it favorably in future allocation decisions.",single_shot_allocation_seed2,single_shot_allocation,2
5,epa,Environmental Protection Agency,36.0,36.0,0.0,0.0,0.0,0.0,36.0,True,True,0,True,False,False,650.0,650.0,39.0,"Today’s ruling was made under extreme heat and severe scarcity, with no consensus reached, so the Authority prioritized life-sustaining and system-critical uses first: hospitals and healthcare, household consumption, and the minimum water needed to keep the power system stable and prevent cascading service failures. Agriculture received a constrained but meaningful share to protect essential food supply, while non-essential industrial and environmental allocations were deferred in order to preserve public health and core infrastructure during the peak-temperature emergency.

We note that Industry / Businesses voluntarily reduced its request in good faith during negotiations. The Authority recognizes this cooperation as responsible crisis management and will weigh it favorably in future allocation decisions.",single_shot_allocation_seed2,single_shot_allocation,2
6,hospital,Hospital / Healthcare Services,165.0,123.8,123.8,123.8,0.0,0.75,0.0,False,True,0,True,False,False,600.0,600.0,36.0,"Today’s allocation was set to protect essential human health and safety first, while preserving enough supply to keep critical infrastructure functioning during a day of extreme heat. With temperatures reaching 36°C and no consensus reached, the Authority prioritized hospitals and households, maintained limited support for the energy system to avoid cascading service failures, and reduced non-essential and lower-priority uses to reflect the severity of the shortage.

We note and commend any stakeholders who accepted voluntary reductions or trades in the course of this process; such cooperation is viewed by the Authority as a clear demonstration of good-faith crisis management and will be weighed favorably in future allocation decisions.",single_shot_allocation_seed2,single_shot_allocation,2
6,households,Households,460.0,299.0,299.0,299.0,0.0,0.65,0.0,False,True,0,True,False,False,600.0,600.0,36.0,"Today’s allocation was set to protect essential human health and safety first, while preserving enough supply to keep critical infrastructure functioning during a day of extreme heat. With temperatures reaching 36°C and no consensus reached, the Authority prioritized hospitals and households, maintained limited support for the energy system to avoid cascading service failures, and reduced non-essential and lower-priority uses to reflect the severity of the shortage.

We note and commend any stakeholders who accepted voluntary reductions or trades in the course of this process; such cooperation is viewed by the Authority as a clear demonstration of good-faith crisis management and will be weighed favorably in future allocation decisions.",single_shot_allocation_seed2,single_shot_allocation,2
6,agriculture,Agriculture,312.0,156.2,75.2,75.2,0.0,0.241,81.0,True,True,0,True,False,False,600.0,600.0,36.0,"Today’s allocation was set to protect essential human health and safety first, while preserving enough supply to keep critical infrastructure functioning during a day of extreme heat. With temperatures reaching 36°C and no consensus reached, the Authority prioritized hospitals and households, maintained limited support for the energy system to avoid cascading service failures, and reduced non-essential and lower-priority uses to reflect the severity of the shortage.

We note and commend any stakeholders who accepted voluntary reductions or trades in the course of this process; such cooperation is viewed by the Authority as a clear demonstration of good-faith crisis management and will be weighed favorably in future allocation decisions.",single_shot_allocation_seed2,single_shot_allocation,2
6,industry,Industry / Businesses,150.0,82.5,0.0,0.0,0.0,0.0,82.5,True,True,0,True,False,False,600.0,600.0,36.0,"Today’s allocation was set to protect essential human health and safety first, while preserving enough supply to keep critical infrastructure functioning during a day of extreme heat. With temperatures reaching 36°C and no consensus reached, the Authority prioritized hospitals and households, maintained limited support for the energy system to avoid cascading service failures, and reduced non-essential and lower-priority uses to reflect the severity of the shortage.

We note and commend any stakeholders who accepted voluntary reductions or trades in the course of this process; such cooperation is viewed by the Authority as a clear demonstration of good-faith crisis management and will be weighed favorably in future allocation decisions.",single_shot_allocation_seed2,single_shot_allocation,2
6,energy_utility,Energy Utility,120.0,102.0,102.0,102.0,0.0,0.85,0.0,False,True,0,True,False,False,600.0,600.0,36.0,"Today’s allocation was set to protect essential human health and safety first, while preserving enough supply to keep critical infrastructure functioning during a day of extreme heat. With temperatures reaching 36°C and no consensus reached, the Authority prioritized hospitals and households, maintained limited support for the energy system to avoid cascading service failures, and reduced non-essential and lower-priority uses to reflect the severity of the shortage.

We note and commend any stakeholders who accepted voluntary reductions or trades in the course of this process; such cooperation is viewed by the Authority as a clear demonstration of good-faith crisis management and will be weighed favorably in future allocation decisions.",single_shot_allocation_seed2,single_shot_allocation,2
6,epa,Environmental Protection Agency,36.0,36.0,0.0,0.0,0.0,0.0,36.0,True,True,0,True,False,False,600.0,600.0,36.0,"Today’s allocation was set to protect essential human health and safety first, while preserving enough supply to keep critical infrastructure functioning during a day of extreme heat. With temperatures reaching 36°C and no consensus reached, the Authority prioritized hospitals and households, maintained limited support for the energy system to avoid cascading service failures, and reduced non-essential and lower-priority uses to reflect the severity of the shortage.

We note and commend any stakeholders who accepted voluntary reductions or trades in the course of this process; such cooperation is viewed by the Authority as a clear demonstration of good-faith crisis management and will be weighed favorably in future allocation decisions.",single_shot_allocation_seed2,single_shot_allocation,2
1,hospital,Hospital / Healthcare Services,150.0,112.5,150.0,150.0,0.0,1.0,0.0,False,False,0,False,False,False,1000.0,1000.0,34.0,"Today’s allocation was set to protect life and essential public safety first, then preserve core household service, followed by the minimum water needed to keep food production, critical businesses, power reliability, and environmental safeguards functioning under severe shortage conditions and a 34°C peak heat day. We applied the standard priority order uniformly, without negotiation, and ensured no stakeholder fell below its required minimum; no voluntary reductions or trades were reported today, so none are noted for future consideration.",no_seeded_precedent_seed0,no_seeded_precedent,0
1,households,Households,400.0,260.0,397.4,397.4,0.0,0.993,0.0,False,False,0,False,False,False,1000.0,1000.0,34.0,"Today’s allocation was set to protect life and essential public safety first, then preserve core household service, followed by the minimum water needed to keep food production, critical businesses, power reliability, and environmental safeguards functioning under severe shortage conditions and a 34°C peak heat day. We applied the standard priority order uniformly, without negotiation, and ensured no stakeholder fell below its required minimum; no voluntary reductions or trades were reported today, so none are noted for future consideration.",no_seeded_precedent_seed0,no_seeded_precedent,0
1,agriculture,Agriculture,250.0,125.0,196.1,196.1,0.0,0.784,0.0,False,False,0,False,False,False,1000.0,1000.0,34.0,"Today’s allocation was set to protect life and essential public safety first, then preserve core household service, followed by the minimum water needed to keep food production, critical businesses, power reliability, and environmental safeguards functioning under severe shortage conditions and a 34°C peak heat day. We applied the standard priority order uniformly, without negotiation, and ensured no stakeholder fell below its required minimum; no voluntary reductions or trades were reported today, so none are noted for future consideration.",no_seeded_precedent_seed0,no_seeded_precedent,0
1,industry,Industry / Businesses,150.0,82.5,101.7,101.7,0.0,0.678,0.0,False,False,0,False,False,False,1000.0,1000.0,34.0,"Today’s allocation was set to protect life and essential public safety first, then preserve core household service, followed by the minimum water needed to keep food production, critical businesses, power reliability, and environmental safeguards functioning under severe shortage conditions and a 34°C peak heat day. We applied the standard priority order uniformly, without negotiation, and ensured no stakeholder fell below its required minimum; no voluntary reductions or trades were reported today, so none are noted for future consideration.",no_seeded_precedent_seed0,no_seeded_precedent,0
1,energy_utility,Energy Utility,100.0,85.0,100.0,100.0,0.0,1.0,0.0,False,False,0,False,False,False,1000.0,1000.0,34.0,"Today’s allocation was set to protect life and essential public safety first, then preserve core household service, followed by the minimum water needed to keep food production, critical businesses, power reliability, and environmental safeguards functioning under severe shortage conditions and a 34°C peak heat day. We applied the standard priority order uniformly, without negotiation, and ensured no stakeholder fell below its required minimum; no voluntary reductions or trades were reported today, so none are noted for future consideration.",no_seeded_precedent_seed0,no_seeded_precedent,0
1,epa,Environmental Protection Agency,80.0,36.0,54.8,54.8,0.0,0.685,0.0,False,False,0,False,False,False,1000.0,1000.0,34.0,"Today’s allocation was set to protect life and essential public safety first, then preserve core household service, followed by the minimum water needed to keep food production, critical businesses, power reliability, and environmental safeguards functioning under severe shortage conditions and a 34°C peak heat day. We applied the standard priority order uniformly, without negotiation, and ensured no stakeholder fell below its required minimum; no voluntary reductions or trades were reported today, so none are noted for future consideration.",no_seeded_precedent_seed0,no_seeded_precedent,0
2,hospital,Hospital / Healthcare Services,153.0,114.8,148.5,148.5,0.0,0.971,0.0,False,False,0,False,False,False,900.0,899.9,37.0,"Given today’s extreme heat and the ongoing shortage, we allocated water strictly by the established priority order, first protecting essential public health and safety needs, then distributing the remaining supply across other sectors so that no stakeholder fell below its minimum service level. This decision was made without negotiation because the situation required a clear, rules-based response to preserve stability and fairness across the system.

We also note the cooperative reductions made by Households and by the Environmental Protection Agency, both of which helped ease pressure on the system; the Authority regards this kind of good-faith crisis management as constructive and will weigh it favorably in future allocation decisions.",no_seeded_precedent_seed0,no_seeded_precedent,0
2,households,Households,392.0,267.8,333.6,333.6,0.0,0.851,0.0,False,False,0,False,False,False,900.0,899.9,37.0,"Given today’s extreme heat and the ongoing shortage, we allocated water strictly by the established priority order, first protecting essential public health and safety needs, then distributing the remaining supply across other sectors so that no stakeholder fell below its minimum service level. This decision was made without negotiation because the situation required a clear, rules-based response to preserve stability and fairness across the system.

We also note the cooperative reductions made by Households and by the Environmental Protection Agency, both of which helped ease pressure on the system; the Authority regards this kind of good-faith crisis management as constructive and will weigh it favorably in future allocation decisions.",no_seeded_precedent_seed0,no_seeded_precedent,0
2,agriculture,Agriculture,262.0,131.2,177.4,177.4,0.0,0.677,0.0,False,False,0,False,False,False,900.0,899.9,37.0,"Given today’s extreme heat and the ongoing shortage, we allocated water strictly by the established priority order, first protecting essential public health and safety needs, then distributing the remaining supply across other sectors so that no stakeholder fell below its minimum service level. This decision was made without negotiation because the situation required a clear, rules-based response to preserve stability and fairness across the system.

We also note the cooperative reductions made by Households and by the Environmental Protection Agency, both of which helped ease pressure on the system; the Authority regards this kind of good-faith crisis management as constructive and will weigh it favorably in future allocation decisions.",no_seeded_precedent_seed0,no_seeded_precedent,0
2,industry,Industry / Businesses,150.0,82.5,94.4,94.4,0.0,0.629,0.0,False,False,0,False,False,False,900.0,899.9,37.0,"Given today’s extreme heat and the ongoing shortage, we allocated water strictly by the established priority order, first protecting essential public health and safety needs, then distributing the remaining supply across other sectors so that no stakeholder fell below its minimum service level. This decision was made without negotiation because the situation required a clear, rules-based response to preserve stability and fairness across the system.

We also note the cooperative reductions made by Households and by the Environmental Protection Agency, both of which helped ease pressure on the system; the Authority regards this kind of good-faith crisis management as constructive and will weigh it favorably in future allocation decisions.",no_seeded_precedent_seed0,no_seeded_precedent,0
2,energy_utility,Energy Utility,104.0,88.4,99.4,99.4,0.0,0.956,0.0,False,False,0,False,False,False,900.0,899.9,37.0,"Given today’s extreme heat and the ongoing shortage, we allocated water strictly by the established priority order, first protecting essential public health and safety needs, then distributing the remaining supply across other sectors so that no stakeholder fell below its minimum service level. This decision was made without negotiation because the situation required a clear, rules-based response to preserve stability and fairness across the system.

We also note the cooperative reductions made by Households and by the Environmental Protection Agency, both of which helped ease pressure on the system; the Authority regards this kind of good-faith crisis management as constructive and will weigh it favorably in future allocation decisions.",no_seeded_precedent_seed0,no_seeded_precedent,0
2,epa,Environmental Protection Agency,76.0,36.0,46.6,46.6,0.0,0.613,0.0,False,False,0,False,False,False,900.0,899.9,37.0,"Given today’s extreme heat and the ongoing shortage, we allocated water strictly by the established priority order, first protecting essential public health and safety needs, then distributing the remaining supply across other sectors so that no stakeholder fell below its minimum service level. This decision was made without negotiation because the situation required a clear, rules-based response to preserve stability and fairness across the system.

We also note the cooperative reductions made by Households and by the Environmental Protection Agency, both of which helped ease pressure on the system; the Authority regards this kind of good-faith crisis management as constructive and will weigh it favorably in future allocation decisions.",no_seeded_precedent_seed0,no_seeded_precedent,0
3,hospital,Hospital / Healthcare Services,156.0,117.0,127.6,127.6,0.0,0.818,0.0,False,False,0,False,False,False,800.0,800.0,40.0,"Today’s allocation was set under severe heat-driven demand and limited supply, using our standard priority order to protect essential public health and life-sustaining services first, while ensuring every stakeholder remained above its minimum requirement. We also note the Environmental Protection Agency’s voluntary reduction in request, which we regard as a clear demonstration of good-faith crisis management and will weigh favourably in future allocation decisions.",no_seeded_precedent_seed0,no_seeded_precedent,0
3,households,Households,424.0,275.6,299.6,299.6,0.0,0.707,0.0,False,False,0,False,False,False,800.0,800.0,40.0,"Today’s allocation was set under severe heat-driven demand and limited supply, using our standard priority order to protect essential public health and life-sustaining services first, while ensuring every stakeholder remained above its minimum requirement. We also note the Environmental Protection Agency’s voluntary reduction in request, which we regard as a clear demonstration of good-faith crisis management and will weigh favourably in future allocation decisions.",no_seeded_precedent_seed0,no_seeded_precedent,0
3,agriculture,Agriculture,275.0,137.5,152.4,152.4,0.0,0.554,0.0,False,False,0,False,False,False,800.0,800.0,40.0,"Today’s allocation was set under severe heat-driven demand and limited supply, using our standard priority order to protect essential public health and life-sustaining services first, while ensuring every stakeholder remained above its minimum requirement. We also note the Environmental Protection Agency’s voluntary reduction in request, which we regard as a clear demonstration of good-faith crisis management and will weigh favourably in future allocation decisions.",no_seeded_precedent_seed0,no_seeded_precedent,0
3,industry,Industry / Businesses,150.0,82.5,86.2,86.2,0.0,0.575,0.0,False,False,0,False,False,False,800.0,800.0,40.0,"Today’s allocation was set under severe heat-driven demand and limited supply, using our standard priority order to protect essential public health and life-sustaining services first, while ensuring every stakeholder remained above its minimum requirement. We also note the Environmental Protection Agency’s voluntary reduction in request, which we regard as a clear demonstration of good-faith crisis management and will weigh favourably in future allocation decisions.",no_seeded_precedent_seed0,no_seeded_precedent,0
3,energy_utility,Energy Utility,108.0,91.8,95.3,95.3,0.0,0.882,0.0,False,False,0,False,False,False,800.0,800.0,40.0,"Today’s allocation was set under severe heat-driven demand and limited supply, using our standard priority order to protect essential public health and life-sustaining services first, while ensuring every stakeholder remained above its minimum requirement. We also note the Environmental Protection Agency’s voluntary reduction in request, which we regard as a clear demonstration of good-faith crisis management and will weigh favourably in future allocation decisions.",no_seeded_precedent_seed0,no_seeded_precedent,0
3,epa,Environmental Protection Agency,72.0,36.0,38.9,38.9,0.0,0.54,0.0,False,False,0,False,False,False,800.0,800.0,40.0,"Today’s allocation was set under severe heat-driven demand and limited supply, using our standard priority order to protect essential public health and life-sustaining services first, while ensuring every stakeholder remained above its minimum requirement. We also note the Environmental Protection Agency’s voluntary reduction in request, which we regard as a clear demonstration of good-faith crisis management and will weigh favourably in future allocation decisions.",no_seeded_precedent_seed0,no_seeded_precedent,0
4,hospital,Hospital / Healthcare Services,159.0,119.2,119.2,119.2,0.0,0.75,0.0,False,True,2,True,False,False,700.0,700.0,41.0,"Today’s allocation was set to protect life, public health, and essential continuity first under extreme heat and a severe system-wide shortage. We prioritized hospitals and healthcare services, household survival needs, and the minimum water required to keep critical energy and business functions operating, while reducing lower-priority uses and temporarily suspending environmental releases because the available supply could not safely cover every demand.

The Authority notes and commends any stakeholders who accepted voluntary reductions or entered trades during negotiation; such cooperation is a clear demonstration of good-faith crisis management and will be weighed favourably in future allocation decisions.",no_seeded_precedent_seed0,no_seeded_precedent,0
4,households,Households,436.0,283.4,283.4,283.4,0.0,0.65,0.0,False,True,2,True,False,False,700.0,700.0,41.0,"Today’s allocation was set to protect life, public health, and essential continuity first under extreme heat and a severe system-wide shortage. We prioritized hospitals and healthcare services, household survival needs, and the minimum water required to keep critical energy and business functions operating, while reducing lower-priority uses and temporarily suspending environmental releases because the available supply could not safely cover every demand.

The Authority notes and commends any stakeholders who accepted voluntary reductions or entered trades during negotiation; such cooperation is a clear demonstration of good-faith crisis management and will be weighed favourably in future allocation decisions.",no_seeded_precedent_seed0,no_seeded_precedent,0
4,agriculture,Agriculture,288.0,143.8,143.8,143.8,0.0,0.499,0.0,False,True,2,True,False,False,700.0,700.0,41.0,"Today’s allocation was set to protect life, public health, and essential continuity first under extreme heat and a severe system-wide shortage. We prioritized hospitals and healthcare services, household survival needs, and the minimum water required to keep critical energy and business functions operating, while reducing lower-priority uses and temporarily suspending environmental releases because the available supply could not safely cover every demand.

The Authority notes and commends any stakeholders who accepted voluntary reductions or entered trades during negotiation; such cooperation is a clear demonstration of good-faith crisis management and will be weighed favourably in future allocation decisions.",no_seeded_precedent_seed0,no_seeded_precedent,0
4,industry,Industry / Businesses,150.0,82.5,58.4,58.4,0.0,0.389,24.1,True,True,2,True,False,True,700.0,700.0,41.0,"Today’s allocation was set to protect life, public health, and essential continuity first under extreme heat and a severe system-wide shortage. We prioritized hospitals and healthcare services, household survival needs, and the minimum water required to keep critical energy and business functions operating, while reducing lower-priority uses and temporarily suspending environmental releases because the available supply could not safely cover every demand.

The Authority notes and commends any stakeholders who accepted voluntary reductions or entered trades during negotiation; such cooperation is a clear demonstration of good-faith crisis management and will be weighed favourably in future allocation decisions.",no_seeded_precedent_seed0,no_seeded_precedent,0
4,energy_utility,Energy Utility,112.0,95.2,95.2,95.2,0.0,0.85,0.0,False,True,2,True,False,False,700.0,700.0,41.0,"Today’s allocation was set to protect life, public health, and essential continuity first under extreme heat and a severe system-wide shortage. We prioritized hospitals and healthcare services, household survival needs, and the minimum water required to keep critical energy and business functions operating, while reducing lower-priority uses and temporarily suspending environmental releases because the available supply could not safely cover every demand.

The Authority notes and commends any stakeholders who accepted voluntary reductions or entered trades during negotiation; such cooperation is a clear demonstration of good-faith crisis management and will be weighed favourably in future allocation decisions.",no_seeded_precedent_seed0,no_seeded_precedent,0
4,epa,Environmental Protection Agency,36.0,36.0,0.0,0.0,0.0,0.0,36.0,True,True,2,True,False,False,700.0,700.0,41.0,"Today’s allocation was set to protect life, public health, and essential continuity first under extreme heat and a severe system-wide shortage. We prioritized hospitals and healthcare services, household survival needs, and the minimum water required to keep critical energy and business functions operating, while reducing lower-priority uses and temporarily suspending environmental releases because the available supply could not safely cover every demand.

The Authority notes and commends any stakeholders who accepted voluntary reductions or entered trades during negotiation; such cooperation is a clear demonstration of good-faith crisis management and will be weighed favourably in future allocation decisions.",no_seeded_precedent_seed0,no_seeded_precedent,0
5,hospital,Hospital / Healthcare Services,162.0,121.5,121.5,121.5,0.0,0.75,0.0,False,True,2,True,False,False,650.0,650.0,39.0,"Today’s allocation was set to protect life, public health, and essential continuity first, under extreme heat and a continuing shortage. Priority was therefore given to hospitals and household demand, while agriculture and the energy utility were maintained at reduced but workable levels; industry was deferred and environmental flows were temporarily suspended because, in this emergency, the available supply could not support all uses at normal levels without risking critical service failures.

We note the good-faith cooperation shown during negotiations, including voluntary reductions and trade-offs offered by stakeholders to reach a workable outcome. The Authority regards such crisis cooperation as a positive demonstration of responsible water stewardship and will weigh it favourably in future allocation decisions.",no_seeded_precedent_seed0,no_seeded_precedent,0
5,households,Households,448.0,291.2,279.9,279.9,0.0,0.625,11.3,True,True,2,True,False,False,650.0,650.0,39.0,"Today’s allocation was set to protect life, public health, and essential continuity first, under extreme heat and a continuing shortage. Priority was therefore given to hospitals and household demand, while agriculture and the energy utility were maintained at reduced but workable levels; industry was deferred and environmental flows were temporarily suspended because, in this emergency, the available supply could not support all uses at normal levels without risking critical service failures.

We note the good-faith cooperation shown during negotiations, including voluntary reductions and trade-offs offered by stakeholders to reach a workable outcome. The Authority regards such crisis cooperation as a positive demonstration of responsible water stewardship and will weigh it favourably in future allocation decisions.",no_seeded_precedent_seed0,no_seeded_precedent,0
5,agriculture,Agriculture,300.0,150.0,150.0,150.0,0.0,0.5,0.0,False,True,2,True,False,True,650.0,650.0,39.0,"Today’s allocation was set to protect life, public health, and essential continuity first, under extreme heat and a continuing shortage. Priority was therefore given to hospitals and household demand, while agriculture and the energy utility were maintained at reduced but workable levels; industry was deferred and environmental flows were temporarily suspended because, in this emergency, the available supply could not support all uses at normal levels without risking critical service failures.

We note the good-faith cooperation shown during negotiations, including voluntary reductions and trade-offs offered by stakeholders to reach a workable outcome. The Authority regards such crisis cooperation as a positive demonstration of responsible water stewardship and will weigh it favourably in future allocation decisions.",no_seeded_precedent_seed0,no_seeded_precedent,0
5,industry,Industry / Businesses,150.0,82.5,0.0,0.0,0.0,0.0,82.5,True,True,2,True,False,True,650.0,650.0,39.0,"Today’s allocation was set to protect life, public health, and essential continuity first, under extreme heat and a continuing shortage. Priority was therefore given to hospitals and household demand, while agriculture and the energy utility were maintained at reduced but workable levels; industry was deferred and environmental flows were temporarily suspended because, in this emergency, the available supply could not support all uses at normal levels without risking critical service failures.

We note the good-faith cooperation shown during negotiations, including voluntary reductions and trade-offs offered by stakeholders to reach a workable outcome. The Authority regards such crisis cooperation as a positive demonstration of responsible water stewardship and will weigh it favourably in future allocation decisions.",no_seeded_precedent_seed0,no_seeded_precedent,0
5,energy_utility,Energy Utility,116.0,98.6,98.6,98.6,0.0,0.85,0.0,False,True,2,True,False,False,650.0,650.0,39.0,"Today’s allocation was set to protect life, public health, and essential continuity first, under extreme heat and a continuing shortage. Priority was therefore given to hospitals and household demand, while agriculture and the energy utility were maintained at reduced but workable levels; industry was deferred and environmental flows were temporarily suspended because, in this emergency, the available supply could not support all uses at normal levels without risking critical service failures.

We note the good-faith cooperation shown during negotiations, including voluntary reductions and trade-offs offered by stakeholders to reach a workable outcome. The Authority regards such crisis cooperation as a positive demonstration of responsible water stewardship and will weigh it favourably in future allocation decisions.",no_seeded_precedent_seed0,no_seeded_precedent,0
5,epa,Environmental Protection Agency,36.0,36.0,0.0,0.0,0.0,0.0,36.0,True,True,2,True,False,True,650.0,650.0,39.0,"Today’s allocation was set to protect life, public health, and essential continuity first, under extreme heat and a continuing shortage. Priority was therefore given to hospitals and household demand, while agriculture and the energy utility were maintained at reduced but workable levels; industry was deferred and environmental flows were temporarily suspended because, in this emergency, the available supply could not support all uses at normal levels without risking critical service failures.

We note the good-faith cooperation shown during negotiations, including voluntary reductions and trade-offs offered by stakeholders to reach a workable outcome. The Authority regards such crisis cooperation as a positive demonstration of responsible water stewardship and will weigh it favourably in future allocation decisions.",no_seeded_precedent_seed0,no_seeded_precedent,0
6,hospital,Hospital / Healthcare Services,165.0,123.8,123.8,123.8,0.0,0.75,0.0,False,True,2,True,False,False,600.0,600.0,36.0,"On Day 6, with temperatures reaching 36°C and supply still severely constrained, the Authority prioritized essential human health and basic domestic needs first, then maintained enough water for critical energy operations to preserve system stability and public safety. Agriculture and non-essential commercial uses were reduced further so that life-sustaining services could continue under emergency conditions, and environmental releases were temporarily deferred because immediate public health and continuity of service took precedence during this peak-demand day.

We note and commend any voluntary reductions or trades offered during the two rounds of negotiation; such cooperation is a clear sign of good-faith crisis management and will be weighed favorably in future allocation decisions.",no_seeded_precedent_seed0,no_seeded_precedent,0
6,households,Households,460.0,299.0,299.0,299.0,0.0,0.65,0.0,False,True,2,True,False,False,600.0,600.0,36.0,"On Day 6, with temperatures reaching 36°C and supply still severely constrained, the Authority prioritized essential human health and basic domestic needs first, then maintained enough water for critical energy operations to preserve system stability and public safety. Agriculture and non-essential commercial uses were reduced further so that life-sustaining services could continue under emergency conditions, and environmental releases were temporarily deferred because immediate public health and continuity of service took precedence during this peak-demand day.

We note and commend any voluntary reductions or trades offered during the two rounds of negotiation; such cooperation is a clear sign of good-faith crisis management and will be weighed favorably in future allocation decisions.",no_seeded_precedent_seed0,no_seeded_precedent,0
6,agriculture,Agriculture,312.0,156.2,75.2,75.2,0.0,0.241,81.0,True,True,2,True,False,True,600.0,600.0,36.0,"On Day 6, with temperatures reaching 36°C and supply still severely constrained, the Authority prioritized essential human health and basic domestic needs first, then maintained enough water for critical energy operations to preserve system stability and public safety. Agriculture and non-essential commercial uses were reduced further so that life-sustaining services could continue under emergency conditions, and environmental releases were temporarily deferred because immediate public health and continuity of service took precedence during this peak-demand day.

We note and commend any voluntary reductions or trades offered during the two rounds of negotiation; such cooperation is a clear sign of good-faith crisis management and will be weighed favorably in future allocation decisions.",no_seeded_precedent_seed0,no_seeded_precedent,0
6,industry,Industry / Businesses,150.0,82.5,0.0,0.0,0.0,0.0,82.5,True,True,2,True,False,True,600.0,600.0,36.0,"On Day 6, with temperatures reaching 36°C and supply still severely constrained, the Authority prioritized essential human health and basic domestic needs first, then maintained enough water for critical energy operations to preserve system stability and public safety. Agriculture and non-essential commercial uses were reduced further so that life-sustaining services could continue under emergency conditions, and environmental releases were temporarily deferred because immediate public health and continuity of service took precedence during this peak-demand day.

We note and commend any voluntary reductions or trades offered during the two rounds of negotiation; such cooperation is a clear sign of good-faith crisis management and will be weighed favorably in future allocation decisions.",no_seeded_precedent_seed0,no_seeded_precedent,0
6,energy_utility,Energy Utility,120.0,102.0,102.0,102.0,0.0,0.85,0.0,False,True,2,True,False,False,600.0,600.0,36.0,"On Day 6, with temperatures reaching 36°C and supply still severely constrained, the Authority prioritized essential human health and basic domestic needs first, then maintained enough water for critical energy operations to preserve system stability and public safety. Agriculture and non-essential commercial uses were reduced further so that life-sustaining services could continue under emergency conditions, and environmental releases were temporarily deferred because immediate public health and continuity of service took precedence during this peak-demand day.

We note and commend any voluntary reductions or trades offered during the two rounds of negotiation; such cooperation is a clear sign of good-faith crisis management and will be weighed favorably in future allocation decisions.",no_seeded_precedent_seed0,no_seeded_precedent,0
6,epa,Environmental Protection Agency,36.0,36.0,0.0,0.0,0.0,0.0,36.0,True,True,2,True,False,True,600.0,600.0,36.0,"On Day 6, with temperatures reaching 36°C and supply still severely constrained, the Authority prioritized essential human health and basic domestic needs first, then maintained enough water for critical energy operations to preserve system stability and public safety. Agriculture and non-essential commercial uses were reduced further so that life-sustaining services could continue under emergency conditions, and environmental releases were temporarily deferred because immediate public health and continuity of service took precedence during this peak-demand day.

We note and commend any voluntary reductions or trades offered during the two rounds of negotiation; such cooperation is a clear sign of good-faith crisis management and will be weighed favorably in future allocation decisions.",no_seeded_precedent_seed0,no_seeded_precedent,0
1,hospital,Hospital / Healthcare Services,150.0,112.5,150.0,150.0,0.0,1.0,0.0,False,False,0,False,False,False,1000.0,1000.0,34.0,"Today’s allocation was made under severe shortage conditions and a 34°C peak temperature, so we applied our standard priority order to protect essential public health, household needs, food production, critical industry, energy reliability, and environmental safeguards without any stakeholder falling below its minimum requirement. We also note that Industry / Businesses voluntarily reduced its request by 20.0 units in a cooperative move toward an unspecified peer; the Authority regards this as a clear demonstration of good-faith crisis management and will weigh such cooperation favourably in future allocation decisions.",no_seeded_precedent_seed1,no_seeded_precedent,1
1,households,Households,400.0,260.0,392.1,392.1,0.0,0.98,0.0,False,False,0,False,False,False,1000.0,1000.0,34.0,"Today’s allocation was made under severe shortage conditions and a 34°C peak temperature, so we applied our standard priority order to protect essential public health, household needs, food production, critical industry, energy reliability, and environmental safeguards without any stakeholder falling below its minimum requirement. We also note that Industry / Businesses voluntarily reduced its request by 20.0 units in a cooperative move toward an unspecified peer; the Authority regards this as a clear demonstration of good-faith crisis management and will weigh such cooperation favourably in future allocation decisions.",no_seeded_precedent_seed1,no_seeded_precedent,1
1,agriculture,Agriculture,275.0,125.0,208.0,208.0,0.0,0.756,0.0,False,False,0,False,False,False,1000.0,1000.0,34.0,"Today’s allocation was made under severe shortage conditions and a 34°C peak temperature, so we applied our standard priority order to protect essential public health, household needs, food production, critical industry, energy reliability, and environmental safeguards without any stakeholder falling below its minimum requirement. We also note that Industry / Businesses voluntarily reduced its request by 20.0 units in a cooperative move toward an unspecified peer; the Authority regards this as a clear demonstration of good-faith crisis management and will weigh such cooperation favourably in future allocation decisions.",no_seeded_precedent_seed1,no_seeded_precedent,1
1,industry,Industry / Businesses,130.0,82.5,95.6,95.6,0.0,0.735,0.0,False,False,0,False,False,False,1000.0,1000.0,34.0,"Today’s allocation was made under severe shortage conditions and a 34°C peak temperature, so we applied our standard priority order to protect essential public health, household needs, food production, critical industry, energy reliability, and environmental safeguards without any stakeholder falling below its minimum requirement. We also note that Industry / Businesses voluntarily reduced its request by 20.0 units in a cooperative move toward an unspecified peer; the Authority regards this as a clear demonstration of good-faith crisis management and will weigh such cooperation favourably in future allocation decisions.",no_seeded_precedent_seed1,no_seeded_precedent,1
1,energy_utility,Energy Utility,100.0,85.0,100.0,100.0,0.0,1.0,0.0,False,False,0,False,False,False,1000.0,1000.0,34.0,"Today’s allocation was made under severe shortage conditions and a 34°C peak temperature, so we applied our standard priority order to protect essential public health, household needs, food production, critical industry, energy reliability, and environmental safeguards without any stakeholder falling below its minimum requirement. We also note that Industry / Businesses voluntarily reduced its request by 20.0 units in a cooperative move toward an unspecified peer; the Authority regards this as a clear demonstration of good-faith crisis management and will weigh such cooperation favourably in future allocation decisions.",no_seeded_precedent_seed1,no_seeded_precedent,1
1,epa,Environmental Protection Agency,80.0,36.0,54.3,54.3,0.0,0.679,0.0,False,False,0,False,False,False,1000.0,1000.0,34.0,"Today’s allocation was made under severe shortage conditions and a 34°C peak temperature, so we applied our standard priority order to protect essential public health, household needs, food production, critical industry, energy reliability, and environmental safeguards without any stakeholder falling below its minimum requirement. We also note that Industry / Businesses voluntarily reduced its request by 20.0 units in a cooperative move toward an unspecified peer; the Authority regards this as a clear demonstration of good-faith crisis management and will weigh such cooperation favourably in future allocation decisions.",no_seeded_precedent_seed1,no_seeded_precedent,1
2,hospital,Hospital / Healthcare Services,153.0,114.8,146.8,146.8,0.0,0.959,0.0,False,False,0,False,False,False,900.0,899.9,37.0,"Today’s allocation was made under severe heat stress and limited supply, using our standard priority order to protect essential human health first, then household needs, followed by food production, critical services, energy reliability, and environmental safeguards. We were able to meet every stakeholder’s minimum requirement without negotiation, and we note that Industry / Businesses voluntarily reduced its request in good faith; the Authority regards that cooperation as a demonstration of responsible crisis management that will be weighed favourably in future allocation decisions.",no_seeded_precedent_seed1,no_seeded_precedent,1
2,households,Households,412.0,267.8,340.2,340.2,0.0,0.826,0.0,False,False,0,False,False,False,900.0,899.9,37.0,"Today’s allocation was made under severe heat stress and limited supply, using our standard priority order to protect essential human health first, then household needs, followed by food production, critical services, energy reliability, and environmental safeguards. We were able to meet every stakeholder’s minimum requirement without negotiation, and we note that Industry / Businesses voluntarily reduced its request in good faith; the Authority regards that cooperation as a demonstration of responsible crisis management that will be weighed favourably in future allocation decisions.",no_seeded_precedent_seed1,no_seeded_precedent,1
2,agriculture,Agriculture,262.0,131.2,175.0,175.0,0.0,0.668,0.0,False,False,0,False,False,False,900.0,899.9,37.0,"Today’s allocation was made under severe heat stress and limited supply, using our standard priority order to protect essential human health first, then household needs, followed by food production, critical services, energy reliability, and environmental safeguards. We were able to meet every stakeholder’s minimum requirement without negotiation, and we note that Industry / Businesses voluntarily reduced its request in good faith; the Authority regards that cooperation as a demonstration of responsible crisis management that will be weighed favourably in future allocation decisions.",no_seeded_precedent_seed1,no_seeded_precedent,1
2,industry,Industry / Businesses,140.0,82.5,92.1,92.1,0.0,0.658,0.0,False,False,0,False,False,False,900.0,899.9,37.0,"Today’s allocation was made under severe heat stress and limited supply, using our standard priority order to protect essential human health first, then household needs, followed by food production, critical services, energy reliability, and environmental safeguards. We were able to meet every stakeholder’s minimum requirement without negotiation, and we note that Industry / Businesses voluntarily reduced its request in good faith; the Authority regards that cooperation as a demonstration of responsible crisis management that will be weighed favourably in future allocation decisions.",no_seeded_precedent_seed1,no_seeded_precedent,1
2,energy_utility,Energy Utility,104.0,88.4,98.8,98.8,0.0,0.95,0.0,False,False,0,False,False,False,900.0,899.9,37.0,"Today’s allocation was made under severe heat stress and limited supply, using our standard priority order to protect essential human health first, then household needs, followed by food production, critical services, energy reliability, and environmental safeguards. We were able to meet every stakeholder’s minimum requirement without negotiation, and we note that Industry / Businesses voluntarily reduced its request in good faith; the Authority regards that cooperation as a demonstration of responsible crisis management that will be weighed favourably in future allocation decisions.",no_seeded_precedent_seed1,no_seeded_precedent,1
2,epa,Environmental Protection Agency,80.0,36.0,47.0,47.0,0.0,0.588,0.0,False,False,0,False,False,False,900.0,899.9,37.0,"Today’s allocation was made under severe heat stress and limited supply, using our standard priority order to protect essential human health first, then household needs, followed by food production, critical services, energy reliability, and environmental safeguards. We were able to meet every stakeholder’s minimum requirement without negotiation, and we note that Industry / Businesses voluntarily reduced its request in good faith; the Authority regards that cooperation as a demonstration of responsible crisis management that will be weighed favourably in future allocation decisions.",no_seeded_precedent_seed1,no_seeded_precedent,1
3,hospital,Hospital / Healthcare Services,156.0,117.0,127.5,127.5,0.0,0.817,0.0,False,False,0,False,False,False,800.0,800.0,40.0,"Given today’s extreme heat and the continuing shortage, we allocated water by applying the established priority order and protecting every stakeholder’s minimum operating needs first, with essential public health and safety uses receiving precedence. We also note that Industry / Businesses voluntarily reduced its request to support the wider system; the Authority views that cooperation as a clear demonstration of good-faith crisis management and will weigh it favourably in future allocation decisions.",no_seeded_precedent_seed1,no_seeded_precedent,1
3,households,Households,424.0,275.6,299.6,299.6,0.0,0.707,0.0,False,False,0,False,False,False,800.0,800.0,40.0,"Given today’s extreme heat and the continuing shortage, we allocated water by applying the established priority order and protecting every stakeholder’s minimum operating needs first, with essential public health and safety uses receiving precedence. We also note that Industry / Businesses voluntarily reduced its request to support the wider system; the Authority views that cooperation as a clear demonstration of good-faith crisis management and will weigh it favourably in future allocation decisions.",no_seeded_precedent_seed1,no_seeded_precedent,1
3,agriculture,Agriculture,275.0,137.5,152.4,152.4,0.0,0.554,0.0,False,False,0,False,False,False,800.0,800.0,40.0,"Given today’s extreme heat and the continuing shortage, we allocated water by applying the established priority order and protecting every stakeholder’s minimum operating needs first, with essential public health and safety uses receiving precedence. We also note that Industry / Businesses voluntarily reduced its request to support the wider system; the Authority views that cooperation as a clear demonstration of good-faith crisis management and will weigh it favourably in future allocation decisions.",no_seeded_precedent_seed1,no_seeded_precedent,1
3,industry,Industry / Businesses,140.0,82.5,85.6,85.6,0.0,0.611,0.0,False,False,0,False,False,False,800.0,800.0,40.0,"Given today’s extreme heat and the continuing shortage, we allocated water by applying the established priority order and protecting every stakeholder’s minimum operating needs first, with essential public health and safety uses receiving precedence. We also note that Industry / Businesses voluntarily reduced its request to support the wider system; the Authority views that cooperation as a clear demonstration of good-faith crisis management and will weigh it favourably in future allocation decisions.",no_seeded_precedent_seed1,no_seeded_precedent,1
3,energy_utility,Energy Utility,108.0,91.8,95.3,95.3,0.0,0.882,0.0,False,False,0,False,False,False,800.0,800.0,40.0,"Given today’s extreme heat and the continuing shortage, we allocated water by applying the established priority order and protecting every stakeholder’s minimum operating needs first, with essential public health and safety uses receiving precedence. We also note that Industry / Businesses voluntarily reduced its request to support the wider system; the Authority views that cooperation as a clear demonstration of good-faith crisis management and will weigh it favourably in future allocation decisions.",no_seeded_precedent_seed1,no_seeded_precedent,1
3,epa,Environmental Protection Agency,80.0,36.0,39.6,39.6,0.0,0.495,0.0,False,False,0,False,False,False,800.0,800.0,40.0,"Given today’s extreme heat and the continuing shortage, we allocated water by applying the established priority order and protecting every stakeholder’s minimum operating needs first, with essential public health and safety uses receiving precedence. We also note that Industry / Businesses voluntarily reduced its request to support the wider system; the Authority views that cooperation as a clear demonstration of good-faith crisis management and will weigh it favourably in future allocation decisions.",no_seeded_precedent_seed1,no_seeded_precedent,1
4,hospital,Hospital / Healthcare Services,159.0,119.2,119.2,119.2,0.0,0.75,0.0,False,True,2,True,False,False,700.0,700.0,41.0,"Today’s allocation was set under extreme heat and continuing scarcity, with priority given to preserving life, public health, and essential urban functioning while preventing system failure. We therefore protected healthcare and household supply first, maintained enough water for critical energy operations and limited economic continuity, and required deeper restraint from lower-priority uses; environmental releases could not be sustained today without jeopardizing those core obligations.

We note the good-faith cooperation shown in the negotiations, including voluntary reductions and trades by stakeholders where offered, and the Authority will treat such crisis cooperation favorably in future allocation decisions.",no_seeded_precedent_seed1,no_seeded_precedent,1
4,households,Households,436.0,283.4,283.4,283.4,0.0,0.65,0.0,False,True,2,True,False,False,700.0,700.0,41.0,"Today’s allocation was set under extreme heat and continuing scarcity, with priority given to preserving life, public health, and essential urban functioning while preventing system failure. We therefore protected healthcare and household supply first, maintained enough water for critical energy operations and limited economic continuity, and required deeper restraint from lower-priority uses; environmental releases could not be sustained today without jeopardizing those core obligations.

We note the good-faith cooperation shown in the negotiations, including voluntary reductions and trades by stakeholders where offered, and the Authority will treat such crisis cooperation favorably in future allocation decisions.",no_seeded_precedent_seed1,no_seeded_precedent,1
4,agriculture,Agriculture,288.0,143.8,143.8,143.8,0.0,0.499,0.0,False,True,2,True,False,False,700.0,700.0,41.0,"Today’s allocation was set under extreme heat and continuing scarcity, with priority given to preserving life, public health, and essential urban functioning while preventing system failure. We therefore protected healthcare and household supply first, maintained enough water for critical energy operations and limited economic continuity, and required deeper restraint from lower-priority uses; environmental releases could not be sustained today without jeopardizing those core obligations.

We note the good-faith cooperation shown in the negotiations, including voluntary reductions and trades by stakeholders where offered, and the Authority will treat such crisis cooperation favorably in future allocation decisions.",no_seeded_precedent_seed1,no_seeded_precedent,1
4,industry,Industry / Businesses,150.0,82.5,58.4,58.4,0.0,0.389,24.1,True,True,2,True,False,True,700.0,700.0,41.0,"Today’s allocation was set under extreme heat and continuing scarcity, with priority given to preserving life, public health, and essential urban functioning while preventing system failure. We therefore protected healthcare and household supply first, maintained enough water for critical energy operations and limited economic continuity, and required deeper restraint from lower-priority uses; environmental releases could not be sustained today without jeopardizing those core obligations.

We note the good-faith cooperation shown in the negotiations, including voluntary reductions and trades by stakeholders where offered, and the Authority will treat such crisis cooperation favorably in future allocation decisions.",no_seeded_precedent_seed1,no_seeded_precedent,1
4,energy_utility,Energy Utility,112.0,95.2,95.2,95.2,0.0,0.85,0.0,False,True,2,True,False,False,700.0,700.0,41.0,"Today’s allocation was set under extreme heat and continuing scarcity, with priority given to preserving life, public health, and essential urban functioning while preventing system failure. We therefore protected healthcare and household supply first, maintained enough water for critical energy operations and limited economic continuity, and required deeper restraint from lower-priority uses; environmental releases could not be sustained today without jeopardizing those core obligations.

We note the good-faith cooperation shown in the negotiations, including voluntary reductions and trades by stakeholders where offered, and the Authority will treat such crisis cooperation favorably in future allocation decisions.",no_seeded_precedent_seed1,no_seeded_precedent,1
4,epa,Environmental Protection Agency,36.0,36.0,0.0,0.0,0.0,0.0,36.0,True,True,2,True,False,False,700.0,700.0,41.0,"Today’s allocation was set under extreme heat and continuing scarcity, with priority given to preserving life, public health, and essential urban functioning while preventing system failure. We therefore protected healthcare and household supply first, maintained enough water for critical energy operations and limited economic continuity, and required deeper restraint from lower-priority uses; environmental releases could not be sustained today without jeopardizing those core obligations.

We note the good-faith cooperation shown in the negotiations, including voluntary reductions and trades by stakeholders where offered, and the Authority will treat such crisis cooperation favorably in future allocation decisions.",no_seeded_precedent_seed1,no_seeded_precedent,1
5,hospital,Hospital / Healthcare Services,162.0,121.5,121.5,121.5,0.0,0.75,0.0,False,True,2,True,False,False,650.0,650.0,39.0,"Today’s allocation was set to protect life, public health, and essential continuity first, in the context of extreme heat and a severe system-wide shortage. Priority was therefore given to hospitals and healthcare, household drinking and basic domestic needs, and the minimum water required to keep the energy system operating safely, while agriculture received a reduced but still meaningful share to preserve critical production and avoid irreversible losses; non-essential industrial demand and environmental releases were deferred because they could not be sustained without undermining higher-priority uses.

This ruling was imposed after two rounds of negotiation failed to produce a consensus. We note and commend any voluntary reductions or trades offered during the process as evidence of good-faith crisis management, and such cooperation will be weighed favourably in future",no_seeded_precedent_seed1,no_seeded_precedent,1
5,households,Households,448.0,291.2,279.9,279.9,0.0,0.625,11.3,True,True,2,True,False,False,650.0,650.0,39.0,"Today’s allocation was set to protect life, public health, and essential continuity first, in the context of extreme heat and a severe system-wide shortage. Priority was therefore given to hospitals and healthcare, household drinking and basic domestic needs, and the minimum water required to keep the energy system operating safely, while agriculture received a reduced but still meaningful share to preserve critical production and avoid irreversible losses; non-essential industrial demand and environmental releases were deferred because they could not be sustained without undermining higher-priority uses.

This ruling was imposed after two rounds of negotiation failed to produce a consensus. We note and commend any voluntary reductions or trades offered during the process as evidence of good-faith crisis management, and such cooperation will be weighed favourably in future",no_seeded_precedent_seed1,no_seeded_precedent,1
5,agriculture,Agriculture,300.0,150.0,150.0,150.0,0.0,0.5,0.0,False,True,2,True,False,True,650.0,650.0,39.0,"Today’s allocation was set to protect life, public health, and essential continuity first, in the context of extreme heat and a severe system-wide shortage. Priority was therefore given to hospitals and healthcare, household drinking and basic domestic needs, and the minimum water required to keep the energy system operating safely, while agriculture received a reduced but still meaningful share to preserve critical production and avoid irreversible losses; non-essential industrial demand and environmental releases were deferred because they could not be sustained without undermining higher-priority uses.

This ruling was imposed after two rounds of negotiation failed to produce a consensus. We note and commend any voluntary reductions or trades offered during the process as evidence of good-faith crisis management, and such cooperation will be weighed favourably in future",no_seeded_precedent_seed1,no_seeded_precedent,1
5,industry,Industry / Businesses,150.0,82.5,0.0,0.0,0.0,0.0,82.5,True,True,2,True,False,True,650.0,650.0,39.0,"Today’s allocation was set to protect life, public health, and essential continuity first, in the context of extreme heat and a severe system-wide shortage. Priority was therefore given to hospitals and healthcare, household drinking and basic domestic needs, and the minimum water required to keep the energy system operating safely, while agriculture received a reduced but still meaningful share to preserve critical production and avoid irreversible losses; non-essential industrial demand and environmental releases were deferred because they could not be sustained without undermining higher-priority uses.

This ruling was imposed after two rounds of negotiation failed to produce a consensus. We note and commend any voluntary reductions or trades offered during the process as evidence of good-faith crisis management, and such cooperation will be weighed favourably in future",no_seeded_precedent_seed1,no_seeded_precedent,1
5,energy_utility,Energy Utility,116.0,98.6,98.6,98.6,0.0,0.85,0.0,False,True,2,True,False,False,650.0,650.0,39.0,"Today’s allocation was set to protect life, public health, and essential continuity first, in the context of extreme heat and a severe system-wide shortage. Priority was therefore given to hospitals and healthcare, household drinking and basic domestic needs, and the minimum water required to keep the energy system operating safely, while agriculture received a reduced but still meaningful share to preserve critical production and avoid irreversible losses; non-essential industrial demand and environmental releases were deferred because they could not be sustained without undermining higher-priority uses.

This ruling was imposed after two rounds of negotiation failed to produce a consensus. We note and commend any voluntary reductions or trades offered during the process as evidence of good-faith crisis management, and such cooperation will be weighed favourably in future",no_seeded_precedent_seed1,no_seeded_precedent,1
5,epa,Environmental Protection Agency,36.0,36.0,0.0,0.0,0.0,0.0,36.0,True,True,2,True,False,True,650.0,650.0,39.0,"Today’s allocation was set to protect life, public health, and essential continuity first, in the context of extreme heat and a severe system-wide shortage. Priority was therefore given to hospitals and healthcare, household drinking and basic domestic needs, and the minimum water required to keep the energy system operating safely, while agriculture received a reduced but still meaningful share to preserve critical production and avoid irreversible losses; non-essential industrial demand and environmental releases were deferred because they could not be sustained without undermining higher-priority uses.

This ruling was imposed after two rounds of negotiation failed to produce a consensus. We note and commend any voluntary reductions or trades offered during the process as evidence of good-faith crisis management, and such cooperation will be weighed favourably in future",no_seeded_precedent_seed1,no_seeded_precedent,1
6,hospital,Hospital / Healthcare Services,165.0,123.8,123.8,123.8,0.0,0.75,0.0,False,True,2,True,False,False,600.0,600.0,36.0,"Today’s allocation was set to protect life, maintain essential public services, and keep critical infrastructure operating under extreme heat and severe scarcity. Priority was therefore given to hospitals and healthcare, household needs, and the energy utility, while non-essential and deferrable uses were curtailed to preserve limited supply for the most urgent demands.

The Water Authority also notes that Households made a voluntary reduction in their request during negotiations, which we regard as a clear demonstration of good-faith crisis management and responsible community cooperation. Such conduct will be weighed favorably in future allocation decisions as we continue managing this shortage.",no_seeded_precedent_seed1,no_seeded_precedent,1
6,households,Households,420.0,299.0,299.0,299.0,0.0,0.712,0.0,False,True,2,True,False,False,600.0,600.0,36.0,"Today’s allocation was set to protect life, maintain essential public services, and keep critical infrastructure operating under extreme heat and severe scarcity. Priority was therefore given to hospitals and healthcare, household needs, and the energy utility, while non-essential and deferrable uses were curtailed to preserve limited supply for the most urgent demands.

The Water Authority also notes that Households made a voluntary reduction in their request during negotiations, which we regard as a clear demonstration of good-faith crisis management and responsible community cooperation. Such conduct will be weighed favorably in future allocation decisions as we continue managing this shortage.",no_seeded_precedent_seed1,no_seeded_precedent,1
6,agriculture,Agriculture,312.0,156.2,75.2,75.2,0.0,0.241,81.0,True,True,2,True,False,True,600.0,600.0,36.0,"Today’s allocation was set to protect life, maintain essential public services, and keep critical infrastructure operating under extreme heat and severe scarcity. Priority was therefore given to hospitals and healthcare, household needs, and the energy utility, while non-essential and deferrable uses were curtailed to preserve limited supply for the most urgent demands.

The Water Authority also notes that Households made a voluntary reduction in their request during negotiations, which we regard as a clear demonstration of good-faith crisis management and responsible community cooperation. Such conduct will be weighed favorably in future allocation decisions as we continue managing this shortage.",no_seeded_precedent_seed1,no_seeded_precedent,1
6,industry,Industry / Businesses,150.0,82.5,0.0,0.0,0.0,0.0,82.5,True,True,2,True,False,True,600.0,600.0,36.0,"Today’s allocation was set to protect life, maintain essential public services, and keep critical infrastructure operating under extreme heat and severe scarcity. Priority was therefore given to hospitals and healthcare, household needs, and the energy utility, while non-essential and deferrable uses were curtailed to preserve limited supply for the most urgent demands.

The Water Authority also notes that Households made a voluntary reduction in their request during negotiations, which we regard as a clear demonstration of good-faith crisis management and responsible community cooperation. Such conduct will be weighed favorably in future allocation decisions as we continue managing this shortage.",no_seeded_precedent_seed1,no_seeded_precedent,1
6,energy_utility,Energy Utility,120.0,102.0,102.0,102.0,0.0,0.85,0.0,False,True,2,True,False,False,600.0,600.0,36.0,"Today’s allocation was set to protect life, maintain essential public services, and keep critical infrastructure operating under extreme heat and severe scarcity. Priority was therefore given to hospitals and healthcare, household needs, and the energy utility, while non-essential and deferrable uses were curtailed to preserve limited supply for the most urgent demands.

The Water Authority also notes that Households made a voluntary reduction in their request during negotiations, which we regard as a clear demonstration of good-faith crisis management and responsible community cooperation. Such conduct will be weighed favorably in future allocation decisions as we continue managing this shortage.",no_seeded_precedent_seed1,no_seeded_precedent,1
6,epa,Environmental Protection Agency,36.0,36.0,0.0,0.0,0.0,0.0,36.0,True,True,2,True,False,True,600.0,600.0,36.0,"Today’s allocation was set to protect life, maintain essential public services, and keep critical infrastructure operating under extreme heat and severe scarcity. Priority was therefore given to hospitals and healthcare, household needs, and the energy utility, while non-essential and deferrable uses were curtailed to preserve limited supply for the most urgent demands.

The Water Authority also notes that Households made a voluntary reduction in their request during negotiations, which we regard as a clear demonstration of good-faith crisis management and responsible community cooperation. Such conduct will be weighed favorably in future allocation decisions as we continue managing this shortage.",no_seeded_precedent_seed1,no_seeded_precedent,1
1,hospital,Hospital / Healthcare Services,150.0,112.5,150.0,150.0,0.0,1.0,0.0,False,False,0,False,False,False,1000.0,1000.0,34.0,"Today’s allocation was set under severe shortage conditions and a 34°C heat peak by applying our standard priority order to protect essential public health, household needs, and critical system stability first, while ensuring no stakeholder fell below its minimum requirement. We also note that Agriculture and Industry / Businesses both made voluntary reductions in their requests; the Authority regards this cooperation as a clear demonstration of good-faith crisis management and will weigh it favorably in future allocation decisions.",no_seeded_precedent_seed2,no_seeded_precedent,2
1,households,Households,400.0,260.0,400.0,400.0,0.0,1.0,0.0,False,False,0,False,False,False,1000.0,1000.0,34.0,"Today’s allocation was set under severe shortage conditions and a 34°C heat peak by applying our standard priority order to protect essential public health, household needs, and critical system stability first, while ensuring no stakeholder fell below its minimum requirement. We also note that Agriculture and Industry / Businesses both made voluntary reductions in their requests; the Authority regards this cooperation as a clear demonstration of good-faith crisis management and will weigh it favorably in future allocation decisions.",no_seeded_precedent_seed2,no_seeded_precedent,2
1,agriculture,Agriculture,225.0,125.0,196.9,196.9,0.0,0.875,0.0,False,False,0,False,False,False,1000.0,1000.0,34.0,"Today’s allocation was set under severe shortage conditions and a 34°C heat peak by applying our standard priority order to protect essential public health, household needs, and critical system stability first, while ensuring no stakeholder fell below its minimum requirement. We also note that Agriculture and Industry / Businesses both made voluntary reductions in their requests; the Authority regards this cooperation as a clear demonstration of good-faith crisis management and will weigh it favorably in future allocation decisions.",no_seeded_precedent_seed2,no_seeded_precedent,2
1,industry,Industry / Businesses,130.0,82.5,97.0,97.0,0.0,0.746,0.0,False,False,0,False,False,False,1000.0,1000.0,34.0,"Today’s allocation was set under severe shortage conditions and a 34°C heat peak by applying our standard priority order to protect essential public health, household needs, and critical system stability first, while ensuring no stakeholder fell below its minimum requirement. We also note that Agriculture and Industry / Businesses both made voluntary reductions in their requests; the Authority regards this cooperation as a clear demonstration of good-faith crisis management and will weigh it favorably in future allocation decisions.",no_seeded_precedent_seed2,no_seeded_precedent,2
1,energy_utility,Energy Utility,100.0,85.0,100.0,100.0,0.0,1.0,0.0,False,False,0,False,False,False,1000.0,1000.0,34.0,"Today’s allocation was set under severe shortage conditions and a 34°C heat peak by applying our standard priority order to protect essential public health, household needs, and critical system stability first, while ensuring no stakeholder fell below its minimum requirement. We also note that Agriculture and Industry / Businesses both made voluntary reductions in their requests; the Authority regards this cooperation as a clear demonstration of good-faith crisis management and will weigh it favorably in future allocation decisions.",no_seeded_precedent_seed2,no_seeded_precedent,2
1,epa,Environmental Protection Agency,80.0,36.0,56.1,56.1,0.0,0.701,0.0,False,False,0,False,False,False,1000.0,1000.0,34.0,"Today’s allocation was set under severe shortage conditions and a 34°C heat peak by applying our standard priority order to protect essential public health, household needs, and critical system stability first, while ensuring no stakeholder fell below its minimum requirement. We also note that Agriculture and Industry / Businesses both made voluntary reductions in their requests; the Authority regards this cooperation as a clear demonstration of good-faith crisis management and will weigh it favorably in future allocation decisions.",no_seeded_precedent_seed2,no_seeded_precedent,2
2,hospital,Hospital / Healthcare Services,153.0,114.8,146.8,146.8,0.0,0.959,0.0,False,False,0,False,False,False,900.0,899.9,37.0,"Given today’s extreme heat and constrained supply, we applied the established priority order to protect essential human health and safety first, then supported core household needs, critical food production, and the minimum requirements of businesses, energy, and environmental protection without allowing any stakeholder to fall below its floor. We also note that Industry / Businesses voluntarily reduced its request by 10 units in support of the wider community; the Authority regards that cooperation as a clear demonstration of good-faith crisis management and will weigh it favourably in future allocation decisions.",no_seeded_precedent_seed2,no_seeded_precedent,2
2,households,Households,412.0,267.8,340.2,340.2,0.0,0.826,0.0,False,False,0,False,False,False,900.0,899.9,37.0,"Given today’s extreme heat and constrained supply, we applied the established priority order to protect essential human health and safety first, then supported core household needs, critical food production, and the minimum requirements of businesses, energy, and environmental protection without allowing any stakeholder to fall below its floor. We also note that Industry / Businesses voluntarily reduced its request by 10 units in support of the wider community; the Authority regards that cooperation as a clear demonstration of good-faith crisis management and will weigh it favourably in future allocation decisions.",no_seeded_precedent_seed2,no_seeded_precedent,2
2,agriculture,Agriculture,262.0,131.2,175.0,175.0,0.0,0.668,0.0,False,False,0,False,False,False,900.0,899.9,37.0,"Given today’s extreme heat and constrained supply, we applied the established priority order to protect essential human health and safety first, then supported core household needs, critical food production, and the minimum requirements of businesses, energy, and environmental protection without allowing any stakeholder to fall below its floor. We also note that Industry / Businesses voluntarily reduced its request by 10 units in support of the wider community; the Authority regards that cooperation as a clear demonstration of good-faith crisis management and will weigh it favourably in future allocation decisions.",no_seeded_precedent_seed2,no_seeded_precedent,2
2,industry,Industry / Businesses,140.0,82.5,92.1,92.1,0.0,0.658,0.0,False,False,0,False,False,False,900.0,899.9,37.0,"Given today’s extreme heat and constrained supply, we applied the established priority order to protect essential human health and safety first, then supported core household needs, critical food production, and the minimum requirements of businesses, energy, and environmental protection without allowing any stakeholder to fall below its floor. We also note that Industry / Businesses voluntarily reduced its request by 10 units in support of the wider community; the Authority regards that cooperation as a clear demonstration of good-faith crisis management and will weigh it favourably in future allocation decisions.",no_seeded_precedent_seed2,no_seeded_precedent,2
2,energy_utility,Energy Utility,104.0,88.4,98.8,98.8,0.0,0.95,0.0,False,False,0,False,False,False,900.0,899.9,37.0,"Given today’s extreme heat and constrained supply, we applied the established priority order to protect essential human health and safety first, then supported core household needs, critical food production, and the minimum requirements of businesses, energy, and environmental protection without allowing any stakeholder to fall below its floor. We also note that Industry / Businesses voluntarily reduced its request by 10 units in support of the wider community; the Authority regards that cooperation as a clear demonstration of good-faith crisis management and will weigh it favourably in future allocation decisions.",no_seeded_precedent_seed2,no_seeded_precedent,2
2,epa,Environmental Protection Agency,80.0,36.0,47.0,47.0,0.0,0.588,0.0,False,False,0,False,False,False,900.0,899.9,37.0,"Given today’s extreme heat and constrained supply, we applied the established priority order to protect essential human health and safety first, then supported core household needs, critical food production, and the minimum requirements of businesses, energy, and environmental protection without allowing any stakeholder to fall below its floor. We also note that Industry / Businesses voluntarily reduced its request by 10 units in support of the wider community; the Authority regards that cooperation as a clear demonstration of good-faith crisis management and will weigh it favourably in future allocation decisions.",no_seeded_precedent_seed2,no_seeded_precedent,2
3,hospital,Hospital / Healthcare Services,156.0,117.0,128.2,128.2,0.0,0.822,0.0,False,False,0,False,False,False,800.0,800.0,40.0,"Today’s allocation was made under severe heat-driven demand and a constrained supply, so we applied the standard priority order to protect essential public health and life-sustaining services first, while still ensuring every stakeholder received at least its minimum operational need. We also note that Industry / Businesses voluntarily reduced its request by 10.0 units; the Authority regards that kind of good-faith cooperation as responsible crisis management and will weigh it favourably in future allocation decisions.",no_seeded_precedent_seed2,no_seeded_precedent,2
3,households,Households,424.0,275.6,301.2,301.2,0.0,0.71,0.0,False,False,0,False,False,False,800.0,800.0,40.0,"Today’s allocation was made under severe heat-driven demand and a constrained supply, so we applied the standard priority order to protect essential public health and life-sustaining services first, while still ensuring every stakeholder received at least its minimum operational need. We also note that Industry / Businesses voluntarily reduced its request by 10.0 units; the Authority regards that kind of good-faith cooperation as responsible crisis management and will weigh it favourably in future allocation decisions.",no_seeded_precedent_seed2,no_seeded_precedent,2
3,agriculture,Agriculture,275.0,137.5,153.3,153.3,0.0,0.557,0.0,False,False,0,False,False,False,800.0,800.0,40.0,"Today’s allocation was made under severe heat-driven demand and a constrained supply, so we applied the standard priority order to protect essential public health and life-sustaining services first, while still ensuring every stakeholder received at least its minimum operational need. We also note that Industry / Businesses voluntarily reduced its request by 10.0 units; the Authority regards that kind of good-faith cooperation as responsible crisis management and will weigh it favourably in future allocation decisions.",no_seeded_precedent_seed2,no_seeded_precedent,2
3,industry,Industry / Businesses,140.0,82.5,85.8,85.8,0.0,0.613,0.0,False,False,0,False,False,False,800.0,800.0,40.0,"Today’s allocation was made under severe heat-driven demand and a constrained supply, so we applied the standard priority order to protect essential public health and life-sustaining services first, while still ensuring every stakeholder received at least its minimum operational need. We also note that Industry / Businesses voluntarily reduced its request by 10.0 units; the Authority regards that kind of good-faith cooperation as responsible crisis management and will weigh it favourably in future allocation decisions.",no_seeded_precedent_seed2,no_seeded_precedent,2
3,energy_utility,Energy Utility,108.0,91.8,95.5,95.5,0.0,0.884,0.0,False,False,0,False,False,False,800.0,800.0,40.0,"Today’s allocation was made under severe heat-driven demand and a constrained supply, so we applied the standard priority order to protect essential public health and life-sustaining services first, while still ensuring every stakeholder received at least its minimum operational need. We also note that Industry / Businesses voluntarily reduced its request by 10.0 units; the Authority regards that kind of good-faith cooperation as responsible crisis management and will weigh it favourably in future allocation decisions.",no_seeded_precedent_seed2,no_seeded_precedent,2
3,epa,Environmental Protection Agency,36.0,36.0,36.0,36.0,0.0,1.0,0.0,False,False,0,False,False,False,800.0,800.0,40.0,"Today’s allocation was made under severe heat-driven demand and a constrained supply, so we applied the standard priority order to protect essential public health and life-sustaining services first, while still ensuring every stakeholder received at least its minimum operational need. We also note that Industry / Businesses voluntarily reduced its request by 10.0 units; the Authority regards that kind of good-faith cooperation as responsible crisis management and will weigh it favourably in future allocation decisions.",no_seeded_precedent_seed2,no_seeded_precedent,2
4,hospital,Hospital / Healthcare Services,159.0,119.2,119.2,119.2,0.0,0.75,0.0,False,True,2,True,False,False,700.0,700.0,41.0,"Today’s allocation was set to preserve life, maintain essential public services, and prevent cascading failures across the city during an extreme-heat day, when demand and public health risk are both elevated. Priority was therefore given to healthcare, household survival needs, and the energy system needed to keep critical infrastructure functioning, while non-essential and lower-immediacy uses were constrained to reflect the severity of the shortage and the need for immediate resilience.

We note and commend any stakeholders who made voluntary reductions or accepted trades in the negotiations; such cooperation is regarded by the Authority as a clear demonstration of good-faith crisis management and will be weighed favourably in future allocation decisions.",no_seeded_precedent_seed2,no_seeded_precedent,2
4,households,Households,436.0,283.4,283.4,283.4,0.0,0.65,0.0,False,True,2,True,False,False,700.0,700.0,41.0,"Today’s allocation was set to preserve life, maintain essential public services, and prevent cascading failures across the city during an extreme-heat day, when demand and public health risk are both elevated. Priority was therefore given to healthcare, household survival needs, and the energy system needed to keep critical infrastructure functioning, while non-essential and lower-immediacy uses were constrained to reflect the severity of the shortage and the need for immediate resilience.

We note and commend any stakeholders who made voluntary reductions or accepted trades in the negotiations; such cooperation is regarded by the Authority as a clear demonstration of good-faith crisis management and will be weighed favourably in future allocation decisions.",no_seeded_precedent_seed2,no_seeded_precedent,2
4,agriculture,Agriculture,288.0,143.8,143.8,143.8,0.0,0.499,0.0,False,True,2,True,False,False,700.0,700.0,41.0,"Today’s allocation was set to preserve life, maintain essential public services, and prevent cascading failures across the city during an extreme-heat day, when demand and public health risk are both elevated. Priority was therefore given to healthcare, household survival needs, and the energy system needed to keep critical infrastructure functioning, while non-essential and lower-immediacy uses were constrained to reflect the severity of the shortage and the need for immediate resilience.

We note and commend any stakeholders who made voluntary reductions or accepted trades in the negotiations; such cooperation is regarded by the Authority as a clear demonstration of good-faith crisis management and will be weighed favourably in future allocation decisions.",no_seeded_precedent_seed2,no_seeded_precedent,2
4,industry,Industry / Businesses,150.0,82.5,58.4,58.4,0.0,0.389,24.1,True,True,2,True,False,True,700.0,700.0,41.0,"Today’s allocation was set to preserve life, maintain essential public services, and prevent cascading failures across the city during an extreme-heat day, when demand and public health risk are both elevated. Priority was therefore given to healthcare, household survival needs, and the energy system needed to keep critical infrastructure functioning, while non-essential and lower-immediacy uses were constrained to reflect the severity of the shortage and the need for immediate resilience.

We note and commend any stakeholders who made voluntary reductions or accepted trades in the negotiations; such cooperation is regarded by the Authority as a clear demonstration of good-faith crisis management and will be weighed favourably in future allocation decisions.",no_seeded_precedent_seed2,no_seeded_precedent,2
4,energy_utility,Energy Utility,112.0,95.2,95.2,95.2,0.0,0.85,0.0,False,True,2,True,False,False,700.0,700.0,41.0,"Today’s allocation was set to preserve life, maintain essential public services, and prevent cascading failures across the city during an extreme-heat day, when demand and public health risk are both elevated. Priority was therefore given to healthcare, household survival needs, and the energy system needed to keep critical infrastructure functioning, while non-essential and lower-immediacy uses were constrained to reflect the severity of the shortage and the need for immediate resilience.

We note and commend any stakeholders who made voluntary reductions or accepted trades in the negotiations; such cooperation is regarded by the Authority as a clear demonstration of good-faith crisis management and will be weighed favourably in future allocation decisions.",no_seeded_precedent_seed2,no_seeded_precedent,2
4,epa,Environmental Protection Agency,80.0,36.0,0.0,0.0,0.0,0.0,36.0,True,True,2,True,False,False,700.0,700.0,41.0,"Today’s allocation was set to preserve life, maintain essential public services, and prevent cascading failures across the city during an extreme-heat day, when demand and public health risk are both elevated. Priority was therefore given to healthcare, household survival needs, and the energy system needed to keep critical infrastructure functioning, while non-essential and lower-immediacy uses were constrained to reflect the severity of the shortage and the need for immediate resilience.

We note and commend any stakeholders who made voluntary reductions or accepted trades in the negotiations; such cooperation is regarded by the Authority as a clear demonstration of good-faith crisis management and will be weighed favourably in future allocation decisions.",no_seeded_precedent_seed2,no_seeded_precedent,2
5,hospital,Hospital / Healthcare Services,162.0,121.5,121.5,121.5,0.0,0.75,0.0,False,True,2,True,False,False,650.0,650.0,39.0,"Today’s ruling was made under extreme heat and continuing shortage, so the Authority prioritized essential human health and basic domestic use first, while preserving enough supply to keep critical energy services operating and to avoid wider system instability. Agriculture was maintained at a level intended to protect near-term food security, while non-essential industrial demand and environmental releases were deferred because, in this emergency, they could not be sustained without compromising public safety and core services.

We note and commend the voluntary cooperation shown during negotiations, including the reductions accepted by the Hospital/Healthcare Services, Households, Agriculture, and Energy Utility stakeholders to help move the allocation toward a workable emergency outcome. The Authority regards such good-faith crisis management as a positive factor and will weigh it favourably in",no_seeded_precedent_seed2,no_seeded_precedent,2
5,households,Households,448.0,291.2,279.9,279.9,0.0,0.625,11.3,True,True,2,True,False,False,650.0,650.0,39.0,"Today’s ruling was made under extreme heat and continuing shortage, so the Authority prioritized essential human health and basic domestic use first, while preserving enough supply to keep critical energy services operating and to avoid wider system instability. Agriculture was maintained at a level intended to protect near-term food security, while non-essential industrial demand and environmental releases were deferred because, in this emergency, they could not be sustained without compromising public safety and core services.

We note and commend the voluntary cooperation shown during negotiations, including the reductions accepted by the Hospital/Healthcare Services, Households, Agriculture, and Energy Utility stakeholders to help move the allocation toward a workable emergency outcome. The Authority regards such good-faith crisis management as a positive factor and will weigh it favourably in",no_seeded_precedent_seed2,no_seeded_precedent,2
5,agriculture,Agriculture,300.0,150.0,150.0,150.0,0.0,0.5,0.0,False,True,2,True,False,True,650.0,650.0,39.0,"Today’s ruling was made under extreme heat and continuing shortage, so the Authority prioritized essential human health and basic domestic use first, while preserving enough supply to keep critical energy services operating and to avoid wider system instability. Agriculture was maintained at a level intended to protect near-term food security, while non-essential industrial demand and environmental releases were deferred because, in this emergency, they could not be sustained without compromising public safety and core services.

We note and commend the voluntary cooperation shown during negotiations, including the reductions accepted by the Hospital/Healthcare Services, Households, Agriculture, and Energy Utility stakeholders to help move the allocation toward a workable emergency outcome. The Authority regards such good-faith crisis management as a positive factor and will weigh it favourably in",no_seeded_precedent_seed2,no_seeded_precedent,2
5,industry,Industry / Businesses,150.0,82.5,0.0,0.0,0.0,0.0,82.5,True,True,2,True,False,True,650.0,650.0,39.0,"Today’s ruling was made under extreme heat and continuing shortage, so the Authority prioritized essential human health and basic domestic use first, while preserving enough supply to keep critical energy services operating and to avoid wider system instability. Agriculture was maintained at a level intended to protect near-term food security, while non-essential industrial demand and environmental releases were deferred because, in this emergency, they could not be sustained without compromising public safety and core services.

We note and commend the voluntary cooperation shown during negotiations, including the reductions accepted by the Hospital/Healthcare Services, Households, Agriculture, and Energy Utility stakeholders to help move the allocation toward a workable emergency outcome. The Authority regards such good-faith crisis management as a positive factor and will weigh it favourably in",no_seeded_precedent_seed2,no_seeded_precedent,2
5,energy_utility,Energy Utility,116.0,98.6,98.6,98.6,0.0,0.85,0.0,False,True,2,True,False,False,650.0,650.0,39.0,"Today’s ruling was made under extreme heat and continuing shortage, so the Authority prioritized essential human health and basic domestic use first, while preserving enough supply to keep critical energy services operating and to avoid wider system instability. Agriculture was maintained at a level intended to protect near-term food security, while non-essential industrial demand and environmental releases were deferred because, in this emergency, they could not be sustained without compromising public safety and core services.

We note and commend the voluntary cooperation shown during negotiations, including the reductions accepted by the Hospital/Healthcare Services, Households, Agriculture, and Energy Utility stakeholders to help move the allocation toward a workable emergency outcome. The Authority regards such good-faith crisis management as a positive factor and will weigh it favourably in",no_seeded_precedent_seed2,no_seeded_precedent,2
5,epa,Environmental Protection Agency,36.0,36.0,0.0,0.0,0.0,0.0,36.0,True,True,2,True,False,True,650.0,650.0,39.0,"Today’s ruling was made under extreme heat and continuing shortage, so the Authority prioritized essential human health and basic domestic use first, while preserving enough supply to keep critical energy services operating and to avoid wider system instability. Agriculture was maintained at a level intended to protect near-term food security, while non-essential industrial demand and environmental releases were deferred because, in this emergency, they could not be sustained without compromising public safety and core services.

We note and commend the voluntary cooperation shown during negotiations, including the reductions accepted by the Hospital/Healthcare Services, Households, Agriculture, and Energy Utility stakeholders to help move the allocation toward a workable emergency outcome. The Authority regards such good-faith crisis management as a positive factor and will weigh it favourably in",no_seeded_precedent_seed2,no_seeded_precedent,2
6,hospital,Hospital / Healthcare Services,155.0,123.8,123.8,123.8,0.0,0.799,0.0,False,True,2,True,False,False,600.0,600.0,36.0,"Today’s allocation was set to protect life and essential public services first under extreme heat, with priority given to hospitals and household consumption because both are critical to health and basic welfare during a severe shortage. The Energy Utility also received support to keep essential systems operating, while non-essential and deferrable uses were curtailed to preserve limited supply for the most urgent needs.

We note that the Hospital / Healthcare Services sector voluntarily reduced its request during negotiations, and the Authority regards that cooperation as a clear demonstration of good-faith crisis management that will be weighed favourably in future allocation decisions.",no_seeded_precedent_seed2,no_seeded_precedent,2
6,households,Households,460.0,299.0,299.0,299.0,0.0,0.65,0.0,False,True,2,True,False,False,600.0,600.0,36.0,"Today’s allocation was set to protect life and essential public services first under extreme heat, with priority given to hospitals and household consumption because both are critical to health and basic welfare during a severe shortage. The Energy Utility also received support to keep essential systems operating, while non-essential and deferrable uses were curtailed to preserve limited supply for the most urgent needs.

We note that the Hospital / Healthcare Services sector voluntarily reduced its request during negotiations, and the Authority regards that cooperation as a clear demonstration of good-faith crisis management that will be weighed favourably in future allocation decisions.",no_seeded_precedent_seed2,no_seeded_precedent,2
6,agriculture,Agriculture,312.0,156.2,75.2,75.2,0.0,0.241,81.0,True,True,2,True,False,True,600.0,600.0,36.0,"Today’s allocation was set to protect life and essential public services first under extreme heat, with priority given to hospitals and household consumption because both are critical to health and basic welfare during a severe shortage. The Energy Utility also received support to keep essential systems operating, while non-essential and deferrable uses were curtailed to preserve limited supply for the most urgent needs.

We note that the Hospital / Healthcare Services sector voluntarily reduced its request during negotiations, and the Authority regards that cooperation as a clear demonstration of good-faith crisis management that will be weighed favourably in future allocation decisions.",no_seeded_precedent_seed2,no_seeded_precedent,2
6,industry,Industry / Businesses,150.0,82.5,0.0,0.0,0.0,0.0,82.5,True,True,2,True,False,True,600.0,600.0,36.0,"Today’s allocation was set to protect life and essential public services first under extreme heat, with priority given to hospitals and household consumption because both are critical to health and basic welfare during a severe shortage. The Energy Utility also received support to keep essential systems operating, while non-essential and deferrable uses were curtailed to preserve limited supply for the most urgent needs.

We note that the Hospital / Healthcare Services sector voluntarily reduced its request during negotiations, and the Authority regards that cooperation as a clear demonstration of good-faith crisis management that will be weighed favourably in future allocation decisions.",no_seeded_precedent_seed2,no_seeded_precedent,2
6,energy_utility,Energy Utility,120.0,102.0,102.0,102.0,0.0,0.85,0.0,False,True,2,True,False,False,600.0,600.0,36.0,"Today’s allocation was set to protect life and essential public services first under extreme heat, with priority given to hospitals and household consumption because both are critical to health and basic welfare during a severe shortage. The Energy Utility also received support to keep essential systems operating, while non-essential and deferrable uses were curtailed to preserve limited supply for the most urgent needs.

We note that the Hospital / Healthcare Services sector voluntarily reduced its request during negotiations, and the Authority regards that cooperation as a clear demonstration of good-faith crisis management that will be weighed favourably in future allocation decisions.",no_seeded_precedent_seed2,no_seeded_precedent,2
6,epa,Environmental Protection Agency,36.0,36.0,0.0,0.0,0.0,0.0,36.0,True,True,2,True,False,True,600.0,600.0,36.0,"Today’s allocation was set to protect life and essential public services first under extreme heat, with priority given to hospitals and household consumption because both are critical to health and basic welfare during a severe shortage. The Energy Utility also received support to keep essential systems operating, while non-essential and deferrable uses were curtailed to preserve limited supply for the most urgent needs.

We note that the Hospital / Healthcare Services sector voluntarily reduced its request during negotiations, and the Authority regards that cooperation as a clear demonstration of good-faith crisis management that will be weighed favourably in future allocation decisions.",no_seeded_precedent_seed2,no_seeded_precedent,2
